autor,titulo,enlace,categoria_descriptores,vistas_reales,fecha_publicacion,duracion,duracion_segundos,latent_x,latent_y,latent_z,categoria_principal,tags
Ethan Davis,Music Production For Beginners (Step By Step Masterclass),https://www.youtube.com/watch?v=Hi72cCOPUQU,Beginner Guides (Beginner Guides),2532433,2024-08-09,26:07,1567,-12.93,97.95,58.71,,
Beat Academy,Ableton Live 10 & 11 Beginners Tutorial | Beat Academy,https://www.youtube.com/watch?v=25Zcy8Uu4dw,Beginner Guides (Beginner Guides),2214482,2018-08-11,01:19:56,4796,-18.54,8.34,-26.75,,
In The Mix,The RIGHT way to use Compression - Detailed Mixing Tutorial,https://www.youtube.com/watch?v=yi0J9JsRdI4,Mixing Techniques (Mixing Techniques),2092797,2020-08-10,25:02,1502,67.24,74.22,-10.85,,
In The Mix,10 Years of Mixing Advice in 10 Minutes,https://www.youtube.com/watch?v=oY079oVS3Nc,Mixing Techniques (Mixing Techniques),1472250,2025-08-09,10:48,648,93.26,84.56,27.99,,
InspirAspir,Ableton Live Lite for Beginners - (How to make music with Ableton Live 10 Lite),https://www.youtube.com/watch?v=7QKY3wFEx7g,Beginner Guides (Beginner Guides),1384107,2019-08-11,24:58,1498,7.33,10.58,-2.61,,
Ethan Davis,The NEW Ableton 12 Beginner Guide (in 22 Minutes),https://www.youtube.com/watch?v=WMg4Y4q6FQ0,Beginner Guides (Beginner Guides),1320667,2024-08-09,22:53,1373,-16.77,41.32,30.91,,
Tomas George,Ableton Live Tutorial | FREE COURSE | Ableton Live 11 Beginner Tutorial,https://www.youtube.com/watch?v=JaSK3Q8vyGA,Beginner Guides (Beginner Guides),1314338,2021-08-10,02:34:19,9259,-18.61,10.87,-7.77,,
Streaky,Vocal Trick They All Use,https://www.youtube.com/watch?v=CUyMUHStPxs,Vocal Effects (Vocal Effects),1238481,2023-08-10,04:40,280,8.89,84.71,-107.06,,
Collective Intelligence,Your First 15 Minutes in Ableton Live 10 for Beginners,https://www.youtube.com/watch?v=H83TxBL3yOE,Beginner Guides (Beginner Guides),1229142,2019-08-11,16:49,1009,-24.07,30.0,53.68,,
ANDREW HUANG,12 Life-Changing Ableton Tips,https://www.youtube.com/watch?v=SZ3PTkgy2aA,Beginner Guides (Beginner Guides),1026886,2022-08-10,10:36,636,-85.77,75.62,53.73,,
In The Mix,Mastering Start To Finish: A Step by Step Guide to Loud and Clear Masters,https://www.youtube.com/watch?v=ZHXD-BlKyL8,"Beginner Guides (Beginner Guides, Mastering & Audio Polish)",960791,2021-08-10,25:52,1552,6.85,68.86,86.54,,
Dubspot,Ableton Live Tutorial: Vocal Processing Effects + Live Performance Tips,https://www.youtube.com/watch?v=NX_drnUQw_Y,"Vocal Effects (Vocal Effects, Live Performance)",909071,2012-08-12,16:18,978,33.1,52.3,-105.67,,
Nico Astegiano,ABLETON LIVE in 15 minutes (Getting Started),https://www.youtube.com/watch?v=bOxPpoQve24,Beginner Guides (Beginner Guides),872141,2020-08-10,17:14,1034,-30.19,14.47,54.6,,
loopop,Don't Panic! Ableton Live Explained in 37 minutes or less // Tutorial,https://www.youtube.com/watch?v=8NfnRShtIFE,Beginner Guides (Beginner Guides),864600,2019-08-11,36:03,2163,-24.88,55.44,62.79,,
Akayo,How To Become a Master at EQ (in Only 15 Minutes),https://www.youtube.com/watch?v=RIuqjFP2cHg,Mixing Techniques (Mixing Techniques),861771,2025-08-09,15:45,945,108.0,66.43,17.02,,
Ethan Davis,The Best Ableton 11 Beginner Guide (in 17 Minutes),https://www.youtube.com/watch?v=mxY0x1i3XhY,Beginner Guides (Beginner Guides),839102,2023-08-10,16:51,1011,-15.85,57.3,42.96,,
Sanjay C,Ableton Live Beginner Tutorial - How to make a song with Ableton Live 11 & Ableton 10,https://www.youtube.com/watch?v=LLcKyoUPrZs,Beginner Guides (Beginner Guides),828063,2019-08-11,15:26,926,-9.62,22.7,-19.22,,
John Summit,How To Make Tech House Like The Pros,https://www.youtube.com/watch?v=6eCK7wwSGxY,Beginner Guides (Beginner Guides),807579,2020-08-10,04:20,260,-54.35,-8.78,-70.47,,
SadowickProduction,"Ableton Live 9 Beginner Tutorial 01 - Intro, Options & Optimization",https://www.youtube.com/watch?v=1eHZMv_XwF8,Beginner Guides (Beginner Guides),795338,2013-08-12,14:01,841,-95.3,-43.54,21.81,,
TAETRO,Ableton Live For Beginners,https://www.youtube.com/watch?v=RSnjD6xe5bM,Beginner Guides (Beginner Guides),789772,2022-08-10,32:09,1929,-36.51,7.06,9.66,,
Collective Intelligence,Ableton Live 10 for Beginners - How to Create a Drum Beat,https://www.youtube.com/watch?v=4YFx7kNSpzU,Beginner Guides (Beginner Guides),664265,2018-08-11,17:34,1054,-29.98,-2.87,-40.26,,
You Suck at Producing,"Writing MIDI Drums that sound REAL (Jazz, Rock, Funk) | You Suck at Drums #6",https://www.youtube.com/watch?v=ZdYDlzXym7Q,"Beat Making & Drums (Beat Making & Drums, MIDI & Automation)",652829,2021-08-10,10:57,657,25.1,-31.87,-50.92,,
Dubspot,Ableton Live Tutorial: Vocal Effect Techniques,https://www.youtube.com/watch?v=vuY0dml_pWU,Vocal Effects (Vocal Effects),642230,2011-08-13,12:47,767,28.9,67.51,-92.1,,
James Hype,I turned a NOOB producers track into a banger,https://www.youtube.com/watch?v=a0cYHJB2Hu0,Beginner Guides (Beginner Guides),635826,2024-08-09,10:05,605,-61.45,-17.75,-18.13,,
Goobster's Room,Every Major Audio Effect Explained in 8 Minutes!,https://www.youtube.com/watch?v=JGGnla8RKP4,Beginner Guides (Beginner Guides),620445,2025-08-09,08:22,502,-34.41,47.08,74.32,,
Nathan James Larsen,EQ Explained in 10 Minutes ... or it's free,https://www.youtube.com/watch?v=vRa_Zk90lDc,Mixing Techniques (Mixing Techniques),618352,2022-08-10,09:47,587,105.22,84.24,11.8,,
Andrew Barr,THE world's shortest vocal mixing course you’ll ever need,https://www.youtube.com/watch?v=pOdk7UytHB4,"Mixing Techniques (Mixing Techniques, Vocal Effects)",600481,2025-08-09,02:29,149,84.13,69.91,-41.68,,
Ethan Davis,My Top 10 Tips After 10 Years In Ableton (these changed everything for me),https://www.youtube.com/watch?v=AQ-0MHT-lAU,Beginner Guides (Beginner Guides),586448,2023-08-10,21:23,1283,-41.57,-30.37,9.53,,
Mai,ABLETON FOR BEGINNERS - TUTORIAL (GETTING STARTED),https://www.youtube.com/watch?v=bvkOvodl1xE,Beginner Guides (Beginner Guides),553224,2021-08-10,13:09,789,-32.35,0.72,42.47,,
ANDREW HUANG,This is exactly how I process vocals.,https://www.youtube.com/watch?v=WN_p-Q4BOh8,Vocal Effects (Vocal Effects),540448,2017-08-11,08:10,490,-5.3,69.61,-83.56,,
TheCosmicAcademy,How I would learn music production (If I had to start over in 2026),https://www.youtube.com/watch?v=3RjQ1WjAl7Q,Beginner Guides (Beginner Guides),511230,2025-08-09,13:07,787,-95.1,44.71,25.76,,
Akayo,How To Become a Master at Compression (in Only 10 Minutes),https://www.youtube.com/watch?v=booRjPgtIS4,Mixing Techniques (Mixing Techniques),508865,2025-08-09,10:50,650,96.18,67.65,26.94,,
Ableton Tips by PML,Making a complete Track START TO FINISH Ableton Live 11 Tutorial Beginners,https://www.youtube.com/watch?v=6Oo2UOZiAJU,Beginner Guides (Beginner Guides),498093,2021-08-10,01:27:15,5235,-30.49,-28.01,-16.21,,
Ethan Davis,The Secret To Making Tech House Like The PROS,https://www.youtube.com/watch?v=FfFod94d5gw,Beginner Guides (Beginner Guides),469413,2023-08-10,24:37,1477,-56.79,-20.82,-69.01,,
Push Patterns,Ableton Live 12 Made EASY – Beginner’s Guide 2026!,https://www.youtube.com/watch?v=2kg0wzKC1jI,Beginner Guides (Beginner Guides),463165,2025-08-09,33:16,1996,-28.5,57.51,13.99,,
You Suck at Producing,Making Sounds Dreamy with Ableton's Grain Delay,https://www.youtube.com/watch?v=Noouom1jrSY,Mixing Techniques (Mixing Techniques),456435,2019-08-11,10:12,612,72.14,36.06,-11.91,,
ResuMate Club,Tutorial de ABLETON LIVE 11 desde Cero || 3 horas gratis ||,https://www.youtube.com/watch?v=RXX14INLi2I,Beginner Guides (Beginner Guides),448217,2021-08-10,03:04:34,11074,-23.27,23.55,-12.14,,
Audio University,"How To Use A Compressor | Threshold, Ratio, Attack, Release & More",https://www.youtube.com/watch?v=lgCYjek5_JY,Beginner Guides (Beginner Guides),441985,2022-08-10,06:57,417,-56.58,42.6,21.61,,
Oversampled,Easiest Way to Understand Compression,https://www.youtube.com/watch?v=aYivE79zSTA,"Beginner Guides (Beginner Guides, Mixing Techniques)",441196,2022-08-10,04:26,266,32.09,100.06,-4.37,,
Underdog Electronic Music School,Why your mixes sound thin and weak (probably),https://www.youtube.com/watch?v=2P_Opp4a6iY,Mastering & Audio Polish (Mastering & Audio Polish),440220,2022-08-10,06:36,396,32.11,38.09,104.44,,
Reid Stefan,"How To Mix Vocals Compression, EQ, Reverb, Delay Ableton Tutorial",https://www.youtube.com/watch?v=zm4Vyg51ugw,"Mixing Techniques (Mixing Techniques, Vocal Effects)",439416,2017-08-11,14:08,848,52.89,67.18,-46.7,,
343 Labs,Ableton Live LOOPING EXPLAINED | Music Production Tutorial,https://www.youtube.com/watch?v=3ll5LIXdRHI,Live Performance (Live Performance),438662,2020-08-10,13:16,796,108.82,-20.36,7.04,,
You Suck at Producing,5 Ways To Make Any Genre Sound ‘Hyper’,https://www.youtube.com/watch?v=MFCiyKwWjeQ,Beginner Guides (Beginner Guides),431289,2024-08-09,11:43,703,-12.04,53.78,-36.13,,
You Suck at Producing,You Suck at Producing: Warmth,https://www.youtube.com/watch?v=Yv3v9SsoDMw,Beginner Guides (Beginner Guides),429345,2018-08-11,08:46,526,-3.81,-15.33,55.89,,
Reid Stefan,How to Mix Vocals In Ableton (Cheap Gear EXPENSIVE SOUND),https://www.youtube.com/watch?v=BKwpgsRI9QM,"Beginner Guides (Beginner Guides, Vocal Effects)",420094,2020-08-10,09:37,577,15.96,98.62,-47.1,,
SadowickProduction,Lets Remix : Lorde - Royals in Ableton Live 9,https://www.youtube.com/watch?v=_lO_zsNIqww,Beginner Guides (Beginner Guides),419333,2014-08-12,01:17:11,4631,-75.17,69.37,-24.51,,
Sol State,Kenny Beats: No More BORING Drums,https://www.youtube.com/watch?v=DAUfaggMYzM,Beat Making & Drums (Beat Making & Drums),418717,2021-08-10,03:47,227,-6.26,-41.08,-82.82,,
SadowickProduction,Ableton Live Ultimate Course 01 - Intro,https://www.youtube.com/watch?v=Dza0RKSVLCo,Beginner Guides (Beginner Guides),411357,2014-08-12,02:08,128,-88.66,-34.06,32.79,,
Green Light Sound,"Andy Wallace Bass EQ Trick | Get Huge, Tight Bass In Your Mix",https://www.youtube.com/watch?v=zrWA9rglG24,Mixing Techniques (Mixing Techniques),402671,2021-08-10,04:28,268,120.0,61.22,1.67,,
Reid Stefan,How To Mix Vocals In Ableton (Stock Plugins),https://www.youtube.com/watch?v=1drX_XQtvVE,"Beginner Guides (Beginner Guides, Vocal Effects)",383881,2020-08-10,10:37,637,5.1,95.2,-54.0,,
Ethan Davis,The Single FASTEST Way To Improve As A Producer,https://www.youtube.com/watch?v=9yT2X21ATQc,Beginner Guides (Beginner Guides),381031,2023-08-10,19:56,1196,-104.19,26.4,-41.21,,
She Is The Music,Beats For Beginners with Kenny Beats,https://www.youtube.com/watch?v=GkZNk3npzNI,Beat Making & Drums (Beat Making & Drums),369700,2021-08-10,14:27,867,-6.97,-30.29,-69.6,,
Bound to Divide,Learn Ableton Live 12 in 2026 - FULL COURSE,https://www.youtube.com/watch?v=dt9SFEFe8ho,Beginner Guides (Beginner Guides),347069,2024-08-09,08:38:33,31113,-86.8,34.33,46.3,,
Ethan Davis,How To Make Beats In Ableton Live (Step By Step Masterclass),https://www.youtube.com/watch?v=D7iX_FIVSxk,Beginner Guides (Beginner Guides),345391,2024-08-09,25:09,1509,-3.42,100.61,51.47,,
Ableton,Ableton Push 1 Tutorial Part 2: Making Beats,https://www.youtube.com/watch?v=HM8EmM5C3Ls,Live Performance (Live Performance),334462,2013-08-12,06:34,394,86.64,-26.45,-4.24,,
Ableton Tips by PML,Felix Raphael: Preparing Ableton Session View for Playing Live | incl. LIVE JAM | Organic House,https://www.youtube.com/watch?v=EidG8BobNS4,Live Performance (Live Performance),322984,2024-08-09,19:46,1186,98.08,-20.88,-14.9,,
You Suck at Producing,How to Sidechain Everything in Ableton Live (You Suck at Producing #33),https://www.youtube.com/watch?v=gej-sIZDTVU,Mixing Techniques (Mixing Techniques),311161,2018-08-11,04:16,256,60.15,38.9,14.31,,
The Songwriting Studio,Mixing vs. Mastering (Visual + Audio Explanation),https://www.youtube.com/watch?v=Szv32PCJfs0,"Mixing Techniques (Mixing Techniques, Mastering & Audio Polish)",300958,2021-08-10,06:44,404,56.43,68.96,63.51,,
Ethan Davis,How To Remix Any Song In Ableton (Step by Step Masterclass),https://www.youtube.com/watch?v=gabT0mbrnic,Beginner Guides (Beginner Guides),297789,2024-08-09,31:37,1897,-4.63,88.31,54.12,,
SYNTHO,First 14 Minutes In Ableton,https://www.youtube.com/watch?v=84Q631QtlNM,Beginner Guides (Beginner Guides),294056,2024-08-09,14:07,847,-26.42,44.28,44.17,,
You Suck at Producing,You Suck at Producing: Getting Started,https://www.youtube.com/watch?v=2kjCxfEZZKo,Beginner Guides (Beginner Guides),288341,2016-08-11,12:34,754,-26.81,-6.18,57.14,,
Oversampled,Ableton Live 11 Masterclass - FULL GUIDE (Become a Pro),https://www.youtube.com/watch?v=oQa0UclLItI,Beginner Guides (Beginner Guides),288299,2024-08-09,04:14:10,15250,-24.3,38.74,-7.92,,
Ethan Davis,The Secret To Mixing Like The Pros (In Ableton),https://www.youtube.com/watch?v=i1MsCivRwKQ,Mixing Techniques (Mixing Techniques),284751,2024-08-09,26:51,1611,74.52,55.41,-12.47,,
Ableton Tips by PML,Ableton Live 11 - How To Create A House Beat [Beginners Tutorial],https://www.youtube.com/watch?v=PRWp9g9_yc0,Beginner Guides (Beginner Guides),282289,2021-08-10,39:21,2361,-28.71,-4.87,-22.8,,
Ableton,One Thing: Ninajirachi – Textured drum layers,https://www.youtube.com/watch?v=aluQf2jjuLM,Beginner Guides (Beginner Guides),274545,2019-08-11,01:23,83,-54.74,27.3,-20.66,,
You Suck at Producing,You Suck at Producing: Song Structure,https://www.youtube.com/watch?v=_Moy3kntvMg,Arrangement & Songwriting (Arrangement & Songwriting),271068,2018-08-11,07:17,437,43.99,9.71,3.36,,
badhabit,How I Went From Making AVERAGE Drums To PRO! (In Any Genre),https://www.youtube.com/watch?v=Gh3r9l3vzjA,Beat Making & Drums (Beat Making & Drums),265050,2023-08-10,26:45,1605,13.12,-50.38,-79.16,,
You Suck at Producing,You Suck at Mixing #2: Relative Volumes and Gainstaging,https://www.youtube.com/watch?v=Pmn_ZJ1pdfg,Mixing Techniques (Mixing Techniques),264752,2018-08-11,07:27,447,71.32,60.67,3.78,,
You Suck at Producing,Why Ableton's Operator is Better than Serum (for FM) | Sound Design Tutorial,https://www.youtube.com/watch?v=p60y3Y3dE3M,Synthesizers (Synthesizers),262927,2019-08-11,13:06,786,4.54,-99.36,40.1,,
Ethan Davis,How To Mix Vocals Like A PRO,https://www.youtube.com/watch?v=XAKxsc_uE2Y,Vocal Effects (Vocal Effects),257816,2024-08-09,16:08,968,-2.86,56.33,-71.55,,
You Suck at Producing,How To Morph One Sound Into Another (4 techniques),https://www.youtube.com/watch?v=jdXhjfQhk3Y,Beginner Guides (Beginner Guides),257312,2022-08-10,05:48,348,-44.78,35.37,-4.47,,
Bthelick,House Drums - A Different Kind Of Tutorial,https://www.youtube.com/watch?v=qN6gIwD5E9Q,Beat Making & Drums (Beat Making & Drums),257228,2023-08-10,24:07,1447,8.84,-34.73,-80.95,,
Seed To Stage,Drift - A Deep Dive into Ableton's All New (and free) Synth,https://www.youtube.com/watch?v=5U-foZqE9z0,Synthesizers (Synthesizers),247961,2023-08-10,24:06,1446,4.89,-53.26,33.69,,
TAETRO,Ableton Live For Beginners (pt. 2),https://www.youtube.com/watch?v=PIYRINw6Kog,Beginner Guides (Beginner Guides),244629,2022-08-10,33:27,2007,-33.28,-5.58,2.83,,
phritz,you don't need fancy analog hardware synths,https://www.youtube.com/watch?v=YDjniY23LFo,"Synthesizers (Synthesizers, Live Performance)",237987,2023-08-10,06:57,417,38.99,-106.08,-1.93,,
LANDR,Ableton Live 12 Lite for Beginners: Complete DAW Tutorial,https://www.youtube.com/watch?v=NzCt2uDF1Xg,Beginner Guides (Beginner Guides),230475,2025-08-09,17:42,1062,0.87,-2.75,8.6,,
You Suck at Producing,You Suck at Mixing #8: Fixing Muddiness,https://www.youtube.com/watch?v=ISqEnvAq2ao,Mixing Techniques (Mixing Techniques),229043,2019-08-11,05:34,334,73.7,47.27,3.52,,
Beat Academy,Start Making Music Today: Easy Ableton Live 12 Tutorial for Beginners 2026,https://www.youtube.com/watch?v=jOOWN2Yw58M,Beginner Guides (Beginner Guides),227734,2024-08-09,35:02,2102,-15.52,62.57,10.87,,
Ableton Tips by PML,11 Mixing Tips in Ableton Live | Mixing Problems Every Producer Will Face,https://www.youtube.com/watch?v=xijpGNO-qEE,"Mixing Techniques (Mixing Techniques, Mastering & Audio Polish)",226817,2022-08-10,26:57,1617,68.4,73.5,44.49,,
SadowickProduction,Ableton Live 9 For The Absolute Beginner,https://www.youtube.com/watch?v=8JSws4Z3_S8,Beginner Guides (Beginner Guides),224175,2017-08-11,42:31,2551,-48.79,20.25,20.76,,
ZigZag Production Studio,"Deadmau5 Explaining the BEST DAW to Start With (Ableton, FL Studio, Reaper...?)",https://www.youtube.com/watch?v=0mpQdI4eMfI,Beginner Guides (Beginner Guides),220949,2023-08-10,03:10,190,-107.14,55.18,-22.07,,
You Suck at Producing,5 Habits I Had To UNLEARN To Become A Better Music Producer,https://www.youtube.com/watch?v=wTugkLmMSCM,Beginner Guides (Beginner Guides),219990,2024-08-09,09:00,540,-90.27,34.98,-42.84,,
Red Means Recording,A Mostly Thorough Guide to Learning Electronic Music Production,https://www.youtube.com/watch?v=Zk2xso7HZIs,Beginner Guides (Beginner Guides),218290,2022-08-10,29:47,1787,-90.0,37.74,2.29,,
Alex Rome,"Give me 19 mins, and I'll Improve your mixing skills by 126%",https://www.youtube.com/watch?v=XrGZPWuiJ7o,Mixing Techniques (Mixing Techniques),215744,2025-08-09,19:32,1172,73.38,74.46,20.88,,
Adorama Cinema,How to Record Vocals on Ableton Live 11 | Beginner Tutorial,https://www.youtube.com/watch?v=kDgLGLhXpvk,"Beginner Guides (Beginner Guides, Vocal Effects)",213272,2021-08-10,06:48,408,5.94,98.44,-35.3,,
You Suck at Producing,"Understanding Beats, Bars, & Time Signatures | You Suck at Drums #1",https://www.youtube.com/watch?v=R_ZLIachQnU,Beat Making & Drums (Beat Making & Drums),211689,2021-08-10,10:44,644,0.6,-48.32,-67.78,,
You Suck at Producing,Writing Your First Drum Beats in Ableton | You Suck at Drums #2,https://www.youtube.com/watch?v=MPmx6PAgrFM,Beat Making & Drums (Beat Making & Drums),210635,2021-08-10,13:09,789,9.21,-34.63,-61.82,,
Bound to Divide,Learn Ableton Live 11 in 2026 - FULL COURSE,https://www.youtube.com/watch?v=0iuRsiKtObw,Beginner Guides (Beginner Guides),210477,2023-08-10,08:31:07,30667,-79.69,25.61,49.87,,
FireWalk,The Only 10 EQ Mixing Tips You'll Ever Need!,https://www.youtube.com/watch?v=KfG05aJ4yn8,Mixing Techniques (Mixing Techniques),204571,2023-08-10,05:17,317,83.23,89.32,9.68,,
Reid Stefan,How To Master A Song: Mixing & Mastering Tutorial Ableton,https://www.youtube.com/watch?v=f6v0zaIwNE4,"Mixing Techniques (Mixing Techniques, Mastering & Audio Polish)",200926,2017-08-11,07:52,472,70.03,73.15,59.44,,
Ableton Tips by PML,Mastering in Ableton Live 11 Tutorial,https://www.youtube.com/watch?v=qrroYDVdPUc,"Beginner Guides (Beginner Guides, Mixing Techniques, Mastering & Audio Polish)",198420,2021-08-10,23:33,1413,36.7,68.54,74.48,,
Chad Huskey,How To Get Started In Ableton Live As A Guitar Player,https://www.youtube.com/watch?v=PuAxS4tGoLM,Beginner Guides (Beginner Guides),197719,2023-08-10,21:39,1299,-45.81,13.76,38.09,,
You Suck at Producing,You Suck at Mixing: The Ultimate Guide,https://www.youtube.com/watch?v=YSR6P2G5GvY,Mixing Techniques (Mixing Techniques),197639,2025-09-13,18:56,1136,79.3,43.63,15.87,,
EDM Tips,HOW TO MAKE EDM MUSIC | Your First Steps! 😎🎶,https://www.youtube.com/watch?v=21dG8cw4dUQ,Beginner Guides (Beginner Guides),194309,2021-08-10,08:01,481,-69.07,56.46,-2.86,,
asQme,Deadmau5's advice on how to get started in electronic music,https://www.youtube.com/watch?v=yEvwgNDXjJA,Beginner Guides (Beginner Guides),192856,2016-08-11,01:37,97,-101.87,28.65,-1.48,,
Push Patterns,Ableton Live 12 Settings To Turn OFF Now! (Important!),https://www.youtube.com/watch?v=luZWMJyKrD8,Beginner Guides (Beginner Guides),190187,2025-08-09,09:25,565,-9.22,18.33,30.4,,
SadowickProduction,Making A Disco French House Track In Ableton,https://www.youtube.com/watch?v=fqx3dRs2M24,Beginner Guides (Beginner Guides),189491,2013-08-12,23:55,1435,-49.63,-9.02,-16.99,,
Ableton Tips by PML,Your First Drum Beat in Ableton Live 12 - Beginners Tutorial,https://www.youtube.com/watch?v=8UuHbAtllMg,"Beginner Guides (Beginner Guides, Synthesizers)",188692,2024-08-09,28:09,1689,-62.29,-76.55,-12.49,,
You Suck at Producing,How To PERFORM with Ableton Live | Live Performance Setup,https://www.youtube.com/watch?v=J-GeRU5SLNo,Live Performance (Live Performance),188606,2024-08-09,08:44,524,95.76,-14.94,0.18,,
Collective Intelligence,Ableton Live 10 for Beginners - How to Create a Psytrance Beat,https://www.youtube.com/watch?v=1xXwMn4LzR0,Beginner Guides (Beginner Guides),187596,2019-08-11,16:34,994,-21.39,-12.09,-40.72,,
You Suck at Producing,How To Make MIDI Guitars Sound REAL,https://www.youtube.com/watch?v=AYUOo2gbgmM,MIDI & Automation (MIDI & Automation),186398,2022-08-10,10:05,605,56.72,-24.38,-38.08,,
Zdrewe,Don't start mixing in Ableton Live without THIS!,https://www.youtube.com/watch?v=vWYWi8Wrbxs,"Beginner Guides (Beginner Guides, Mixing Techniques, Mastering & Audio Polish)",185051,2024-08-09,06:21,381,35.03,78.99,65.84,,
You Suck at Producing,5 Ways Of Adding INSANE Glitch Effects To Your Music,https://www.youtube.com/watch?v=8Q3nWNOFiXc,Beginner Guides (Beginner Guides),184171,2024-08-09,08:33,513,-11.23,62.3,-17.08,,
You Suck at Producing,You Suck at Producing: Getting High and Making Beats,https://www.youtube.com/watch?v=fmZ4X9pc6Ag,Beginner Guides (Beginner Guides),180978,2016-08-11,05:10,310,-21.99,-18.3,63.03,,
Ableton Tips by PML,Your First Drum Beat in Ableton Live 11 | Beginners Tutorial,https://www.youtube.com/watch?v=ht5iYP9Wr54,Beginner Guides (Beginner Guides),179142,2021-08-10,24:29,1469,-31.83,11.41,-29.18,,
Seed To Stage,Operator Sound Design,https://www.youtube.com/watch?v=3BU-WAQo4P8,Synthesizers (Synthesizers),178254,2020-08-10,49:52,2992,16.5,-84.02,18.38,,
EDM Tips,"How to Make Melodic Techno (Like ANYMA, MISS MONIQUE & ARTBAT) – FREE Ableton Project",https://www.youtube.com/watch?v=sq1LsvPfhsY,Beginner Guides (Beginner Guides),177098,2024-08-09,58:09,3489,-40.58,21.93,-70.4,,
Segtar Music,Ableton para principiantes! El ÚNICO tutorial que vas a necesitar :),https://www.youtube.com/watch?v=rp9Zd81mIA8,Beginner Guides (Beginner Guides),176459,2025-08-09,18:40,1120,-35.78,19.57,-3.5,,
Seed To Stage,Ableton Operator Synth Tutorial Deep Dive,https://www.youtube.com/watch?v=HBl25OB0E58,Synthesizers (Synthesizers),176031,2020-08-10,45:10,2710,17.28,-57.51,36.34,,
The Audio Professor,Mastering in Ableton Live - A Step by Step Tutorial,https://www.youtube.com/watch?v=HnQ8qEk4910,"Mastering & Audio Polish (Mastering & Audio Polish, Max for Live (M4L))",175589,2020-08-10,19:36,1176,4.54,48.56,99.06,,
You Suck at Producing,You Suck at Producing: Finishing Songs,https://www.youtube.com/watch?v=XXKTJsmTMTQ,Beginner Guides (Beginner Guides),175205,2018-08-11,06:02,362,4.37,-1.64,50.27,,
You Suck at Producing,How to Write Drum & Bass Beats + Announcing my 3rd Remix Contest,https://www.youtube.com/watch?v=7eP5r1VgNso,Beginner Guides (Beginner Guides),171655,2019-08-11,09:06,546,-59.64,44.0,-26.36,,
EDM Tips,Perfect Mastering Chain (How to Get Loud & Clean Masters Every Time),https://www.youtube.com/watch?v=hyLQx6mIbVg,"Mixing Techniques (Mixing Techniques, Mastering & Audio Polish)",168584,2023-08-10,33:22,2002,70.09,64.69,73.95,,
TAETRO,The BASICS of Samples in Ableton Live For Beginners,https://www.youtube.com/watch?v=xd2uPkWHPzE,Beginner Guides (Beginner Guides),165371,2023-08-10,35:16,2116,-31.73,-0.21,21.17,,
Reid Stefan,Ableton Mastering Tutorial (Stock Plug-Ins ONLY),https://www.youtube.com/watch?v=-iWzahkWX_Y,Mastering & Audio Polish (Mastering & Audio Polish),164434,2017-08-11,08:10,490,35.59,49.11,90.68,,
SadowickProduction,Ableton Live Ultimate Course 05 - The Interface (Session & Arrangement),https://www.youtube.com/watch?v=dPAVtmHuZL0,"Beginner Guides (Beginner Guides, Arrangement & Songwriting)",162359,2014-08-12,05:47,347,28.73,10.15,8.14,,
Underdog Electronic Music School,Your first hour making electronic music (Ableton Live orientation & Drum programming),https://www.youtube.com/watch?v=okhZ65RbTe8,Beginner Guides (Beginner Guides),161624,2022-08-10,58:37,3517,-84.94,37.66,-11.28,,
Beat Academy,Production Tutorial: Recording Vocals in Ableton Live,https://www.youtube.com/watch?v=StPog8XNWsk,Vocal Effects (Vocal Effects),161539,2019-08-11,18:54,1134,10.92,41.22,-91.61,,
Ableton,"Made in Ableton Live: Catnapp on vocal recording and effects, using old projects and more",https://www.youtube.com/watch?v=Kb5pf0LMWCU,"Vocal Effects (Vocal Effects, Arrangement & Songwriting)",158920,2022-08-10,17:54,1074,12.79,54.33,-120.0,,
Joe Gilder • Home Studio Corner,Pro Vocals in 3 Easy Steps,https://www.youtube.com/watch?v=pYCELQEGgL0,"Mixing Techniques (Mixing Techniques, Vocal Effects)",158425,2024-08-09,08:44,524,76.27,59.95,-66.21,,
Seed To Stage,Ableton Native Pitch Correction: Auto Shift,https://www.youtube.com/watch?v=8NuJnnjqsD4,Vocal Effects (Vocal Effects),156696,2024-08-09,15:06,906,-1.78,56.59,-93.9,,
Seed To Stage,Advanced Techniques with Ableton Glue Compressor,https://www.youtube.com/watch?v=ABc4NXHLdaQ,Beginner Guides (Beginner Guides),155259,2025-08-09,26:22,1582,-59.7,109.73,-2.62,,
Pyramind,Ableton Live | Mixing Tutorial | Compression or EQ first? with Matt Donner | Pyramind Training,https://www.youtube.com/watch?v=Q6N0ipeBb1w,"Beat Making & Drums (Beat Making & Drums, Mixing Techniques)",152391,2013-08-12,18:08,1088,20.75,-60.48,-92.26,,
You Suck at Producing,Add MOVEMENT & GRIT To Your Bass Sounds,https://www.youtube.com/watch?v=3fExmMtMMzk,Beginner Guides (Beginner Guides),152361,2022-08-10,10:09,609,-55.55,75.84,-52.07,,
Scott Uhl,Beginners Guide: How to Use ABLETON for LIVE BACKING TRACKS,https://www.youtube.com/watch?v=4VXyFgJTRQ0,Beginner Guides (Beginner Guides),147667,2024-08-09,20:03,1203,15.09,35.46,24.52,,
SadowickProduction,Ableton Live 9 : Warping Made Extremely Easy & Fast,https://www.youtube.com/watch?v=SBbN8C81gmo,Beginner Guides (Beginner Guides),143902,2013-08-12,06:14,374,-45.38,70.85,-10.46,,
DECAP,How To Make Your Drums KNOCK (Ableton),https://www.youtube.com/watch?v=eGRo9CcEDd8,"Beat Making & Drums (Beat Making & Drums, Mastering & Audio Polish, Vocal Effects)",143568,2019-08-11,07:32,452,-5.6,-32.5,-100.58,,
Producción Online,How to Produce Music with Ableton Live | 10 First Steps,https://www.youtube.com/watch?v=N-vrz5xlyYU,Beginner Guides (Beginner Guides),136523,2024-08-09,41:57,2517,-59.48,52.85,3.61,,
Sage Audio,How to Mix Vocals in Ableton,https://www.youtube.com/watch?v=z1YskTXhbnI,"Mastering & Audio Polish (Mastering & Audio Polish, Vocal Effects)",136191,2022-08-10,08:13,493,23.48,26.3,116.27,,
You Suck at Producing,Add ENERGY to your Drum Loops | You Suck at Drums #3,https://www.youtube.com/watch?v=Gk1wi0bGW20,Beat Making & Drums (Beat Making & Drums),130799,2021-08-10,14:48,888,18.89,-50.03,-60.81,,
You Suck at Producing,How to make SICK House Drum Beats | You Suck at Drums #5,https://www.youtube.com/watch?v=fGJZPoWXg8c,Beat Making & Drums (Beat Making & Drums),130759,2021-08-10,10:11,611,9.52,-20.36,-70.8,,
Push Patterns,Ableton Live Intro vs Standard vs Suite: Which is Actually Worth It?,https://www.youtube.com/watch?v=JEfbbKdWBiQ,Beginner Guides (Beginner Guides),130214,2024-08-09,08:18,498,-114.38,-10.67,19.23,,
You Suck at Producing,You Suck at Producing: Compression,https://www.youtube.com/watch?v=bUyiL3KmZDI,Mixing Techniques (Mixing Techniques),123478,2018-08-11,06:26,386,57.94,51.17,3.25,,
You Suck at Producing,Creating Effective Transitions (You Suck at Producing #37),https://www.youtube.com/watch?v=dCZIW0ZDEgA,Arrangement & Songwriting (Arrangement & Songwriting),122696,2018-08-11,05:07,307,47.88,-2.09,-3.71,,
Dubspot,How to Create a DJ Mix w/ Traktor + Ableton Live Using Auto-Gain,https://www.youtube.com/watch?v=EaM0Y_KcVAU,Beginner Guides (Beginner Guides),120870,2011-08-13,05:01,301,4.48,8.58,-45.18,,
Seed To Stage,Workflow for Loud Mixes with Ableton Live,https://www.youtube.com/watch?v=dIZH3J1iE2E,Beginner Guides (Beginner Guides),120807,2025-09-13,37:28,2248,-53.97,66.49,51.32,,
Andrew Lepard,LIVE VOCAL SECRETS of the PROs,https://www.youtube.com/watch?v=LNxGmc_IyX8,"Mixing Techniques (Mixing Techniques, Vocal Effects)",120371,2023-08-10,10:14,614,75.19,76.66,-54.87,,
Óscar Calmaestra,Trucos de MEZCLA & MASTERING en ABLETON LIVE | Headroom - Panning -  Ducking Sidechain...,https://www.youtube.com/watch?v=jx2N1m0kUHE,"Mixing Techniques (Mixing Techniques, Mastering & Audio Polish)",117740,2022-08-10,23:26,1406,60.14,52.17,62.45,,
You Suck at Producing,Using Ableton's Reverb (You Suck at Producing #30),https://www.youtube.com/watch?v=r4zTfXkFb6I,Mixing Techniques (Mixing Techniques),117538,2018-08-11,06:52,412,70.0,25.75,6.8,,
SadowickProduction,Ableton Live 10 Ultimate Tutorial 01 - Intro,https://www.youtube.com/watch?v=IJ7iyHqPwhU,Beginner Guides (Beginner Guides),117011,2020-08-10,11:42,702,-82.48,-42.59,27.51,,
Ableton,Learn Push 2: Playing drums,https://www.youtube.com/watch?v=EwZriyteAlI,"Beat Making & Drums (Beat Making & Drums, Live Performance)",116328,2018-08-11,04:28,268,21.34,-41.71,-107.84,,
You Suck at Producing,You Suck at Producing: How to Create Build Ups,https://www.youtube.com/watch?v=SVNVxrgd8cw,Beginner Guides (Beginner Guides),114552,2016-08-11,06:05,365,7.17,-20.72,45.9,,
Mai,HOW TO MIX AND MASTER LIKE A GOD (ABLETON EDITION),https://www.youtube.com/watch?v=G-Jc1E1h5Ig,Beginner Guides (Beginner Guides),113661,2023-08-10,12:09,729,-38.66,98.77,22.05,,
distilled noise,how to really make a Minimal/Micro House drum line/beats (on Ableton) | distilled noise,https://www.youtube.com/watch?v=UmHqjGLo7kw,Beginner Guides (Beginner Guides),112923,2019-08-11,14:44,884,-61.37,14.21,-51.06,,
SadowickProduction,Ableton Live Ultimate Course 09 - The Grids,https://www.youtube.com/watch?v=eLDkQ7WAtB0,Beginner Guides (Beginner Guides),109078,2014-08-12,05:34,334,-74.01,-16.21,34.97,,
Seed To Stage,Ableton Operator Overview,https://www.youtube.com/watch?v=Xahbn7OjRF4,Synthesizers (Synthesizers),107702,2020-08-10,17:42,1062,28.17,-93.66,35.55,,
Ethan Davis,The Secret To Making Progressive House Like The PROS (Ableton Live Masterclass),https://www.youtube.com/watch?v=XS8jOtUu1-s,Beginner Guides (Beginner Guides),107616,2024-08-09,24:16,1456,-48.15,-25.93,-62.55,,
EDMProd,21 Advanced Ableton Live Production Tips,https://www.youtube.com/watch?v=XUQz3SzuVnA,Beginner Guides (Beginner Guides),107258,2019-08-11,21:51,1311,-120.0,28.58,33.9,,
xole,How to Mix Vocals [Ableton Stock Audio Effects],https://www.youtube.com/watch?v=ZRCBxHNB2ls,"Mixing Techniques (Mixing Techniques, Vocal Effects)",103906,2021-08-10,33:17,1997,65.92,47.63,-59.94,,
Berklee Online,Ableton Live: Compressing Vocals | Tips & Tricks | Berklee Online,https://www.youtube.com/watch?v=YjMp5cusBZo,Vocal Effects (Vocal Effects),103286,2017-08-11,06:04,364,-17.1,64.0,-102.66,,
Reid Stefan,Vocal Production in Ableton 10 Tutorial,https://www.youtube.com/watch?v=ZFxf-Gwcff4,Vocal Effects (Vocal Effects),103160,2018-08-11,15:00,900,25.45,51.03,-87.34,,
You Suck at Producing,You Suck at Music Theory #2: Creating Tension,https://www.youtube.com/watch?v=9eTRtWcuzWc,Beginner Guides (Beginner Guides),102767,2019-08-11,07:43,463,-77.14,80.34,15.26,,
Songs By Spencer,6 Steps to Recording PERFECT VOCAL TAKES (Every Time You Record),https://www.youtube.com/watch?v=M0lv_FQt3Nk,Vocal Effects (Vocal Effects),100358,2025-08-09,10:30,630,-1.23,43.86,-107.08,,
EDMProd,Master Ableton Simpler in Under 15 Minutes,https://www.youtube.com/watch?v=a-NdjhwWWTo,Beginner Guides (Beginner Guides),99108,2022-08-10,14:47,887,-9.02,34.42,53.77,,
You Suck at Producing,Writing Multiple Melodies | You Suck at Producing #55,https://www.youtube.com/watch?v=IciswDGYFPY,Beginner Guides (Beginner Guides),98745,2019-08-11,06:39,399,-2.3,-29.39,64.66,,
danny brain,Ableton 12 - Complete Beginner Basics Tutorial,https://www.youtube.com/watch?v=OtT5OCXgqjY,Beginner Guides (Beginner Guides),98320,2024-08-09,21:46,1306,-16.52,1.44,17.88,,
Ableton,Welcome to Max,https://www.youtube.com/watch?v=hJ_RaKHNo4M,Beginner Guides (Beginner Guides),97146,2023-08-10,05:24,324,-48.81,19.33,1.42,,
SadowickProduction,Making A Techno Track Start to Finish In Ableton Live 10 [Beta],https://www.youtube.com/watch?v=tHJ8QUws6F0,Beginner Guides (Beginner Guides),96887,2018-08-11,01:18:30,4710,-42.42,-38.3,-21.83,,
Ableton Tips by PML,MASTERING like a Pro with Free Plugins Only in Ableton Live,https://www.youtube.com/watch?v=HHNJaygm_dI,"Beginner Guides (Beginner Guides, Mixing Techniques, Mastering & Audio Polish)",95944,2022-08-10,20:22,1222,30.99,62.79,63.37,,
You Suck at Producing,Pick The Right Scale for Your Song with Ableton's Scale Mode!,https://www.youtube.com/watch?v=5swFUDMgELY,Beginner Guides (Beginner Guides),95659,2022-08-10,07:14,434,7.32,64.09,29.96,,
You Suck at Producing,how to turn simple lofi beats into FULL SONGS ft. @prodarbour,https://www.youtube.com/watch?v=VOMJUqx_rm0,Beginner Guides (Beginner Guides),95365,2022-08-10,15:57,957,3.5,13.3,36.84,,
You Suck at Producing,You Suck at Producing #48: Using Ableton's Session View,https://www.youtube.com/watch?v=1aIOxEcxT7I,Live Performance (Live Performance),95356,2018-08-11,11:11,671,109.54,-13.5,-7.59,,
Da Fresh,🔴 HOW TO MASTERING | ABLETON LIVE (+ Free Download),https://www.youtube.com/watch?v=hRMKYveATq4,Mastering & Audio Polish (Mastering & Audio Polish),95056,2022-08-10,03:28,208,19.44,43.09,87.66,,
Ethan Davis,15 Tips After 15 Years In Ableton,https://www.youtube.com/watch?v=OsI533hshP4,Beginner Guides (Beginner Guides),93746,2026-02-10,31:15,1875,-18.51,23.47,66.56,,
Da Fresh,🔴 HOW TO MIX KICK & BASS | ABLETON LIVE,https://www.youtube.com/watch?v=mGNulFvMde4,Beginner Guides (Beginner Guides),93616,2022-08-10,02:46,166,-43.36,88.0,-36.46,,
SadowickProduction,Ableton Live Ultimate Course 12 - Working In Arrangement View,https://www.youtube.com/watch?v=NtphRGbWgd0,Arrangement & Songwriting (Arrangement & Songwriting),92489,2014-08-12,09:15,555,33.62,-2.23,1.01,,
LNA Does Audio Stuff,Getting Started With Max For Live,https://www.youtube.com/watch?v=3tYGaR-2pUg,"Beginner Guides (Beginner Guides, Max for Live (M4L))",92068,2021-08-10,17:57,1077,58.24,-15.31,38.21,,
SadowickProduction,Making A Dark Atmospheric Techno Track Start To Finish In Ableton Live 10,https://www.youtube.com/watch?v=mby42Ewjk2o,Beginner Guides (Beginner Guides),91015,2019-08-11,01:52:37,6757,-33.99,-36.43,-29.16,,
Kermode,VOCAL EFFECTS - Ableton Vocal Processing Tutorial,https://www.youtube.com/watch?v=RLehc6EWkys,"Synthesizers (Synthesizers, Vocal Effects)",89795,2020-08-10,10:53,653,-9.73,-120.0,2.87,,
You Suck at Producing,You Suck at Producing: Sends and Returns,https://www.youtube.com/watch?v=SzTGuvAqqfU,Beginner Guides (Beginner Guides),89627,2017-08-11,04:45,285,-7.48,-11.77,80.01,,
DJ Kutski,Ableton Tutorial: Basic 'live' DJ mixing in session view (Kutski),https://www.youtube.com/watch?v=calnB8QLjac,"Mixing Techniques (Mixing Techniques, Live Performance)",88844,2010-08-13,07:14,434,110.59,15.87,6.7,,
Seed To Stage,Drum Mixing Tutorial Ableton Live,https://www.youtube.com/watch?v=y91BqhBsaVM,"Beat Making & Drums (Beat Making & Drums, Mixing Techniques, Max for Live (M4L))",88095,2019-08-11,53:39,3219,36.02,-53.69,-95.35,,
SadowickProduction,Switching To Ableton Live 10 Tutorial - Everything You Need To Know,https://www.youtube.com/watch?v=KE-_mASo3GU,Beginner Guides (Beginner Guides),87768,2018-08-11,57:47,3467,-84.44,-4.75,-1.46,,
EDMProd,"How to Make UK DUBSTEP/140 (like Hamdi, Alix Perez, Benga)",https://www.youtube.com/watch?v=FhQ8u9ET1WM,Beginner Guides (Beginner Guides),87364,2023-08-10,01:41:01,6061,-53.2,41.09,-67.06,,
LNA Does Audio Stuff,Mastering In 5 Steps • Ableton Live Devices Only (Free Preset),https://www.youtube.com/watch?v=5B4uoAIqcAQ,"Mastering & Audio Polish (Mastering & Audio Polish, Max for Live (M4L))",87315,2022-08-10,22:24,1344,3.87,34.25,88.27,,
Yaahn Hunter Jr.,Mixing & Mastering in Ableton Live 12 (Stock Plugins ONLY),https://www.youtube.com/watch?v=Is03RVW9ddU,"Mixing Techniques (Mixing Techniques, Mastering & Audio Polish)",87291,2024-08-09,50:35,3035,60.01,61.96,50.36,,
EDM Tips,The only SOUND SELECTION Tutorial You'll Ever Need,https://www.youtube.com/watch?v=jEdMfr5tLcQ,Mixing Techniques (Mixing Techniques),87067,2024-08-09,17:16,1036,71.53,82.22,6.24,,
ANDREW HUANG,13 Life-Changing Ableton Tips!,https://www.youtube.com/watch?v=-pQaoZb7vPs,Beginner Guides (Beginner Guides),84887,2026-06-10,09:18,558,-88.01,68.08,61.02,,
Ned Rush,Ableton Tutorial - Complex Drum Programming = Ned Rush,https://www.youtube.com/watch?v=9bLvY0brDRo,Beginner Guides (Beginner Guides),84630,2022-08-10,25:21,1521,-64.99,31.03,-9.44,,
Seed To Stage,Music is Midrange - Ableton EQ Eight Tutorial,https://www.youtube.com/watch?v=0-4MBrbxmMA,Mixing Techniques (Mixing Techniques),83297,2024-08-09,16:00,960,98.74,63.64,-0.85,,
Sam Smyers,How to Mix Vocals with Fabfilter Plugins,https://www.youtube.com/watch?v=Exd3QPavyGo,Vocal Effects (Vocal Effects),82864,2022-08-10,11:31,691,8.58,74.36,-73.98,,
Beat Lab,Ableton Wavetable - Fat Sub Bass | Sound Recipes,https://www.youtube.com/watch?v=0xY7NZF3n0w,Synthesizers (Synthesizers),81778,2020-08-10,02:49,169,0.12,-70.82,17.13,,
Chris Green Creative,How To Use Ableton Live Lite (Full Beginner Tutorial),https://www.youtube.com/watch?v=Z71qbx2WCPs,Beginner Guides (Beginner Guides),80699,2025-08-09,10:29,629,-2.81,17.07,6.03,,
Seed To Stage,Mix Busses with Ableton for Bus FX and Quick Stems,https://www.youtube.com/watch?v=eS-G6dzUz8Y,Mixing Techniques (Mixing Techniques),80593,2018-08-11,13:26,806,101.04,44.48,33.83,,
Fearless Beatz,How to Record Vocals Like a PRO in Ableton Live 12,https://www.youtube.com/watch?v=9HEsqI-zvSs,"Vocal Effects (Vocal Effects, MIDI & Automation)",80501,2024-08-09,06:50,410,-7.62,39.72,-81.73,,
Underdog Electronic Music School,The best mastering chain for music production,https://www.youtube.com/watch?v=VKNDB6JhuDw,Mastering & Audio Polish (Mastering & Audio Polish),80385,2023-08-10,08:54,534,19.06,21.22,87.71,,
Seed To Stage,How to Make Better Beats with Ableton,https://www.youtube.com/watch?v=fkt1FdBbbvg,Beginner Guides (Beginner Guides),79163,2022-08-10,25:19,1519,-74.86,31.95,-46.11,,
You Suck at Producing,UNLOCK Music Theory with New Tools in Ableton Live 12,https://www.youtube.com/watch?v=Br2a6XxMZ5M,Beginner Guides (Beginner Guides),78989,2024-08-09,09:17,557,-94.79,86.11,9.74,,
Mickie Wriedt | Film Composer,You Can't Learn Compression Faster Than This!... (to the point),https://www.youtube.com/watch?v=LEhQNUVaY70,Mixing Techniques (Mixing Techniques),78780,2025-08-09,04:27,267,52.69,61.23,-9.16,,
Producción Online,How to MASTER in Ableton Live | FREE Mastering Chain 2025 🎁,https://www.youtube.com/watch?v=ucG6QCXUvgg,Mastering & Audio Polish (Mastering & Audio Polish),77783,2022-08-10,29:26,1766,34.0,41.17,75.23,,
Seed To Stage,Expanding Ableton Operator,https://www.youtube.com/watch?v=nwfPFLRt4Nw,Synthesizers (Synthesizers),76906,2020-08-10,01:11:49,4309,15.42,-96.29,26.28,,
Seed To Stage,Ableton Wavetable Tips and Tricks,https://www.youtube.com/watch?v=N0HhmrWeWjA,Synthesizers (Synthesizers),76493,2020-08-10,13:19,799,-26.98,-69.01,6.59,,
You Suck at Producing,You Suck at Producing: How To Use Automation,https://www.youtube.com/watch?v=ZFXrs2-s_YI,MIDI & Automation (MIDI & Automation),76240,2016-08-11,06:16,376,61.05,-2.73,-44.81,,
LNA Does Audio Stuff,Learn Compressor In 4 min • Ableton Live,https://www.youtube.com/watch?v=xWUfSICwf_A,Beginner Guides (Beginner Guides),74467,2022-08-10,05:01,301,-67.5,34.75,25.79,,
Splice,Ableton Live 11 Lite Beginner Tutorial - FULL Walkthrough,https://www.youtube.com/watch?v=HiX_Kk0B9f0,Beginner Guides (Beginner Guides),74376,2023-08-10,31:48,1908,2.92,28.84,-3.51,,
pointblank music school,Mixing Dance Music in Ableton Live (FFL!),https://www.youtube.com/watch?v=I8SvhHUmqNo,Mixing Techniques (Mixing Techniques),72332,2014-08-12,38:22,2302,88.36,51.73,0.09,,
EDM Tips,11 Ableton Automation Tricks PRO Producers ACTUALLY Use,https://www.youtube.com/watch?v=jMh1_uq_IBY,MIDI & Automation (MIDI & Automation),71436,2023-08-10,34:28,2068,67.31,-16.12,-45.82,,
SadowickProduction,Ableton Live Ultimate Course 13 - Audio Clips,https://www.youtube.com/watch?v=RyZq-vCJnNQ,Beginner Guides (Beginner Guides),70780,2014-08-12,07:48,468,-86.91,-0.32,58.34,,
once upon a synth,Ableton Live Wavetable synth tutorial,https://www.youtube.com/watch?v=m8zYnm8dRuE,Synthesizers (Synthesizers),69737,2019-08-11,25:25,1525,9.68,-76.03,-6.95,,
MOONBOY,13 Insane Ways to Make Any Vocal Sound MAGICAL (Beginner & Advanced),https://www.youtube.com/watch?v=7wcJShg8tn4,"Beginner Guides (Beginner Guides, Vocal Effects)",68945,2025-08-09,17:58,1078,11.96,113.8,-45.71,,
SadowickProduction,Ableton Live 9 Ultimate Course - Entire Playlist In One Video,https://www.youtube.com/watch?v=mO7PN5GPhnA,Beginner Guides (Beginner Guides),68615,2016-08-11,06:47:54,24474,-74.0,-27.58,51.75,,
AMORTAL,How To Add Reverb & Delay On Vocals (Ableton Tutorial),https://www.youtube.com/watch?v=hUJQKRoCI8U,"Mixing Techniques (Mixing Techniques, Vocal Effects)",68040,2021-08-10,09:38,578,58.83,65.4,-60.29,,
Ableton Podcast,Gain Staging & Creating Headroom 101 in Ableton Live,https://www.youtube.com/watch?v=NaXH3mKrZ1o,"Beginner Guides (Beginner Guides, Mixing Techniques)",67252,2022-08-10,11:51,711,10.04,103.53,19.54,,
Ableton Kurse,How to install and import Max for Live devices in your User Library in Ableton Live,https://www.youtube.com/watch?v=Z2VOXsrsecw,"Beginner Guides (Beginner Guides, Max for Live (M4L))",66638,2022-08-10,01:17,77,51.43,-18.71,52.1,,
Chris Liebing,Basic mastering of a DJ MIx Recording,https://www.youtube.com/watch?v=ZEhd4sRuHxw,Mastering & Audio Polish (Mastering & Audio Polish),66008,2020-08-10,12:00,720,29.85,18.2,100.9,,
KARRA,Recording & Mixing Vocals in Ableton 12 | 100% STOCK PLUGINS!,https://www.youtube.com/watch?v=TsIqmGDW3a0,"Mixing Techniques (Mixing Techniques, Vocal Effects)",65789,2024-08-09,23:52,1432,80.38,45.17,-52.39,,
Studio Hacks,Clean Sounding Voice Ableton [Voice Over & Podcasts],https://www.youtube.com/watch?v=DEUjcCXypxU,Beginner Guides (Beginner Guides),65587,2020-08-10,12:31,751,-41.79,84.23,71.26,,
ZW Buckley,I will change your Ableton workflow *FOREVER* in less than 10 minutes,https://www.youtube.com/watch?v=u83XcTqAnls,Beginner Guides (Beginner Guides),65194,2025-08-09,08:51,531,-40.46,45.2,49.04,,
STRANJAH,I Studied Mastering for 2 Months THIS is what I learned! | Drum and Bass Tutorial,https://www.youtube.com/watch?v=ITok90g_fEA,Mastering & Audio Polish (Mastering & Audio Polish),65038,2021-08-10,30:30,1830,16.28,32.71,101.57,,
LNA Does Audio Stuff,What Is Mixing? • Mixing Course For Beginners [Lesson 1] • Ableton Live,https://www.youtube.com/watch?v=oV0tbYHi5Tg,"Mixing Techniques (Mixing Techniques, Max for Live (M4L))",64602,2021-08-10,11:06,666,96.14,25.81,-16.88,,
ELPHNT,"Learn How To Build Max For Live Devices, A Beginner's Guide (Ableton User Group, Cape Town)",https://www.youtube.com/watch?v=eeJikVQc2xI,"Beginner Guides (Beginner Guides, Max for Live (M4L))",63272,2024-08-09,52:23,3143,40.89,-18.42,58.41,,
You Suck at Producing,You Suck at Producing: Panning,https://www.youtube.com/watch?v=kLdn7WrGGPk,Beginner Guides (Beginner Guides),62842,2018-08-11,05:13,313,8.19,-12.48,64.38,,
Ableton Tips by PML,"3 Breakbeat Drum Patterns - Bicep, Franky Wah Style  | Ableton Live Tutorial",https://www.youtube.com/watch?v=DM1M0EfcrRQ,Beginner Guides (Beginner Guides),62244,2022-08-10,16:17,977,-68.97,12.51,-21.6,,
Ash // From Bedroom 2 Banger,this is the BEST professional vocal processing chain I use in Ableton (stock),https://www.youtube.com/watch?v=4p3egprA91Q,Vocal Effects (Vocal Effects),61892,2021-08-10,08:49,529,10.27,92.09,-89.02,,
EDMProd,Every Ableton Live 11 Audio Effect EXPLAINED,https://www.youtube.com/watch?v=xtVLAhiKT0I,Beginner Guides (Beginner Guides),61643,2023-08-10,01:43:38,6218,-36.95,44.55,84.56,,
You Suck at Producing,Ableton Tricks I Learned From Remixing Mr. Bill,https://www.youtube.com/watch?v=xk8HsgS9Gbc,Beginner Guides (Beginner Guides),61576,2023-08-10,09:16,556,-74.89,12.01,15.72,,
TAETRO,the basics of mixing your music in ableton live,https://www.youtube.com/watch?v=T9L9lF9shJ4,"Beginner Guides (Beginner Guides, Mixing Techniques)",61084,2023-08-10,21:25,1285,17.31,106.8,3.15,,
You Suck at Producing,How to get INSANELY loud mixes (ASMR Tutorial),https://www.youtube.com/watch?v=lV_lpR2Wgv8,Beginner Guides (Beginner Guides),60973,2022-08-10,09:47,587,-53.67,70.41,40.87,,
LNA Does Audio Stuff,All About Drum Rack • Ableton Live Tutorial,https://www.youtube.com/watch?v=cYg5BldBe6o,"Beat Making & Drums (Beat Making & Drums, MIDI & Automation)",60788,2021-08-10,19:15,1155,40.29,-23.49,-73.28,,
LNA Does Audio Stuff,"ALL About RETURN Tracks & SENDS In Ableton Live - Tips For Routing, Mixing & Live Performance!",https://www.youtube.com/watch?v=jFUs2mu8IQ4,"Mixing Techniques (Mixing Techniques, Live Performance)",58816,2020-08-10,15:49,949,102.28,7.59,6.38,,
You Suck at Producing,How to Make Your Own De-esser in Ableton | You Suck at Mixing #11,https://www.youtube.com/watch?v=y36rFBUYhEc,"Mixing Techniques (Mixing Techniques, Vocal Effects)",58564,2019-08-11,05:03,303,77.69,55.0,-37.56,,
EDMProd,6 Essential Ableton Workflow Tips You Need to Know,https://www.youtube.com/watch?v=DZlYlBynNLE,Beginner Guides (Beginner Guides),57824,2021-08-10,31:59,1919,-81.4,-18.11,1.61,,
EDMProd,How To Make Tech House (like Noizu & Fisher) [2 HOUR COURSE],https://www.youtube.com/watch?v=ExwcGrTLgK4,Beginner Guides (Beginner Guides),57281,2024-08-09,02:17:26,8246,-64.65,-3.4,-75.22,,
Mix With Jerry,How to Master A Song (Start to Finish) - Complete Guide to Mastering,https://www.youtube.com/watch?v=KzyX_OWrPNQ,"Beginner Guides (Beginner Guides, Mastering & Audio Polish)",56913,2023-08-10,27:33,1653,21.13,75.91,88.68,,
The Audio Professor,Ableton Live 11 Tutorial - How to Program a Drum Beat,https://www.youtube.com/watch?v=IIQWHoEqLqU,Beginner Guides (Beginner Guides),56904,2022-08-10,11:45,705,-34.62,22.02,-23.22,,
Matt Wilde,How I actually make jazz & hip-hop in Ableton,https://www.youtube.com/watch?v=ZOYm-MyeZsA,Beginner Guides (Beginner Guides),55591,2026-01-11,19:07,1147,-23.23,120.0,-8.83,,
Ryan Goutier,How to make a BEAT in Ableton Live 11,https://www.youtube.com/watch?v=MgTtsmVLPz8,Beginner Guides (Beginner Guides),55107,2024-08-09,07:25,445,-21.75,28.2,-30.04,,
Tom Casey Music,This Vocal Chain Technique Will Change the Way You Think About Your Voice,https://www.youtube.com/watch?v=rC0D4C_YdSs,"Mixing Techniques (Mixing Techniques, Vocal Effects)",54985,2025-08-09,11:49,709,91.73,61.68,-54.96,,
SadowickProduction,Ableton Live Ultimate Course 18 - Reverb & Delays,https://www.youtube.com/watch?v=YnKQoYKdj0Y,Mixing Techniques (Mixing Techniques),53724,2014-08-12,12:43,763,88.91,32.96,3.47,,
Sam Smyers,How to Use Multiband Dynamics in Ableton Live 11 - Everything You Need to Know,https://www.youtube.com/watch?v=eHXzTe4Rx-s,Beginner Guides (Beginner Guides),53231,2021-08-10,12:15,735,-98.35,-4.64,-6.03,,
SadowickProduction,Ableton Live Ultimate Course 16 - Coloration,https://www.youtube.com/watch?v=yNviUcN-hjY,Beginner Guides (Beginner Guides),52329,2014-08-12,13:54,834,-88.34,-5.33,39.9,,
Ableton Tutorials & Music habits,Fm synthesis in Ableton Operator,https://www.youtube.com/watch?v=nE0XhQHiZxY,Synthesizers (Synthesizers),52088,2009-08-13,03:38,218,12.35,-85.66,47.98,,
343 Labs,Make Better Techno Drum Patterns In Ableton Live With John Selway,https://www.youtube.com/watch?v=itCtPhbVPqQ,Beginner Guides (Beginner Guides),51844,2021-08-10,08:54,534,-71.6,21.17,-34.25,,
NXISEWOLF,Ableton Live 11 Beginners Tutorial - QUICK & EASY!,https://www.youtube.com/watch?v=sAjpnyfm_Dw,Beginner Guides (Beginner Guides),51640,2021-08-10,19:45,1185,-6.3,-4.26,-19.35,,
You Suck at Producing,You Suck at DJing: Mixing Two Songs in Ableton,https://www.youtube.com/watch?v=F18M_QjfUuw,Mixing Techniques (Mixing Techniques),49538,2015-08-12,04:20,260,67.45,56.51,17.32,,
Iftah,Sting 2 - A Really Nice Acid Line Performance System (Ableton Live / Max For Live / Push 3),https://www.youtube.com/watch?v=u_5oFDmlny8,"Beginner Guides (Beginner Guides, Max for Live (M4L), Live Performance)",49140,2025-08-09,08:36,516,87.43,-22.88,13.61,,
In The Mix,This Overlooked Ableton Feature Will Level Up Your Mix,https://www.youtube.com/watch?v=gWyk8gpse-E,Live Performance (Live Performance),48325,2024-08-09,07:00,420,99.62,-31.3,2.46,,
Reid Stefan,"How To Mix Vocals in Ableton: EQ, Compression, Reverb, Delay | Eventide Plugins",https://www.youtube.com/watch?v=cldWE8rzkRA,"Mixing Techniques (Mixing Techniques, Vocal Effects)",48160,2022-08-10,25:01,1501,47.98,55.59,-51.02,,
Official AHEE,Music Theory for Bass Music with AHEE,https://www.youtube.com/watch?v=mGlu9E4Vpa4,Beginner Guides (Beginner Guides),48131,2022-08-10,28:04,1684,-85.46,72.54,10.24,,
Sequence One,How to Set Volume Levels - Ableton Mixing Tutorial,https://www.youtube.com/watch?v=rvc7N5gZNDk,Mixing Techniques (Mixing Techniques),48018,2025-08-09,16:04,964,83.84,59.36,11.52,,
Push Patterns,Avoid These 10 Mistakes in Ableton Live (You'll Thank Me Later!),https://www.youtube.com/watch?v=9AOrYL1Vcjw,Beginner Guides (Beginner Guides),47995,2025-08-09,20:55,1255,-53.62,-19.93,4.48,,
EDM Tips,how I would learn music production (If I could start over),https://www.youtube.com/watch?v=z2DTUqV2gF4,Beginner Guides (Beginner Guides),47613,2025-08-09,14:54,894,-90.38,45.02,16.1,,
You Suck at Producing,Quantizing and Using Grooves (You Suck at Producing #36),https://www.youtube.com/watch?v=GzOGGLjauPQ,Beginner Guides (Beginner Guides),47383,2018-08-11,04:45,285,-7.58,-4.38,61.8,,
Busiless Music,Making Dark Cinematic Drone in Ableton Wavetable - Ableton Sound Design,https://www.youtube.com/watch?v=OAF_ZXzFHic,Synthesizers (Synthesizers),47376,2022-08-10,14:49,889,-8.01,-98.25,5.95,,
You Suck at Producing,Turn Drum Loops into Melodies with Live 11’s Hybrid Reverb,https://www.youtube.com/watch?v=0l7PS7C1JNw,Mixing Techniques (Mixing Techniques),47328,2021-08-10,06:03,363,86.7,25.92,23.95,,
Will Hatton,11 FREE M4L Devices Producers NEED For Ableton Live,https://www.youtube.com/watch?v=nL3KxXN71Uk,Max for Live (M4L) (Max for Live (M4L)),46367,2025-08-09,06:20,380,81.07,-26.01,80.44,,
Ethan Davis,Making a Song From Scratch in Ableton Live,https://www.youtube.com/watch?v=uUwd05U-U-E,Beat Making & Drums (Beat Making & Drums),45658,2025-12-12,28:16,1696,37.86,-39.66,-82.73,,
You Suck at Producing,How to use Distortion | You Suck at Producing #43,https://www.youtube.com/watch?v=EolO6-evB2M,Beginner Guides (Beginner Guides),45604,2018-08-11,05:01,301,-9.67,-9.65,45.87,,
Julian Gray Media,"How To Mix Vocals In Ableton  (Warp, Melodyne, Processing/Vocal Chain) From Start To Finish",https://www.youtube.com/watch?v=703KImGdj8A,"Beginner Guides (Beginner Guides, Mixing Techniques, Vocal Effects)",45220,2022-08-10,44:47,2687,29.33,90.55,-42.93,,
Anna Fruit,Creating a DJ Mix in Ableton Live's Arrangement View,https://www.youtube.com/watch?v=2QBzRf89HE4,Arrangement & Songwriting (Arrangement & Songwriting),44436,2024-08-09,05:55,355,44.27,-3.78,10.22,,
Warp Academy,Mastering Tutorial in Ableton Live,https://www.youtube.com/watch?v=iygFyCY5nKw,Mastering & Audio Polish (Mastering & Audio Polish),44337,2012-08-12,15:45,945,31.35,32.8,90.26,,
TAETRO,A Crash Course In Ableton Live's Drum Rack (For Beginners),https://www.youtube.com/watch?v=xcq02GvYm38,"Beginner Guides (Beginner Guides, Beat Making & Drums, MIDI & Automation)",44157,2025-08-09,20:49,1249,46.14,-5.42,-66.4,,
Ableton Tips by PML,Mastering for Beginners in Ableton 12,https://www.youtube.com/watch?v=XTH_q0s2r78,"Beginner Guides (Beginner Guides, Mastering & Audio Polish)",43369,2025-08-09,19:57,1197,23.72,62.48,81.23,,
Ableton,How to harmonize and layer your vocals,https://www.youtube.com/watch?v=cWIVqSfWo8A,"Mixing Techniques (Mixing Techniques, Vocal Effects)",42693,2026-02-10,06:50,410,73.76,61.06,-51.32,,
Music Production Nerds,How to Make Drum Loops For Beginners [Ableton Live Tutorial],https://www.youtube.com/watch?v=m4ai_yuZ498,Beginner Guides (Beginner Guides),42497,2020-08-10,14:03,843,-51.05,7.89,-32.94,,
LNA Does Audio Stuff,All About EQ Eight • Ableton Live Tutorial & Demonstrations,https://www.youtube.com/watch?v=P-zYXpc2-9I,Mixing Techniques (Mixing Techniques),42476,2021-08-10,15:06,906,85.44,69.43,-1.25,,
Zdrewe,5 Simple Steps To PRO Drums in Ableton (Stock Plugins ONLY),https://www.youtube.com/watch?v=B98dyb7S88E,Beat Making & Drums (Beat Making & Drums),42024,2025-08-09,15:30,930,14.2,-65.35,-71.58,,
SadowickProduction,Ableton Live Ultimate Course 17 - Dynamics,https://www.youtube.com/watch?v=x9Tyqcl0Aw0,Beginner Guides (Beginner Guides),41808,2014-08-12,12:04,724,-92.16,-19.59,53.39,,
EDMProd,Endless Creative Techniques With Ableton's Shaper,https://www.youtube.com/watch?v=cxaSLMkSwpA,Beginner Guides (Beginner Guides),41602,2021-08-10,27:24,1644,-16.95,91.49,-5.84,,
Ableton,Ableton Move Tutorial: Making a beat and recording,https://www.youtube.com/watch?v=aGjZ2HGK0mw,MIDI & Automation (MIDI & Automation),41458,2025-08-09,05:17,317,50.73,-13.62,-45.9,,
SadowickProduction,Ableton Live 10 Ultimate Tutorial 02 - Initial Setup,https://www.youtube.com/watch?v=M1tNL3eAbWk,Beginner Guides (Beginner Guides),41167,2020-08-10,25:34,1534,-54.53,-40.35,41.68,,
Matt Tinkler,Process Vocals Like a PRO in Ableton,https://www.youtube.com/watch?v=QtCSaZcM5pc,Vocal Effects (Vocal Effects),38829,2025-08-09,21:26,1286,-16.52,57.63,-81.65,,
SadowickProduction,Ableton Live 10 Ultimate Tutorial 06 - Auto filter & Automation,https://www.youtube.com/watch?v=gwPsH6PBi1w,MIDI & Automation (MIDI & Automation),37353,2020-08-10,47:42,2862,58.51,-10.2,-32.6,,
You Suck at Producing,You Suck at Producing: Drum Racks,https://www.youtube.com/watch?v=rNsdlJ4I3jk,Beginner Guides (Beginner Guides),36860,2017-08-11,02:56,176,-12.51,-27.74,47.07,,
EDMProd,Ableton Live vs FL Studio vs Logic Pro in 21 minutes 🎛️,https://www.youtube.com/watch?v=VFwiBSI6ZUQ,Beginner Guides (Beginner Guides),36105,2023-08-10,21:20,1280,-117.17,0.53,19.59,,
Skills Factory,Ableton Live 12 - Tutorial for Beginners in 12 MINUTES !  [ FULL GUIDE ],https://www.youtube.com/watch?v=7_TRZwKxwS4,"Beginner Guides (Beginner Guides, Arrangement & Songwriting)",35782,2024-08-09,12:49,769,27.27,-0.42,17.75,,
Pyramind,Get Wonky with Ableton's Simple Delay | Underbelly aka You Suck At Producing,https://www.youtube.com/watch?v=OVQ1qf0oJvs,Mixing Techniques (Mixing Techniques),33868,2018-08-11,07:14,434,56.61,36.52,-3.9,,
Reiche,Build An Ableton Mastering Rack Tutorial,https://www.youtube.com/watch?v=lpuqVPiV2TA,"Mastering & Audio Polish (Mastering & Audio Polish, MIDI & Automation)",32973,2016-08-11,10:29,629,43.96,25.24,113.05,,
Eric Ameres (eraserMice),M4L : Basic Max MIDI Synth in 1 minute! Pt 1 : Learn to build Max for Ableton live synths & devices!,https://www.youtube.com/watch?v=W2uUbKaZ_9E,"Synthesizers (Synthesizers, Max for Live (M4L), MIDI & Automation)",32967,2011-08-13,01:17,77,54.47,-61.27,-16.72,,
Ableton,Live Tips: Arpeggiator Vocal Chops,https://www.youtube.com/watch?v=JHwGR1n0qZY,Vocal Effects (Vocal Effects),32596,2025-08-09,00:48,48,14.55,56.45,-100.08,,
Vocalsss,How to Record Vocals in Ableton Live 12 (Beginner Guide | Works for 10 & 11!),https://www.youtube.com/watch?v=CvliTV6dLYQ,"Beginner Guides (Beginner Guides, Vocal Effects)",32563,2025-08-09,07:56,476,3.25,87.04,-36.29,,
Reid Stefan,"Mixing Vocals in Ableton: 7 Tips (Compressor, Autotune, EQ, Reverb)",https://www.youtube.com/watch?v=t2VuuSF0hto,"Mixing Techniques (Mixing Techniques, Vocal Effects)",31210,2017-08-11,06:20,380,56.52,56.24,-33.49,,
Reid Stefan,"How To Mix Vocals in Ableton Start to Finish🔥 Autotune, EQ, Compression, Reverb & FX 2025",https://www.youtube.com/watch?v=D_VvXYfiAdI,"Beginner Guides (Beginner Guides, Mixing Techniques, Vocal Effects)",30439,2025-08-09,59:10,3550,41.01,88.93,-51.05,,
LNA Does Audio Stuff,How To Use Compression • Mixing Course For Beginners [Lesson 6] • Ableton Live,https://www.youtube.com/watch?v=3hLUSKbLkws,"Mixing Techniques (Mixing Techniques, Max for Live (M4L))",30122,2021-08-10,16:07,967,98.13,26.75,-28.12,,
Celestial Textures,Ableton Live: Psytrance FM leads w/ Wavetable,https://www.youtube.com/watch?v=mvuV9M0NM1k,"Beginner Guides (Beginner Guides, Synthesizers)",29870,2021-08-10,10:33,633,-51.05,-93.66,-12.23,,
Busiless Music,Ableton WAVETABLE TUTORIAL Complete and Ultimate Guide and How to Design a Patch,https://www.youtube.com/watch?v=XJ1MF36Y560,Synthesizers (Synthesizers),29417,2023-08-10,20:41,1241,-2.64,-83.68,-22.64,,
Impulse Control,Ableton User? 4 MUST Have Max for Live Devices,https://www.youtube.com/watch?v=0eM6DEKpjtw,Max for Live (M4L) (Max for Live (M4L)),29153,2023-08-10,05:50,350,58.31,-34.64,61.3,,
Ethan Davis,1 Hour of Music Production Advice with a Pro (in Ableton Live),https://www.youtube.com/watch?v=r8jDf26Tq-0,Beginner Guides (Beginner Guides),28806,2025-08-09,01:00:24,3624,-109.97,47.42,5.02,,
Ned Rush,Max For Live Tutorial - Visual in Ableton Is Possible = Ned Rush,https://www.youtube.com/watch?v=zFtGfj9xKrw,Max for Live (M4L) (Max for Live (M4L)),28174,2019-08-11,24:34,1474,67.67,-53.57,64.99,,
Tom Casey Music,Let’s Make the Best Vocal Chain Ableton Can Create,https://www.youtube.com/watch?v=IBzvQScgI8c,Vocal Effects (Vocal Effects),27294,2024-08-09,13:18,798,24.11,83.05,-80.72,,
Tomas George,Ableton Live 9 in 5 Easy Steps | Beginner's Starter Guide,https://www.youtube.com/watch?v=P8ElctvjmUA,Beginner Guides (Beginner Guides),26644,2017-08-11,42:24,2544,-42.98,56.77,11.15,,
InspirAspir,A Beginner's Guide to Producing BETTER Sounding Drums | Ableton Live Music Production Tutorial,https://www.youtube.com/watch?v=xQROVIVNvYM,"Beginner Guides (Beginner Guides, Beat Making & Drums)",26505,2021-08-10,08:05,485,29.81,-2.39,-91.37,,
SadowickProduction,Ableton Live 10 Ultimate Tutorial 07 -  Impulse & Simpler,https://www.youtube.com/watch?v=FKPNT3Z6-Iw,Beginner Guides (Beginner Guides),26099,2020-08-10,40:12,2412,-50.39,-22.8,33.2,,
Kickback Couture,Ableton Live 12 Trap Beat Masterclass: The Formula for Industry-Ready Beats,https://www.youtube.com/watch?v=D8qzXpMKFvo,"Beginner Guides (Beginner Guides, Mixing Techniques)",25968,2025-08-09,22:21,1341,14.6,80.76,3.2,,
SYNTHO,The Only Ableton Live 12 Beginner Guide You Need,https://www.youtube.com/watch?v=gODmG3yqGbo,Beginner Guides (Beginner Guides),25581,2026-05-11,35:43,2143,-32.01,36.61,18.16,,
SadowickProduction,Ableton Live Ultimate Course 22 - Utilities,https://www.youtube.com/watch?v=8NpIJoJVmK8,Beginner Guides (Beginner Guides),25117,2014-08-12,07:51,471,-67.98,0.38,59.84,,
Chris Rostom,How to Mix & Master Metal in Ableton.,https://www.youtube.com/watch?v=2ZfTC4ft-X8,Beginner Guides (Beginner Guides),24979,2021-08-10,57:32,3452,-36.48,85.61,23.3,,
fromstudiotostage,How To Use EQ in Ableton Live for Beginners,https://www.youtube.com/watch?v=zbHt4StNmAo,Mixing Techniques (Mixing Techniques),24974,2023-08-10,07:19,439,88.72,69.94,-14.91,,
1 Minute Ableton Live Tips,DX7 Electric Piano sound with Operator (Ableton Live),https://www.youtube.com/watch?v=DxMV-oOM81U,Synthesizers (Synthesizers),24930,2019-08-11,00:51,51,11.28,-96.27,12.08,,
EDMProd,Ableton Operator: 8 Practical Tips In 16 Minutes,https://www.youtube.com/watch?v=6Glt03LqN3U,Synthesizers (Synthesizers),24896,2022-08-10,16:15,975,-11.63,-104.06,28.46,,
ELPHNT,Design Custom VST User Interfaces with Max For Live,https://www.youtube.com/watch?v=bsChOb_Oh8U,Max for Live (M4L) (Max for Live (M4L)),24226,2025-08-09,01:29:48,5388,64.82,-42.97,48.15,,
xystudiotools,Song Sketch 2: Getting Started,https://www.youtube.com/watch?v=qcLlCMEOBuc,"Beginner Guides (Beginner Guides, Arrangement & Songwriting)",24121,2022-08-10,07:27,447,37.31,11.22,18.95,,
Production Music Live,How to: Analog Lead Sound with Wavetable (Ableton Live),https://www.youtube.com/watch?v=XwM2YjSQ_2I,"Synthesizers (Synthesizers, MIDI & Automation)",23616,2019-08-11,09:58,598,34.24,-84.0,-23.45,,
The DJ Podcast and DJ Peter Morgan,Ableton Live Tutorial: How to Adjust the BPM in Your DJ Mix,https://www.youtube.com/watch?v=HgzcZ4_G_p4,Beginner Guides (Beginner Guides),23555,2012-08-12,05:57,357,14.58,28.43,-38.64,,
Sequence One,Sound Design with Wavetable in Ableton Live 10,https://www.youtube.com/watch?v=J0XXUPVc8dA,Synthesizers (Synthesizers),23239,2018-08-11,15:27,927,-7.33,-84.28,-4.37,,
SadowickProduction,Ableton Live Ultimate Course 25 - Operator,https://www.youtube.com/watch?v=uu_fDZcfg3s,Synthesizers (Synthesizers),23193,2014-08-12,14:49,889,6.25,-109.38,20.42,,
Zdrewe,I Tested 130+ Max for Live Devices - Only THESE Are Worth It,https://www.youtube.com/watch?v=5R6JwaV1vEI,Max for Live (M4L) (Max for Live (M4L)),21663,2025-12-12,10:11,611,65.62,-35.9,76.67,,
Antidote Audio,Simple Mastering in Ableton! [FREE ABLETON MASTERING CHAIN],https://www.youtube.com/watch?v=BQ8mQTvkyVU,"Beginner Guides (Beginner Guides, Mastering & Audio Polish)",21032,2019-08-11,05:38,338,16.6,54.06,71.9,,
SadowickProduction,Underground Warehouse Techno Idea Start To Finish In Ableton Live 10,https://www.youtube.com/watch?v=1pECdCJzP-0,Beginner Guides (Beginner Guides),21027,2019-08-11,23:53,1433,-44.94,-43.58,-35.17,,
GlennThomasTech,Simple Voice Over EQ & Compression in Ableton Live! (Podcasts & Dialogue),https://www.youtube.com/watch?v=Emilsp4_93s,Mixing Techniques (Mixing Techniques),20720,2019-08-11,06:31,391,83.45,89.06,-12.74,,
EDMProd,Ableton Live's Drum Rack: The Complete Beginner's Guide,https://www.youtube.com/watch?v=eOvfALtrLqE,"Beginner Guides (Beginner Guides, Beat Making & Drums, MIDI & Automation)",20411,2025-08-09,19:02,1142,37.43,1.37,-60.12,,
EDMProd,The Only Ableton Operator Tutorial You Need,https://www.youtube.com/watch?v=RnFh5CrR9zk,Synthesizers (Synthesizers),20208,2026-07-10,01:14:02,4442,26.73,-99.79,16.33,,
WinkSound,Ableton Live: Create Surround Sound Mixes With Max For Live | WinkSound,https://www.youtube.com/watch?v=MTeqNC1AnOU,Max for Live (M4L) (Max for Live (M4L)),20104,2012-08-12,03:10,190,78.22,-35.8,37.41,,
Tom Casey Music,These New Ableton Vocoding Effects Will Blow Your Mind,https://www.youtube.com/watch?v=F7Hk4nmbabg,Vocal Effects (Vocal Effects),19544,2025-08-09,10:53,653,10.21,58.02,-82.47,,
SadowickProduction,"Ableton Live Ultimate Course 34 - Parallel Channels, Groups & Sends",https://www.youtube.com/watch?v=YmaegHp1Yks,Beginner Guides (Beginner Guides),19139,2014-08-12,06:22,382,-75.12,-16.62,68.62,,
Production Music Live,2 How To Mix Vocals Using Ableton: EQ and Compression (2/3),https://www.youtube.com/watch?v=1N76qjHKBVg,"Mixing Techniques (Mixing Techniques, Vocal Effects, MIDI & Automation)",19114,2017-08-11,07:16,436,53.87,35.97,-45.78,,
SadowickProduction,Ableton Live Ultimate Course 31 - Routing,https://www.youtube.com/watch?v=DJC2JJEUJuM,Beginner Guides (Beginner Guides),18791,2014-08-12,10:09,609,-60.06,-13.81,51.12,,
Oleksii Alekseichuk (LXE),How To Master a Dj Mix in Ableton live? (Oleksii LXE),https://www.youtube.com/watch?v=LSQiwnFwLEE,Mastering & Audio Polish (Mastering & Audio Polish),18696,2022-08-10,22:01,1321,45.04,24.34,95.26,,
Ableton Tips by PML,Ableton Wavetable Synth - Full Guide for Beginners,https://www.youtube.com/watch?v=aLOYhVQbhp8,"Beginner Guides (Beginner Guides, Synthesizers)",18627,2025-08-09,30:48,1848,-51.88,-80.7,-22.06,,
SadowickProduction,Ableton Live 10 Ultimate Tutorial 09 - Analog Part 2,https://www.youtube.com/watch?v=Q2t_mg2O3Ms,Synthesizers (Synthesizers),18622,2020-08-10,01:30:13,5413,13.91,-110.62,-13.79,,
Collective Intelligence,How to Edit Audio in Ableton Live 12,https://www.youtube.com/watch?v=LCMG93olOFw,Beginner Guides (Beginner Guides),18607,2025-08-09,21:59,1319,-23.85,20.73,24.27,,
SadowickProduction,Ableton Live Ultimate Course 26 - Physical Modelling,https://www.youtube.com/watch?v=yMb6h1zbVHw,Beginner Guides (Beginner Guides),18558,2014-08-12,08:01,481,-75.75,-10.58,49.53,,
"iZotope, Inc.",How to Master a Song in Ableton Live with iZotope Ozone and RX,https://www.youtube.com/watch?v=GS7xBD7gHMg,Beginner Guides (Beginner Guides),18547,2022-08-10,16:54,1014,-19.46,85.2,24.64,,
Warp Academy,How to Make a Lead in Live 10’s Wavetable Synth - Ableton Tutorial,https://www.youtube.com/watch?v=pFRNnqe8faM,Synthesizers (Synthesizers),18199,2018-08-11,10:34,634,15.64,-71.54,-23.32,,
SadowickProduction,Ableton Live 10 - Quick & Easy Evolving Techno Sequences,https://www.youtube.com/watch?v=mauYARe351g,Beginner Guides (Beginner Guides),18185,2019-08-11,06:28,388,2.81,-15.13,-20.64,,
SC TUTS | Music Production Tutorial,How to easily make drum loop in Ableton from scratch,https://www.youtube.com/watch?v=B6dqw-R6oQo,Beginner Guides (Beginner Guides),18127,2023-08-10,13:38,818,-38.02,52.53,-43.94,,
Zdrewe,Why Ableton Operator Might Be Your BEST BASS SYNTH,https://www.youtube.com/watch?v=BkzNlz7Uuv8,Synthesizers (Synthesizers),17760,2025-09-13,09:39,579,18.7,-65.28,16.06,,
Low End Candy,Ableton Live 12 For Beginners: How To Go From Complete Beginner To Pro In Under 1 Hour,https://www.youtube.com/watch?v=4FduZ_Af6Pc,Beginner Guides (Beginner Guides),17621,2024-08-09,46:11,2771,-17.08,-17.72,16.82,,
EDMProd,How To Craft Your PERFECT Ableton Template 🤩,https://www.youtube.com/watch?v=ECZVF6NsyGE,Beginner Guides (Beginner Guides),17222,2023-08-10,17:25,1045,-57.66,9.04,-4.66,,
The CCSI,Tutorial: Creating a Simple Drum Beat in Ableton Live 9,https://www.youtube.com/watch?v=9sEgJ2q1FsQ,"Beat Making & Drums (Beat Making & Drums, MIDI & Automation)",16955,2014-08-12,08:54,534,38.69,-36.38,-62.94,,
Attack Magazine,What Is Max For Live?,https://www.youtube.com/watch?v=I8nvYKEexKE,Max for Live (M4L) (Max for Live (M4L)),16893,2023-08-10,01:30,90,71.53,-26.55,50.52,,
Ned Rush,Max For Live Tutorial - Visuals in Ableton with Jitter  = Ned Rush,https://www.youtube.com/watch?v=E789rX0Mwm4,"Synthesizers (Synthesizers, Max for Live (M4L))",16842,2021-08-10,49:40,2980,43.67,-56.11,13.35,,
EDMProd,How To Use Ableton Live 12 (Beginner Tutorial),https://www.youtube.com/watch?v=ENxQoldEU0k,Beginner Guides (Beginner Guides),16585,2024-08-09,51:03,3063,-16.01,20.67,10.03,,
WILLY WHEELZ MUSIC - LETS PRODUCE,HOW TO MAKE A REGGAE BEAT IN ABLETON LIVE  EASILY LIKE A PRO,https://www.youtube.com/watch?v=vydv5Z0Oot8,Beginner Guides (Beginner Guides),16525,2024-08-09,12:37,757,-22.53,33.36,-46.16,,
Write A Song,How to make a drum beat in Ableton : The Ultimate Guide,https://www.youtube.com/watch?v=6V-hl0TnXOk,Beginner Guides (Beginner Guides),16473,2022-08-10,14:55,895,-51.06,33.82,-44.43,,
Ableton,Make your first beat in Ableton Live | Beginner Series Ep. 1,https://www.youtube.com/watch?v=eji6fRuVNUw,"Beginner Guides (Beginner Guides, MIDI & Automation)",16410,2026-07-30,10:39,639,35.58,0.81,-36.84,,
SadowickProduction,"Ableton Live Ultimate Course 41 - Convert Harmony, Melody & Drums To MIDI",https://www.youtube.com/watch?v=7EGPrt7GudE,"Beat Making & Drums (Beat Making & Drums, MIDI & Automation)",16180,2014-08-12,10:03,603,28.09,-21.0,-62.54,,
Matt Tinkler,Make Your Own Drum Breaks in Ableton Live,https://www.youtube.com/watch?v=e34d237daLs,Beginner Guides (Beginner Guides),15869,2023-08-10,17:40,1060,-53.83,23.9,-33.51,,
Ableton Tutorials & Music habits,"eq, compression & reverb | Ableton Tutorial | Ableton Live tutorials | Music Production",https://www.youtube.com/watch?v=btWonKenCQs,Mixing Techniques (Mixing Techniques),15568,2012-08-12,21:59,1319,106.73,61.91,-15.72,,
xJ-Will,How to Master With Ableton 11.1  Stock Plugins,https://www.youtube.com/watch?v=YnI7tB8vfDY,Mastering & Audio Polish (Mastering & Audio Polish),15295,2022-08-10,10:55,655,48.95,41.1,101.91,,
K. Hart,How to Achieve Clean and Loud Masters in Ableton Live Using Stock and Free Plugins,https://www.youtube.com/watch?v=l8-NgZSS_xQ,Mastering & Audio Polish (Mastering & Audio Polish),14809,2024-08-09,13:18,798,51.14,56.87,92.79,,
AudioHaze,Its Not All EQ and Compression!!- Complete Vocal Mixing Tutorial (Beginners Mixing Lesson),https://www.youtube.com/watch?v=1NxVEYtucq0,"Mixing Techniques (Mixing Techniques, Vocal Effects)",14626,2022-08-10,22:21,1341,67.53,71.54,-37.87,,
Ableton Tips by PML,How to Mix Vocals | Ableton Stock Effects Only | Melodic House,https://www.youtube.com/watch?v=ON_Q7TomDds,"Beginner Guides (Beginner Guides, Vocal Effects)",14610,2023-08-10,18:33,1113,16.09,99.45,-61.85,,
SadowickProduction,Ableton Live 9 - Warping A Sampled Drum Break Into A Loop,https://www.youtube.com/watch?v=xj-U9vNAIlw,Beginner Guides (Beginner Guides),14607,2017-08-11,08:41,521,-40.05,57.16,-28.7,,
Ableton Tutorials & Music habits,subtractive synthesis in Ableton Operator,https://www.youtube.com/watch?v=39QIDmqMFBk,Synthesizers (Synthesizers),14300,2009-08-13,02:14,134,11.88,-79.9,34.92,,
SGBeatzTV,How To Make TRAP Beats In Ableton (Ableton Live 12 Trap Tutorial/Masterclass),https://www.youtube.com/watch?v=x5dXZLbsSfk,Beginner Guides (Beginner Guides),14210,2025-08-09,23:34,1414,11.6,68.58,0.52,,
Iftah,"Sting 2 + Expressive Chords - Building a Semi-Predictable, Musical Generative System in ableton live",https://www.youtube.com/watch?v=6oVAUx5PzSo,Beginner Guides (Beginner Guides),14137,2026-03-12,03:46,226,-46.17,-33.55,75.84,,
Matt Tinkler,Getting Started With Ableton Live (for Beginners),https://www.youtube.com/watch?v=KwJ9lj68FVk,Beginner Guides (Beginner Guides),13981,2024-08-09,36:20,2180,-40.12,2.89,50.42,,
Da Fresh,🔴 SIMPLE & EFFECTIVE MASTERING CHAIN | ABLETON LIVE (+ Free Download),https://www.youtube.com/watch?v=olSjhGPmqEI,Mastering & Audio Polish (Mastering & Audio Polish),13969,2026-02-10,09:11,551,18.8,33.16,74.28,,
Memory Code,Making Classic Boom  Bap Drums  In Ableton  Live (Part 1),https://www.youtube.com/watch?v=VTDag2GYv84,"Beginner Guides (Beginner Guides, Beat Making & Drums, MIDI & Automation)",13957,2021-08-10,17:34,1054,32.14,-6.42,-71.3,,
Sequence One,Ableton Live 12 for Absolute Beginners (The Only Guide You Need),https://www.youtube.com/watch?v=zaL5bD_w8U0,Beginner Guides (Beginner Guides),13677,2026-03-12,23:44,1424,-39.86,31.02,28.95,,
dnksaus,Wavetable is Ableton's Prettiest Synth,https://www.youtube.com/watch?v=cCy2nW9E6V4,Synthesizers (Synthesizers),13587,2023-08-10,09:55,595,4.01,-66.02,1.34,,
Push Patterns,Ableton Live 12.1 Limiter - EVERYTHING You Need to Know!,https://www.youtube.com/watch?v=5BF_AjPOCGk,Mastering & Audio Polish (Mastering & Audio Polish),13446,2025-08-09,05:58,358,20.22,46.76,114.64,,
SadowickProduction,Ableton Live 10 - Techno Reverb BPM/Synced Offset Trick,https://www.youtube.com/watch?v=jrVsC8y4pbo,Mixing Techniques (Mixing Techniques),13271,2018-08-11,05:00,300,107.65,42.03,-2.05,,
Ableton,Live Tips: Wavetable,https://www.youtube.com/watch?v=QGSSOgu7Yv0,Synthesizers (Synthesizers),13269,2025-08-09,00:59,59,-12.36,-73.9,5.64,,
Ableton Podcast and Side Brain,Best Max for Live Devices: Endless Creative Power in Ableton Live 12 by Sidebrain,https://www.youtube.com/watch?v=Lk0Gwxh0vqM,Max for Live (M4L) (Max for Live (M4L)),13051,2025-12-12,01:02:33,3753,61.79,-16.84,80.32,,
Julian Grimm,Mixing PUNK ROCK VOCALS in ABLETON LIVE! Is it possible?,https://www.youtube.com/watch?v=Ae6GEcaN5iQ,"Mixing Techniques (Mixing Techniques, Vocal Effects, MIDI & Automation)",13004,2020-08-10,13:37,817,66.3,32.47,-42.16,,
Push Patterns,How To Mix Vocals In Ableton (Stock Plugins) - FREE Download,https://www.youtube.com/watch?v=xwjrjjO-F9I,Vocal Effects (Vocal Effects),12873,2023-08-10,06:51,411,-6.64,75.61,-65.82,,
John McLaughlin,TUTORIAL - Vocal Processing in Izotope Nectar with Ableton Live,https://www.youtube.com/watch?v=KvT4MvCeIP4,Vocal Effects (Vocal Effects),12814,2013-08-12,12:28,748,20.83,70.14,-108.07,,
SadowickProduction,How I Accurately Extract Groove & Swing From Anything In Ableton Live,https://www.youtube.com/watch?v=fyAIs58l064,Beat Making & Drums (Beat Making & Drums),12609,2018-08-11,02:53,173,22.18,-41.32,-89.05,,
SadowickProduction,Making A Quick 808 Kick In Ableton Live 10,https://www.youtube.com/watch?v=NzyKgPH7__o,Beat Making & Drums (Beat Making & Drums),12513,2018-08-11,03:00,180,30.94,-54.34,-75.17,,
dude837,Delicious M4L Tutorial 1: Intro to the Live Object Model,https://www.youtube.com/watch?v=N0Jb-aDV7z8,"Beginner Guides (Beginner Guides, Max for Live (M4L))",12475,2011-08-13,18:10,1090,57.61,-0.12,50.65,,
SYNTHO,First 20 Mins in Ableton (2026),https://www.youtube.com/watch?v=ZC20rgmf39M,Beginner Guides (Beginner Guides),12347,2026-02-10,22:12,1332,-62.33,36.79,55.43,,
EDMProd,Ableton Warping Modes & How to Use Them,https://www.youtube.com/watch?v=910-N5UJ5HE,Beginner Guides (Beginner Guides),12262,2023-08-10,10:18,618,-38.54,55.75,-13.68,,
Push Patterns,"If I started using Ableton Live in 2026, I’d do THIS",https://www.youtube.com/watch?v=taL5dtnrU8I,Beginner Guides (Beginner Guides),12187,2026-04-11,19:39,1179,-53.04,21.75,46.81,,
SadowickProduction,Ableton Live Ultimate Course 45 - Hotswap,https://www.youtube.com/watch?v=Si9OqWr5aRI,Beginner Guides (Beginner Guides),12135,2014-08-12,03:22,202,-75.75,-10.58,49.53,,
Daniel Dehaan,Ableton Live: Advanced Sound Design Techniques - Self-Oscillating Filter with Operator,https://www.youtube.com/watch?v=vePNy4NA2X8,Synthesizers (Synthesizers),11870,2016-08-11,15:07,907,30.19,-76.0,27.74,,
You Suck at Producing,Why This Remix Took Me 2 Years 3 Vocalists & 2673 Versions to Finish,https://www.youtube.com/watch?v=PyJjbls_G_o,Beginner Guides (Beginner Guides),11836,2025-08-09,06:41,401,-70.63,58.07,-35.85,,
Push Patterns,How to make a TRAP drum beat in Ableton Live 10,https://www.youtube.com/watch?v=ped3e8Pdekw,Beginner Guides (Beginner Guides),11623,2021-08-10,04:50,290,-40.13,19.81,-44.88,,
SadowickProduction,[Studio Stream] Lets Remix Patrick Baker - Reckless Love Edition,https://www.youtube.com/watch?v=2JILL3POnlU,Beginner Guides (Beginner Guides),11511,2014-08-12,03:10:35,11435,-82.57,77.95,-25.97,,
SadowickProduction,Building A Techno Idea Using Only Session View In Ableton Live 10,https://www.youtube.com/watch?v=1KoGMEkxiWo,Live Performance (Live Performance),11273,2019-08-11,01:10:49,4249,111.71,-28.94,-8.01,,
Push Patterns,How to make a DRUM & BASS drum beat in Ableton Live 11,https://www.youtube.com/watch?v=6Uss1J_otSk,Beginner Guides (Beginner Guides),11224,2023-08-10,07:02,422,-40.69,34.65,-30.61,,
AudioHaze,"Mixing Vocals - EQ, Compression, and The Truth (Pt. 1, The Basics)",https://www.youtube.com/watch?v=xkh00JynTIU,"Beginner Guides (Beginner Guides, Mixing Techniques, Vocal Effects)",11122,2021-08-10,09:37,577,41.95,83.75,-34.94,,
ELPHNT,Building In Max For Live: Beyond The Basics,https://www.youtube.com/watch?v=otSuyBOecRQ,"Beginner Guides (Beginner Guides, Synthesizers, Mixing Techniques, Max for Live (M4L))",11042,2025-08-09,01:33:18,5598,55.93,-35.81,21.95,,
You Suck at Producing,The Most Slept On Ableton Synth for UK Dubstep,https://www.youtube.com/watch?v=vLsEQAxir1o,Synthesizers (Synthesizers),11013,2026-07-19,10:49,649,7.52,-48.73,8.2,,
Ableton Tips by PML,Mixing in Ableton 12 for Beginners,https://www.youtube.com/watch?v=yKrNVgkgmd0,"Beginner Guides (Beginner Guides, Mixing Techniques)",10961,2025-08-09,13:20,800,22.03,94.88,7.97,,
SadowickProduction,Ableton Live 10 Ultimate Tutorial 18 - Intermission,https://www.youtube.com/watch?v=sCYt_aqZ8Og,Beginner Guides (Beginner Guides),10868,2020-08-10,01:24:11,5051,-59.81,-32.35,25.89,,
Eric Ameres (eraserMice),"M4L : jitter tutorial : Max for Ableton Live, MotionMod by ZealTV, frame differencing",https://www.youtube.com/watch?v=oZayX7Jzf4Y,Max for Live (M4L) (Max for Live (M4L)),10779,2011-08-13,08:07,487,100.2,-24.06,56.38,,
Ableton Tips by PML,Ableton EQ - Full Guide for Beginners | Ableton Tutorial,https://www.youtube.com/watch?v=xnKmM38NYbc,"Beginner Guides (Beginner Guides, Mixing Techniques)",10715,2025-08-09,24:59,1499,28.69,93.78,18.89,,
Ableton Podcast,"Mixing & Mastering in Ableton Live: Bus Processing, Gain Staging & Pro Tips w/ Dan Giffin (Philia)",https://www.youtube.com/watch?v=k-F0ID56Aa0,"Mixing Techniques (Mixing Techniques, Mastering & Audio Polish)",10621,2025-12-12,01:13:39,4419,58.48,83.83,53.78,,
SadowickProduction,Ableton Live 10 Ultimate Tutorial 17 - Operator,https://www.youtube.com/watch?v=ccEBjOV307E,Synthesizers (Synthesizers),10516,2020-08-10,52:01,3121,15.12,-114.66,6.83,,
dnksaus,Make HEAVY Dubstep Basses with Operator,https://www.youtube.com/watch?v=PFmBcZujMwk,Synthesizers (Synthesizers),10320,2022-08-10,04:02,242,20.85,-113.56,33.76,,
Eric Ameres (eraserMice),M4L Tutorial #9 : Polyphony w/ Poly~ and Bondo in our Synth ! Max for Ableton Live,https://www.youtube.com/watch?v=34ayE5fkVp4,"Synthesizers (Synthesizers, Max for Live (M4L))",10243,2011-08-13,10:02,602,43.42,-54.98,-3.39,,
EDMProd,21 Advanced Ableton Live Production Tips,https://www.youtube.com/watch?v=ycQ-Mc60Vyg,Beginner Guides (Beginner Guides),10224,2025-09-13,37:29,2249,-120.0,28.58,33.9,,
Cycling '74,Audio Routes v1.5 - A suite of Max for Live multichannel routing devices,https://www.youtube.com/watch?v=tHBD50BWE0k,"Synthesizers (Synthesizers, Max for Live (M4L))",10135,2023-08-10,03:24,204,56.95,-61.89,2.6,,
SadowickProduction,Layering Kicks In New Ways With Ableton Live 10,https://www.youtube.com/watch?v=tPYdCCP3GGM,Beginner Guides (Beginner Guides),10109,2019-08-11,07:36,456,7.25,48.8,-21.42,,
Kimba's Academy,Your First House Beat in Ableton (Beginner Tutorial),https://www.youtube.com/watch?v=zwWK77OXl0U,Beginner Guides (Beginner Guides),10091,2025-08-09,28:48,1728,-40.4,4.33,-12.78,,
Ableton Tips by PML,How to Make Your Drums Punch Hard in Ableton 12,https://www.youtube.com/watch?v=7UdBromoBOg,"Beginner Guides (Beginner Guides, Beat Making & Drums)",9951,2025-08-09,13:00,780,14.66,-5.92,-90.44,,
Hit Makers Lab,How To Mix Rap Vocals Ableton To Sound Pro (2025 BEST GUIDE),https://www.youtube.com/watch?v=5G3mbyBJNME,Vocal Effects (Vocal Effects),9935,2025-08-09,12:24,744,10.84,61.53,-61.4,,
MIXED BY MALACHI,**NO SECRET** TO MIXING A TRAP BEAT || ABLETON LIVE 10.1.6 [EASY METHOD],https://www.youtube.com/watch?v=GX8Gjw1Yd-A,Mixing Techniques (Mixing Techniques),9921,2020-08-10,20:57,1257,89.56,48.02,-16.64,,
Weaver Beats,Mixing a hip hop instrumental pt 1 | ableton tutorial,https://www.youtube.com/watch?v=gmI29YuSmH4,Mixing Techniques (Mixing Techniques),9505,2019-08-11,18:45,1125,54.34,73.46,10.03,,
AZARYC,How to Mix Kick and Bass EASILY | Ableton,https://www.youtube.com/watch?v=T4pS-1WzqUA,Beginner Guides (Beginner Guides),9472,2024-08-09,04:08,248,-32.9,86.57,-39.01,,
Lucas Snyder,Groups vs Bussing in Ableton: Essential Tips for EDM Producers,https://www.youtube.com/watch?v=eMTryNam5qQ,Beginner Guides (Beginner Guides),9470,2025-08-09,05:41,341,-74.58,-29.18,-14.91,,
SadowickProduction,Ableton Live 9 - The Wrong & Right Way To Add Wet/Dry To Any Effect,https://www.youtube.com/watch?v=oTyj1U5jp60,Beginner Guides (Beginner Guides),9333,2017-08-11,04:26,266,-50.83,12.19,88.72,,
Ableton Tips by PML,Your First 15 Minutes in Ableton Live 12,https://www.youtube.com/watch?v=WH6-uEdBhLE,"Beginner Guides (Beginner Guides, Synthesizers)",9168,2024-08-09,16:16,976,-55.72,-78.52,-2.1,,
UK Bass Tutorials,Programming Basic Grime Drums | Ableton Live,https://www.youtube.com/watch?v=3BlOmrXZMFA,Beat Making & Drums (Beat Making & Drums),9038,2020-08-10,09:30,570,32.01,-28.35,-95.94,,
Useful Easy Ableton Live Tips. Beginners to Pros!,M4L Visuals! Two FREE Max For Live Visual Devices. Easy Ableton Live Tips.,https://www.youtube.com/watch?v=kUQXjy9IC2g,Max for Live (M4L) (Max for Live (M4L)),9032,2023-08-10,04:07,247,82.59,-46.67,76.85,,
MOONBOY,"5 Ways To Process Tech House Vocals in Ableton (Mau P, Chris Lake, Odd Mob)",https://www.youtube.com/watch?v=vDgVqHKPBIM,Vocal Effects (Vocal Effects),9011,2025-10-13,06:53,413,-20.62,77.29,-84.56,,
Cyril,The Secret To Pro Vocals In Ableton (Layering),https://www.youtube.com/watch?v=l98gKrMWzyw,Vocal Effects (Vocal Effects),8813,2023-08-10,07:20,440,13.16,44.43,-71.89,,
Julian Gray Media,Creating Depth In A Mix - Ableton Live,https://www.youtube.com/watch?v=-OGf16_gjts,Beginner Guides (Beginner Guides),8629,2016-08-11,14:38,878,-57.61,82.26,18.39,,
SadowickProduction,Ableton Live 9 - Parallel Processing 02 - Bigger Drums,https://www.youtube.com/watch?v=Z00Otq9eMJ0,Beat Making & Drums (Beat Making & Drums),8586,2014-08-12,03:15,195,6.63,-46.37,-95.66,,
Philip Meyer,Customize Ableton Live with the Live API,https://www.youtube.com/watch?v=Hfq-NXEhmzs,"Beginner Guides (Beginner Guides, Max for Live (M4L))",8571,2025-08-09,40:17,2417,45.29,-9.48,42.04,,
SYNTHO,Simple Guide To Mixing in Ableton - Clap & Snare,https://www.youtube.com/watch?v=Qtw2C6Y8PE4,"Beginner Guides (Beginner Guides, Mixing Techniques)",8569,2023-08-10,11:19,679,29.08,106.02,12.09,,
soundnerds,Ircam Spat In Max4Live Tutorial 01 Overview,https://www.youtube.com/watch?v=P23ipG_EfBI,Beginner Guides (Beginner Guides),8435,2021-08-10,07:21,441,-80.31,-47.88,8.49,,
Sequence One,Understand Sends & Returns - Ableton Live Tutorial,https://www.youtube.com/watch?v=pyl8DphhhqU,Beginner Guides (Beginner Guides),8401,2025-08-09,07:48,468,-11.6,-11.05,91.19,,
EDMProd,Ableton Live's Glue Compressor: The Complete Beginner's Guide,https://www.youtube.com/watch?v=vhw55lRjjqA,Beginner Guides (Beginner Guides),8395,2025-08-09,20:27,1227,-55.82,98.1,-6.99,,
The DJ Mixtape,How To Make A DJ Mix In Ableton Live,https://www.youtube.com/watch?v=9DODf4Jbls4,Beginner Guides (Beginner Guides),8380,2021-08-10,13:08,788,2.56,24.52,-36.87,,
Eric Ameres (eraserMice),"M4L Tutorial #8, more patchers and bpatchers in Max for Ableton Live",https://www.youtube.com/watch?v=hzSKyhsDuBc,Max for Live (M4L) (Max for Live (M4L)),8280,2011-08-13,05:27,327,84.16,-21.85,62.51,,
Low End Candy,Mix Vocals in Ableton Live 12 Like a Pro (Start-to-Finish),https://www.youtube.com/watch?v=Z3qr9H1yLpw,"Beginner Guides (Beginner Guides, Vocal Effects)",8272,2024-08-09,27:03,1623,17.88,82.56,-48.09,,
Da Drank Kang,Get Better Drums [Beats with Rhythm] Ableton Live Beat Making Tutorial,https://www.youtube.com/watch?v=o6tcwmls-uo,Beat Making & Drums (Beat Making & Drums),7946,2025-08-09,20:02,1202,22.77,-37.42,-72.68,,
SadowickProduction,Ableton Live 9 - Widening Your Tracks With The Frequency Shifter,https://www.youtube.com/watch?v=NzhAEM4E3uc,Beginner Guides (Beginner Guides),7894,2017-08-11,02:12,132,2.88,38.57,21.67,,
Eric Ameres (eraserMice),"M4L Tutorial #11 presets in DIY synth, Skrillex, Dubstep sounds,  Max for Ableton Live",https://www.youtube.com/watch?v=yWe2yPJ_ahs,"Synthesizers (Synthesizers, Max for Live (M4L))",7843,2011-08-13,06:45,405,45.66,-42.03,3.25,,
The Sound Design Channel,Ableton Wavetable Tutorial | Analog Lead | Sound Design,https://www.youtube.com/watch?v=yCkpP976gSE,Synthesizers (Synthesizers),7707,2021-08-10,10:00,600,19.13,-88.72,-17.51,,
EDMProd,6 Tips for Better Sidechain in Ableton Live,https://www.youtube.com/watch?v=dnlp4EVjEBA,Mixing Techniques (Mixing Techniques),7646,2023-08-10,13:48,828,63.86,38.94,29.39,,
School of Electronic Music,Advanced sound design with Ableton Live Wavetable,https://www.youtube.com/watch?v=RE1pxcfr558,Synthesizers (Synthesizers),7354,2019-08-11,05:22,322,2.38,-82.85,6.72,,
Eric Ameres (eraserMice),M4L Tutorial #5 Adding New Waveforms to our synth in Max for Ableton Live,https://www.youtube.com/watch?v=3whll-BnT-w,"Synthesizers (Synthesizers, Max for Live (M4L))",7293,2011-08-13,02:03,123,47.43,-42.63,-12.08,,
Isotonik Studios,WALKTHROUGH - Coalescence - MaxforLive Instrument for Ableton Live by Dillon Bastan,https://www.youtube.com/watch?v=-fNfA3T613I,Beginner Guides (Beginner Guides),7259,2024-08-09,41:38,2498,-3.03,40.7,0.95,,
EDM Tips,HOW TO MAKE AN EDM TRACK COMPLETELY FROM SCRATCH IN ABLETON LIVE!,https://www.youtube.com/watch?v=VJZDPTIcTeI,Beginner Guides (Beginner Guides),7244,2026-08-01,50:34,3034,-67.14,-11.48,-36.6,,
Josh Trinnaman,Easy Separate Headphone Mixes for Bands in Ableton,https://www.youtube.com/watch?v=k4jzCfHNqWc,Beginner Guides (Beginner Guides),7206,2025-08-09,12:16,736,-49.32,61.07,28.83,,
Jack Lion,Max for Live: Basic M4L MAP Button,https://www.youtube.com/watch?v=Wy3SYumK5Vg,Max for Live (M4L) (Max for Live (M4L)),7097,2022-08-10,27:12,1632,76.99,-37.19,63.72,,
XNB,A guide to the Ableton WAVETABLE SYNTH tutorial,https://www.youtube.com/watch?v=Hvb-IquTTsA,Synthesizers (Synthesizers),6989,2023-08-10,01:03:32,3812,-0.29,-68.1,-13.74,,
Frenchtown Media,Mastering Ableton Push 2: Complete Workflow Guide,https://www.youtube.com/watch?v=B_JQvJCZQHM,"Mastering & Audio Polish (Mastering & Audio Polish, Live Performance)",6982,2025-08-09,17:20,1040,37.43,20.81,77.86,,
Finish More Music,Ableton Sound Design Tutorial - Drums That Cut Through The Mix,https://www.youtube.com/watch?v=oc5YQf_Xy14,"Beat Making & Drums (Beat Making & Drums, Synthesizers)",6932,2020-08-10,11:10,670,-1.94,-60.24,-84.66,,
Warp Academy,The New Channel EQ in Ableton Live 10.1 - First Look + Mixing Tutorial,https://www.youtube.com/watch?v=5xs-gEgT7JI,Mixing Techniques (Mixing Techniques),6875,2019-08-11,09:41,581,91.47,73.63,10.42,,
Audioreakt,Techno Sound Design Tips 02 (Ableton Wavetable),https://www.youtube.com/watch?v=AtR4CRDDtGg,Synthesizers (Synthesizers),6850,2020-08-10,01:42,102,-29.75,-82.51,20.73,,
SadowickProduction,Ableton Live 10 - Max for Live Essentials Poli Tutorial,https://www.youtube.com/watch?v=xJvPq8qtS7Y,Max for Live (M4L) (Max for Live (M4L)),6504,2018-08-11,23:25,1405,78.27,-7.51,70.41,,
Next Level Sound,How to make Drums in Ableton (2 hour Masterclass) - Tutorial,https://www.youtube.com/watch?v=TiEMnWfaliE,Beat Making & Drums (Beat Making & Drums),6355,2023-08-10,01:50:41,6641,12.91,-27.44,-97.02,,
xole,How to Mix Alternative R&B / Pop Vocals in Ableton Live,https://www.youtube.com/watch?v=R9QbPIV_W0Q,"Mixing Techniques (Mixing Techniques, Vocal Effects)",6185,2022-08-10,12:29,749,64.95,52.1,-46.62,,
Ableton Tips by PML,How to Recreate Any Synth Sound using Ableton & Wavetable,https://www.youtube.com/watch?v=IAKSC5-Wh3E,"Beginner Guides (Beginner Guides, Synthesizers)",6096,2026-04-11,27:57,1677,-43.28,-79.84,-14.25,,
SadowickProduction,Is Ableton Hard To Learn?,https://www.youtube.com/watch?v=CxS-BNmqTvw,Beginner Guides (Beginner Guides),6073,2019-08-11,08:59,539,-73.72,46.62,33.97,,
Becky Saif,5 Ways To Rescue Your Muddy Mix | Ableton Live 11,https://www.youtube.com/watch?v=sNOm4xVYAvQ,Beginner Guides (Beginner Guides),5902,2022-08-10,13:26,806,-9.0,45.73,-21.27,,
Jannis Le Wolff,"Making Synth Bell Sounds in Ableton Live w/ Analog, Operator & Wavetable | Ableton Live Sound Design",https://www.youtube.com/watch?v=lh7d5I_aJ3Y,Synthesizers (Synthesizers),5809,2023-08-10,12:12,732,37.28,-81.33,4.52,,
SadowickProduction,Ableton Tips For Beginners,https://www.youtube.com/watch?v=4o5A-sNNyfI,Beginner Guides (Beginner Guides),5788,2018-08-11,12:26,746,-46.9,-0.65,12.1,,
Eric Ameres,"M4L: quad panner build : ""quick"" max for live tutorial using the Ableton live API",https://www.youtube.com/watch?v=B5fFEKa6Rdc,Max for Live (M4L) (Max for Live (M4L)),5706,2011-08-13,13:21,801,92.36,-6.9,55.25,,
Aspect Music Academy and Matt Tinkler,The Only Ableton Live 12 Beginner Tutorial You Need,https://www.youtube.com/watch?v=xPHhEqZD5Xc,Beginner Guides (Beginner Guides),5694,2026-07-10,48:03,2883,-30.15,26.54,11.34,,
Collective Intelligence,MASTER the Ableton Live Limiter,https://www.youtube.com/watch?v=RwszUXIAtvw,Mastering & Audio Polish (Mastering & Audio Polish),5602,2025-10-13,10:20,620,37.46,55.63,106.71,,
SadowickProduction,Ableton Live Random Velocity Tricks,https://www.youtube.com/watch?v=LLz37NXAzeQ,Beginner Guides (Beginner Guides),5554,2019-08-11,09:36,576,-65.76,18.9,10.81,,
SKMakesBeats,How To Make Dark UK Drill Beats From Scratch In Ableton Live 12,https://www.youtube.com/watch?v=qrYpZ9tijBU,Beginner Guides (Beginner Guides),5516,2025-08-09,19:30,1170,-70.96,38.15,-64.72,,
EDMProd,Learn Ableton Live from Scratch (Complete Beginner Course),https://www.youtube.com/watch?v=6fE5HwO-oxM,Beginner Guides (Beginner Guides),5426,2026-07-26,02:25:56,8756,-85.58,20.93,33.73,,
ReOrder,Trance Vocal processing in Ableton Live with AI,https://www.youtube.com/watch?v=y2YopydU_rI,Vocal Effects (Vocal Effects),5420,2024-08-09,06:03,363,1.94,67.03,-107.47,,
Ableton Podcast and You Suck at Producing,"You Suck at Producing: Ableton 12.4 Updates, AI Tools & Mixing Tips - Episode 197",https://www.youtube.com/watch?v=MiysgNksADA,Mixing Techniques (Mixing Techniques),5390,2026-03-12,01:12:28,4348,47.09,52.73,17.5,,
SadowickProduction,Tips For Managing Very Large Projects In Ableton Live 9,https://www.youtube.com/watch?v=AQuOr9eQv44,Beginner Guides (Beginner Guides),5294,2017-08-11,02:45,165,-60.77,-3.55,17.27,,
Sequence One,Music Theory in Ableton Live 12 - Full FREE Course for Beginners,https://www.youtube.com/watch?v=4VPaC4UrO-4,Beginner Guides (Beginner Guides),5262,2025-11-12,02:14:36,8076,-94.09,77.91,21.28,,
Music By Mattie,How to get Professional Vocals in Ableton (With Only Stock Plugins!),https://www.youtube.com/watch?v=N9OmlE-TU-o,Vocal Effects (Vocal Effects),5128,2026-02-10,15:11,911,-2.42,88.1,-78.58,,
ADSR Music Production Tutorials,Ableton Wavetable Full Breakdown: Why It’s the Most Underrated Synth in Ableton Live Suite,https://www.youtube.com/watch?v=owoD-yXgge0,Synthesizers (Synthesizers),5092,2022-08-10,01:06:08,3968,16.57,-60.04,-7.04,,
J. Fogleman,Make your own Reverb Plugin: Max for Live All Pass Filters Tutorial in Ableton,https://www.youtube.com/watch?v=XLyrEKX4Q2g,"Mixing Techniques (Mixing Techniques, Max for Live (M4L))",5083,2025-08-09,10:17,617,88.14,14.57,-22.1,,
Speakerstack Music,How to Create a Rock Song in Ableton   Mixing and Mastering,https://www.youtube.com/watch?v=V8YbAkKKCjU,"Mixing Techniques (Mixing Techniques, Mastering & Audio Polish)",4998,2023-08-10,16:29,989,74.44,60.46,56.2,,
Eric Ameres (eraserMice),"M4L: modulate any device parameter, dubstep style : Ableton & Max for Live tutorial",https://www.youtube.com/watch?v=QTsprNVgu9g,Max for Live (M4L) (Max for Live (M4L)),4862,2011-08-13,13:56,836,98.15,-45.24,57.5,,
SadowickProduction,Ableton Live 10 - Audio Effect Chains VS Wet/Dry Mix,https://www.youtube.com/watch?v=JwgR6TOc55s,Beginner Guides (Beginner Guides),4680,2019-08-11,07:41,461,-43.73,20.66,89.7,,
K. Hart,Checking out Super Knobs in Ableton Live,https://www.youtube.com/watch?v=4KZVz_oWzys,Beginner Guides (Beginner Guides),4675,2025-08-09,05:39,339,-45.74,29.18,8.93,,
Audioreakt,Techno Sound Design Tips 15 (Ableton Wavetable),https://www.youtube.com/watch?v=58RtOtKqChU,Synthesizers (Synthesizers),4646,2020-08-10,04:41,281,-25.21,-88.96,5.82,,
FASTLANE École Audio Numérique,Ableton Live Tutorial - Max for Live Devices - Envelope,https://www.youtube.com/watch?v=WrXYo4iBfQc,Max for Live (M4L) (Max for Live (M4L)),4475,2018-08-11,17:49,1069,68.05,-21.44,65.39,,
Weaver Beats,Mixing a hip hop beat PT 2 - EQ & Compression | Ableton Tutorial,https://www.youtube.com/watch?v=P1HjUJ3Fyrs,"Beginner Guides (Beginner Guides, Mixing Techniques)",4455,2019-08-11,11:17,677,40.99,86.79,7.88,,
abletunes,Vocal Processing in Ableton Live - Part 2,https://www.youtube.com/watch?v=7k-RhsNj3pI,Vocal Effects (Vocal Effects),4404,2015-08-12,08:17,497,10.89,71.9,-92.1,,
Carter Haugen,How to Make Chill R&B Drums in Ableton [Free Essentials Drumkit],https://www.youtube.com/watch?v=o79aPuVVduk,Beat Making & Drums (Beat Making & Drums),4401,2022-08-10,23:59,1439,0.1,-21.04,-86.05,,
VDJ Jayesh,How to Easily Create a DJ Mix in Ableton Live | Beginner Tutorial,https://www.youtube.com/watch?v=HQwL32BTLpI,Beginner Guides (Beginner Guides),4391,2025-08-09,21:39,1299,2.06,22.76,-50.17,,
Eric Ameres (eraserMice),"M4L: creating delay with feedback howto tutorial, Max for Ableton Live",https://www.youtube.com/watch?v=ZxPv1eKkyk8,"Synthesizers (Synthesizers, Mixing Techniques, Max for Live (M4L))",4258,2011-08-13,08:28,508,58.21,-47.03,10.72,,
Eric Ameres (eraserMice),M4L Tutorial 12 Pulse Width (Duty Cycle) mod for Synth Waveforms : Max for Ableton Live tutorial,https://www.youtube.com/watch?v=CNH0idQHNpA,"Synthesizers (Synthesizers, Max for Live (M4L))",4040,2011-08-13,03:31,211,58.26,-45.85,-5.26,,
KrysticMusic,Ableton Live 12 EDM Tutorial For Complete Beginners,https://www.youtube.com/watch?v=6fUatp4Pwts,Beginner Guides (Beginner Guides),4031,2026-02-10,26:55,1615,-13.07,-9.34,5.68,,
Berklee Online,Music Production 101: Drum Programming & Patterns in Ableton Live | Berklee Online,https://www.youtube.com/watch?v=eJ5s208VEVg,Beginner Guides (Beginner Guides),3999,2025-08-09,04:14,254,-84.9,19.54,-18.44,,
Artist Flow,My Complete Mixing Guide Using ONLY Ableton Stock Plugins,https://www.youtube.com/watch?v=k9biFRjTGkg,Mixing Techniques (Mixing Techniques),3879,2025-08-09,15:29,929,80.85,54.0,29.94,,
Cylus,Mastering the Ableton 12: Compressor Effect,https://www.youtube.com/watch?v=OM02xttX2Z4,Mastering & Audio Polish (Mastering & Audio Polish),3776,2025-08-09,04:46,286,22.13,54.13,99.62,,
Letsynthesize,HOW TO MAKE WAVETABLE WITH OPERATOR FOR NEURO BASSES - Synthesize Sunday 101 [PRESET DOWNLOAD],https://www.youtube.com/watch?v=XLUYUsJv1IE,Synthesizers (Synthesizers),3688,2019-08-11,09:05,545,34.79,-119.38,26.21,,
You Suck at Producing,i made an app that puts my tutorials inside your ableton,https://www.youtube.com/watch?v=Ps6akCiIFNc,Beginner Guides (Beginner Guides),3678,2026-07-19,54:15,3255,-68.69,48.54,81.61,,
Myshko Music,Learn Ableton in 60 Minutes - FREE Course (2026),https://www.youtube.com/watch?v=bcScduj8DsM,Beginner Guides (Beginner Guides),3533,2025-11-12,01:04:06,3846,-89.52,30.28,59.32,,
You Suck at Producing,putting your sound requests together in a beat,https://www.youtube.com/watch?v=3CDWs9FVgoA,Beginner Guides (Beginner Guides),3518,2024-08-09,56:09,3369,-21.29,7.35,-60.84,,
Letsynthesize,EDM Production 001 - Ableton Live 10 Best features,https://www.youtube.com/watch?v=bVXs9BXpzyo,Beginner Guides (Beginner Guides),3465,2018-08-11,15:07,907,-89.49,-11.54,-31.75,,
Viktoria Silk,"Ableton Live Synth Trinity - Analog, Operator, Wavetable",https://www.youtube.com/watch?v=Gv85K4_ElKQ,Synthesizers (Synthesizers),3326,2020-08-10,19:31,1171,24.02,-77.67,1.03,,
macProVideoDotCom,Live 8 405 - Max for Live Basics - 17: Audio Signals and Amplitude Modulation,https://www.youtube.com/watch?v=8Y5auUIfHog,"Beginner Guides (Beginner Guides, Max for Live (M4L))",3318,2012-08-12,07:54,474,46.44,-27.33,38.72,,
Lit Lords,Ableton Wavetable?! [New Secret Weapon],https://www.youtube.com/watch?v=5FC4_psV_Go,Synthesizers (Synthesizers),3304,2022-08-10,06:03,363,-13.67,-58.8,18.81,,
Ableton,Mix and automate your track in Ableton Live | Beginner Series Ep. 7,https://www.youtube.com/watch?v=xPHX-zDsjuo,"Beginner Guides (Beginner Guides, Mixing Techniques, MIDI & Automation)",3297,2026-08-05,08:04,484,39.29,10.32,-32.91,,
Julian Grimm,MASTERING acoustic rock in ABLETON LIVE with STOCK PLUGINS,https://www.youtube.com/watch?v=tGKOcbEHjdw,Mastering & Audio Polish (Mastering & Audio Polish),3178,2021-08-10,13:44,824,48.36,38.58,85.2,,
Audioreakt,Techno Sound Design Tips 12 (Ableton Wavetable),https://www.youtube.com/watch?v=Ac8zz4w99pk,Synthesizers (Synthesizers),3108,2020-08-10,02:52,172,-15.32,-84.71,16.71,,
Catalyze Music Academy,Add Motion To Your Sound Design With Wavetable's Matrix | Ableton Live Tutorial,https://www.youtube.com/watch?v=98XTwmm08K8,Synthesizers (Synthesizers),3103,2022-08-10,20:54,1254,4.85,-93.86,-6.24,,
Eric Ameres (eraserMice),"M4L, Metro & toggle demystified : Max for Ableton Live (Max metronome tutorial #4)",https://www.youtube.com/watch?v=EwYvaHKMi-Y,Max for Live (M4L) (Max for Live (M4L)),3093,2011-08-13,06:47,407,86.22,-33.22,52.25,,
Lillian Frances,How to Make a Beat in Ableton (Pt. 1: Drums),https://www.youtube.com/watch?v=gLT_A019AaM,Beat Making & Drums (Beat Making & Drums),2964,2024-08-09,14:47,887,21.91,-23.91,-82.69,,
Frenchtown Media,Mixing in Ableton Live: Balancing Tracks for a Polished Mix,https://www.youtube.com/watch?v=LI2X9kQUznU,Mixing Techniques (Mixing Techniques),2942,2020-08-10,13:35,815,97.82,47.91,14.78,,
Eric Ameres (eraserMice),M4L : getting started with midi and audio effects in Max for Ableton Live tutorial,https://www.youtube.com/watch?v=xTAVGjy5gLE,"Beginner Guides (Beginner Guides, Max for Live (M4L), MIDI & Automation)",2928,2011-08-13,08:31,511,66.05,-8.57,28.21,,
Dadda,[Ableton M4L Tutorial] Generate Melodies and Sequences with the Turing machine,https://www.youtube.com/watch?v=PLvTPdYFtJ8,Max for Live (M4L) (Max for Live (M4L)),2854,2021-08-10,10:12,612,95.33,-34.02,70.87,,
Sonic Art,How to MASTER in SIMPLE steps ONLY with Ableton Live (Easy and Fast),https://www.youtube.com/watch?v=gCwHlDu8xTw,Beginner Guides (Beginner Guides),2791,2025-11-12,09:04,544,-44.91,70.15,5.04,,
Push Patterns,The FASTEST Way to Improve Your Mixes - EDMProd SuperKnobs,https://www.youtube.com/watch?v=BEZpn2CucjI,Live Performance (Live Performance),2771,2025-08-09,04:18,258,97.13,-37.72,-11.36,,
PausePlayRepeat,Ableton Live 12 Limiter: Pro Secrets for LOUD Mixes (Without Killing Dynamics),https://www.youtube.com/watch?v=31Pebl5vjVc,Mastering & Audio Polish (Mastering & Audio Polish),2751,2025-08-09,01:58,118,38.27,44.05,120.0,,
Ableton Tutorials & Music habits,Max 4 Live Kapture Walkthrough (M4L Effect by Richie Hawtin),https://www.youtube.com/watch?v=8P0StrfwzIk,Max for Live (M4L) (Max for Live (M4L)),2694,2021-08-10,07:00,420,81.51,-49.94,51.56,,
Peaks of Valleys,Making Kalimba and Organ sounds with Operator's User Waves,https://www.youtube.com/watch?v=GnsEX6yi33E,Synthesizers (Synthesizers),2655,2022-08-10,06:17,377,43.32,-90.66,20.87,,
SadowickProduction,Ableton Live 9 - Make Your Own Multiband Glue Compressor,https://www.youtube.com/watch?v=IbJuitFApUY,Beginner Guides (Beginner Guides),2642,2017-08-11,04:53,293,-63.75,105.37,-15.97,,
Tom Casey Music,Ableton SECRETS to an Excellent Vocal Chain,https://www.youtube.com/watch?v=TyAE1fcN-Oc,Vocal Effects (Vocal Effects),2615,2025-08-09,13:10,790,25.49,84.77,-97.82,,
David E. Farrell,Ableton Live: Controlling Parameters using Max for Live,https://www.youtube.com/watch?v=otSAHfAz6Lc,Max for Live (M4L) (Max for Live (M4L)),2555,2025-08-09,14:52,892,85.94,-18.58,42.52,,
abletunes,Vocal Processing in Ableton Live - Part 3,https://www.youtube.com/watch?v=u0zcDDKmmwc,Vocal Effects (Vocal Effects),2434,2015-08-12,08:27,507,10.89,71.9,-92.1,,
Brian Funk,Custom Wavetables in Ableton Live's Wavetable Synthesizer,https://www.youtube.com/watch?v=U4waN69u6Ks,"Synthesizers (Synthesizers, Arrangement & Songwriting)",2388,2022-08-10,04:19,259,-1.39,-47.49,-18.75,,
Samplified,"Ableton 10 Wavetable Tutorial - Sound Design, Modulation, & Walkthrough",https://www.youtube.com/watch?v=TEkWKMjnLGQ,Synthesizers (Synthesizers),2263,2019-08-11,02:45,165,-14.41,-97.9,-13.37,,
Underground Beats,Pro Mixing & Mastering Using ONLY Ableton Stock Plugins (+Project),https://www.youtube.com/watch?v=Jdwm9_dmUw0,"Mixing Techniques (Mixing Techniques, Mastering & Audio Polish)",2168,2026-04-11,01:11:25,4285,49.38,69.82,47.86,,
Lucas Snyder,Ableton Glue Compressor Side chain and EQ Explained,https://www.youtube.com/watch?v=umIpA3lWiZM,Mixing Techniques (Mixing Techniques),2166,2025-08-09,06:50,410,103.74,83.32,-5.59,,
Vocalsss,Ableton 12 Beginner Guide (Start Here),https://www.youtube.com/watch?v=9t-ZSDWGyMU,Beginner Guides (Beginner Guides),2115,2026-03-12,24:07,1447,-20.0,41.91,13.24,,
Alien Chaos,Organic Synthesys with @Ableton  Wavetable,https://www.youtube.com/watch?v=yCZkhYpw_FM,Synthesizers (Synthesizers),2099,2021-08-10,04:14,254,-11.74,-57.44,-1.27,,
DJ Contour,How To Make Trap Beats In Ableton Live 12,https://www.youtube.com/watch?v=hJfEu5ZLwQE,"Beginner Guides (Beginner Guides, Beat Making & Drums)",2067,2026-02-10,15:25,925,14.09,1.82,-80.69,,
EDMProd,Superknobs: SPACE Showcase (30 One-Knob Ableton Live Racks),https://www.youtube.com/watch?v=gbCaK7qD2Cw,Beginner Guides (Beginner Guides),2002,2025-12-12,13:54,834,-25.39,-35.07,36.98,,
Projektor,Extremely Flexible Vocal Processing for Psytance!,https://www.youtube.com/watch?v=H5AuQuHiK6A,Vocal Effects (Vocal Effects),1998,2024-08-09,05:10,310,-4.81,80.3,-97.09,,
sam ssaem,Live Object Model in Max for Live [Max/MSP Tutorial],https://www.youtube.com/watch?v=xb_jNccGExo,Max for Live (M4L) (Max for Live (M4L)),1892,2025-08-09,15:05,905,73.71,-8.97,53.14,,
KrysticMusic,Ableton Live 12 Made Easy | First Beat in 10 Minutes (Beginner's Guide),https://www.youtube.com/watch?v=ILzm_cHLzvo,Beginner Guides (Beginner Guides),1719,2025-09-13,10:00,600,-30.38,54.11,26.89,,
EDMProd,CREATIVE Comping in Ableton?,https://www.youtube.com/watch?v=mUoUkPl1PiU,Beginner Guides (Beginner Guides),1681,2022-08-10,13:31,811,-22.62,80.65,-4.94,,
EDMProd,The Ultimate Ableton Workflow Guide [FULL COURSE],https://www.youtube.com/watch?v=oSqDqAiWJ3g,Beginner Guides (Beginner Guides),1667,2026-08-04,02:14:44,8084,-69.38,2.36,40.78,,
The Sound Design Channel,"ABLETON Synths Tutorial | Analog, Wavetable, Operator | Beginners Sound Design",https://www.youtube.com/watch?v=Z5ivvUJHY6E,Synthesizers (Synthesizers),1638,2023-08-10,15:25,925,25.03,-95.08,-2.29,,
DJ Phil Harris,LOUD ABLETON MASTER - A-Z Guide!,https://www.youtube.com/watch?v=KWG0z00U3GU,Beginner Guides (Beginner Guides),1571,2026-01-11,41:03,2463,-37.18,80.27,37.27,,
Gourlie Records,Operator Sound Design in Ableton Live 11,https://www.youtube.com/watch?v=U-shKAc1jNM,Synthesizers (Synthesizers),1435,2021-08-10,01:17:28,4648,2.12,-89.86,23.17,,
Recluse-Audio,Ableton's Wavetable CANNOT Make Noise???,https://www.youtube.com/watch?v=TZos95zz24s,Synthesizers (Synthesizers),1420,2022-08-10,17:07,1027,-19.26,-72.95,-12.92,,
EDMProd,Ableton Live: The One-Knob Trick for Faster Sound Design,https://www.youtube.com/watch?v=w-wNqmK8Si8,Synthesizers (Synthesizers),1384,2025-08-09,51:41,3101,-10.89,-78.0,36.76,,
Eric Ameres,"M4L: Step Sequence Device Parameters : New Ableton, Max for Live tutorial",https://www.youtube.com/watch?v=ydQGd8S9dlM,Max for Live (M4L) (Max for Live (M4L)),1253,2011-08-13,15:21,921,98.5,-34.54,40.8,,
Loudon Stearns,Designing an MPE synth in M4L 1. MPE in Ableton,https://www.youtube.com/watch?v=XPjsKGY9e80,"Synthesizers (Synthesizers, Max for Live (M4L))",1167,2021-08-10,02:00,120,31.31,-41.16,-4.44,,
Pierpaolo Ovarini,tRemap by somePlugin Tutorial (Free Ableton Plugin M4L - beta),https://www.youtube.com/watch?v=glyokd0CWG0,Max for Live (M4L) (Max for Live (M4L)),1163,2022-08-10,06:08,368,96.61,-15.29,73.59,,
Piff Riffs,How to Compress Vocals - Ableton Glue Compressor Tutorial,https://www.youtube.com/watch?v=mUb231stVxY,Vocal Effects (Vocal Effects),1068,2020-08-10,06:39,399,25.15,64.56,-74.49,,
