autor,titulo,enlace,categoria_descriptores,vistas_reales,fecha_publicacion,latent_x,latent_y,latent_z
Envato Tuts+,Adobe Illustrator for Beginners | FREE COURSE,https://www.youtube.com/watch?v=Ib8UBwu3yGA,Beginner Guides (Beginner Guides),12161527,2020-08-10,42.81,-10.31,-20.59
Yes I'm a Designer,Learn to Draw Anything with Adobe Illustrator CC,https://www.youtube.com/watch?v=RbbQl2sU-ag,Vector Illustration & Drawing (Vector Illustration & Drawing),5158976,2017-08-11,3.7,-48.22,73.94
Flow Studio,Learn Illustrator in 5 MINUTES! Beginner Tutorial,https://www.youtube.com/watch?v=3GzumUieDPY,Beginner Guides (Beginner Guides),4428229,2018-08-11,81.03,22.97,-9.97
Andy Tells Things,Adobe Illustrator for Beginners: Get Started in 10 Minutes,https://www.youtube.com/watch?v=3NBKRywEbNs,Beginner Guides (Beginner Guides),4059362,2023-08-10,68.27,-15.66,22.18
TheVectorLab,Illustrator Tutorial: Create a Vector Logo from a Rough Sketch,https://www.youtube.com/watch?v=qSkhaLNKdX0,"Vector Illustration & Drawing (Vector Illustration & Drawing, Logo Design & Branding)",3766336,2020-08-10,-9.7,20.45,111.92
Dom Designs,Adobe Illustrator Tutorial: Create a Vector Pizza from Sketch (HD),https://www.youtube.com/watch?v=KZP6RQu_F6U,Vector Illustration & Drawing (Vector Illustration & Drawing),3288325,2021-08-10,16.31,5.28,90.64
Spoon Graphics,How To Create Custom Type Designs in Adobe Illustrator,https://www.youtube.com/watch?v=Rt15_OclsyI,Typography & Text Effects (Typography & Text Effects),2945502,2017-08-11,-13.06,80.88,29.68
Shantanu Kumar,How to Design a Logo - From Start to Finish.,https://www.youtube.com/watch?v=TF4_T7yMTOA,"Beginner Guides (Beginner Guides, Logo Design & Branding)",2778693,2021-08-10,-6.12,9.5,-33.73
Envato Tuts+,Mastering Logo Design in Adobe Illustrator,https://www.youtube.com/watch?v=YycxaAK2MZ4,Logo Design & Branding (Logo Design & Branding),2681181,2017-08-11,9.35,-30.97,-87.54
Ben Marriott,Illustrator to After Effects ft. Burnt Toast - Animation Workflow & Tutorial,https://www.youtube.com/watch?v=WSwkvZVvsj0,Beginner Guides (Beginner Guides),2537307,2019-08-11,36.33,3.1,38.77
Spoon Graphics,How To Cut Anything Out in Photoshop,https://www.youtube.com/watch?v=creV_oVjwsc,Beginner Guides (Beginner Guides),1977948,2015-08-12,85.65,57.32,9.85
tutvid,Glass Planet Vector Illustration – Adobe Illustrator Tutorial,https://www.youtube.com/watch?v=Z2SNeH9v-Ug,Vector Illustration & Drawing (Vector Illustration & Drawing),1869179,2018-08-11,11.27,-16.61,103.51
Brad Colbow,Adobe Illustrator for Beginners - Sketch to Vector Tutorial,https://www.youtube.com/watch?v=HeLb0dy81Lc,Vector Illustration & Drawing (Vector Illustration & Drawing),1658245,2022-08-10,16.59,-13.34,85.8
Dansky,Infinite Logo Design in Illustrator Tutorial,https://www.youtube.com/watch?v=m6aZg0nJX10,Logo Design & Branding (Logo Design & Branding),1556204,2018-08-11,29.69,-23.15,-82.97
Graphic Island,Logo Design In Illustrator : How to make a Logo and create realistic view of logo in photoshop cs6,https://www.youtube.com/watch?v=CVLsc6KaLkg,Logo Design & Branding (Logo Design & Branding),1463952,2019-08-11,38.62,-38.3,-65.71
Andy Tells Things,All 80+ Adobe Illustrator Tools Explained in 20 Minutes,https://www.youtube.com/watch?v=iQWTSupSrko,Beginner Guides (Beginner Guides),1451116,2022-08-10,94.69,21.23,-45.57
Vector Slate | Graphic Design Tutorials,Vector Illustration Tutorial for Beginners | Adobe Illustrator Tutorial,https://www.youtube.com/watch?v=rSIQJNY1dlI,Vector Illustration & Drawing (Vector Illustration & Drawing),1429700,2018-08-11,5.76,-25.3,86.91
Dom Designs,Adobe Illustrator Beginner Tutorial: Create a Vector Peach from Sketch (HD),https://www.youtube.com/watch?v=dyzBZizFruU,"Beginner Guides (Beginner Guides, Vector Illustration & Drawing)",1360415,2021-08-10,18.01,-30.65,19.57
Learn Skills Daily,Illustrator Full Course Tutorial (6+ Hours),https://www.youtube.com/watch?v=3RTqLQ1MaQU,Beginner Guides (Beginner Guides),1350840,2023-08-10,23.55,-8.87,-10.22
Midas Multimedia,Step by Step Vector Portrait in Adobe Illustrator | Vector Art | Vector Illustration,https://www.youtube.com/watch?v=9EGI-FSr0Ig,Vector Illustration & Drawing (Vector Illustration & Drawing),1340838,2021-08-10,-10.51,-20.53,116.23
LOGO DESIGN SCHOOL,Logo Design - Illustrator Logo Design Tutorial | Adobe Illustrator CC,https://www.youtube.com/watch?v=7no7qrTSRvI,Logo Design & Branding (Logo Design & Branding),1326468,2023-08-10,3.74,-35.56,-72.81
RiverCityGraphix,60 Second Illustrator Tutorial : Slice and Divide Shapes with Pathfinding -HD-,https://www.youtube.com/watch?v=4c4bEoT_mwE,Shape Builder & Pathfinder (Shape Builder & Pathfinder),1324970,2013-08-12,16.09,-53.91,-27.1
Learn Skills Daily,Illustrator Beginner Tutorial,https://www.youtube.com/watch?v=feUBW6aUP0w,Beginner Guides (Beginner Guides),1293865,2021-08-10,71.09,33.22,4.92
Adobe Creative Cloud,How to Make a Minimal Vector Portrait with Adobe Illustrator | Adobe Creative Cloud,https://www.youtube.com/watch?v=7jSBZw3ir7A,"Beginner Guides (Beginner Guides, Vector Illustration & Drawing, Shape Builder & Pathfinder)",1290266,2020-08-10,28.99,-37.78,-4.09
Dom Designs,Adobe Illustrator Tutorial- Create a Soda Can Vector (HD),https://www.youtube.com/watch?v=4601QiodeJc,Vector Illustration & Drawing (Vector Illustration & Drawing),1179930,2021-08-10,2.11,-4.02,91.06
Envato Tuts+,Motion Design for Beginners | Illustrator & After Effects Animation Tutorial,https://www.youtube.com/watch?v=3JB5BQfcIQc,Beginner Guides (Beginner Guides),1170784,2023-08-10,32.98,-3.37,23.31
Graphic Hunters,How To Design Your Logo Letters In Any Shape | Adobe Illustrator Tutorials | P-02,https://www.youtube.com/watch?v=wWOGTuds0xs,Logo Design & Branding (Logo Design & Branding),1129179,2022-08-10,-12.1,-43.59,-59.56
DesignSpo,The ULTIMATE Guide To Typography For Beginners,https://www.youtube.com/watch?v=AXpxZMRM1EY,Typography & Text Effects (Typography & Text Effects),1102241,2024-08-09,-26.58,102.56,5.16
Dom Designs,Adobe Illustrator Tutorial: Create a Vector Logo from a Sketch in 2024!,https://www.youtube.com/watch?v=8kz0bZQDm60,"Vector Illustration & Drawing (Vector Illustration & Drawing, Logo Design & Branding)",1083307,2021-08-10,0.45,32.15,115.38
Bring Your Own Laptop,Free Adobe Illustrator Advanced Tutorial,https://www.youtube.com/watch?v=DF4P0cjStkM,Beginner Guides (Beginner Guides),1057599,2021-08-10,41.59,17.73,-22.42
davidmartimar,👶 Adobe ILLUSTRATOR Basic Spanish Tutorial from Scratch 2025 🤴,https://www.youtube.com/watch?v=R3EBeCI0GJE,"Beginner Guides (Beginner Guides, Shape Builder & Pathfinder)",1034959,2020-08-10,55.39,-39.76,-19.36
Bring Your Own Laptop,Adobe Illustrator Tutorial for Beginners,https://www.youtube.com/watch?v=r9gaPGQ1EG0,Beginner Guides (Beginner Guides),987783,2024-08-09,56.57,8.91,7.62
Bring Your Own Laptop,Free Adobe Illustrator Tutorial Course for Beginners,https://www.youtube.com/watch?v=j7PEuMumhMs,Beginner Guides (Beginner Guides),930040,2021-08-10,44.66,-0.78,-11.81
Vector Slate | Graphic Design Tutorials,Type Design | Illustrator Text Effect Tutorial,https://www.youtube.com/watch?v=F5QeoXNdk7A,Typography & Text Effects (Typography & Text Effects),896185,2017-08-11,-26.93,72.76,4.67
Design Made Simple,Illustrator Beginner Tutorial: Simple Letter Logos,https://www.youtube.com/watch?v=ymBosZVeRc8,Beginner Guides (Beginner Guides),861155,2018-08-11,79.08,39.58,20.6
P A N T E R,How To Make 3D Distorted Graffiti Bubble Text In Illustrator,https://www.youtube.com/watch?v=uDidXWIf2Fk,"Typography & Text Effects (Typography & Text Effects, 3D & Inflation Effects)",858584,2024-08-09,-76.93,19.51,37.65
Satori Graphics,🔸 The ONLY Colour Theory Video You Ever Need To Watch!,https://www.youtube.com/watch?v=HKtTNOgfhAU,Beginner Guides (Beginner Guides),833425,2023-08-10,65.48,93.49,16.51
Andy Tells Things,How to Use the Pen Tool in Adobe Illustrator,https://www.youtube.com/watch?v=Rk-JGsriJ4o,Pen Tool & Precise Paths (Pen Tool & Precise Paths),802024,2023-08-10,56.87,-82.17,29.4
Graphic Hunters,Easy Grid Logo Design Process On Same Lines | Adobe Illustrator Tutorial,https://www.youtube.com/watch?v=zGHpWjqd7gc,Logo Design & Branding (Logo Design & Branding),787962,2024-08-09,-22.27,-38.56,-94.6
Satori Graphics,FULL 1 Hour Logo Design Course (Everything You Need To Know),https://www.youtube.com/watch?v=l9_BM1opTj8,Logo Design & Branding (Logo Design & Branding),760873,2024-08-09,15.78,-9.34,-59.37
Design Academy,"Packaging Design in Adobe Illustrator | How To Create Die Cut Lines,  Creasing Lines, Bleed Area",https://www.youtube.com/watch?v=RQ6vnnZyXWY,Packaging & Label Design (Packaging & Label Design),749616,2021-08-10,-111.16,-34.63,-41.19
Mind Island Design,Vectorize Image in Illustrator,https://www.youtube.com/watch?v=3p--TZhRV40,Beginner Guides (Beginner Guides),746012,2020-08-10,83.25,-8.23,-7.92
Dansky,10 MUST-KNOW Tools for LOGO DESIGN in Illustrator,https://www.youtube.com/watch?v=_0lLWSwfmX8,Logo Design & Branding (Logo Design & Branding),733273,2021-08-10,32.42,-22.26,-53.69
Dansky,30 Illustrator Secrets Graphic Designers MUST KNOW!,https://www.youtube.com/watch?v=Q0QOqJvhRm4,Beginner Guides (Beginner Guides),682685,2023-08-10,60.39,72.26,-6.75
Graphic Island,Product Packaging Design In Illustrator | How to create print ready die cut lines and bleed section,https://www.youtube.com/watch?v=_pwAK9vJ5YU,Packaging & Label Design (Packaging & Label Design),608750,2022-08-10,-93.67,-34.69,-31.59
edgykatrina,how to use adobe illustrator | a beginner-friendly graphic design tutorial / design posters with me,https://www.youtube.com/watch?v=OCnQ0i3svdI,Beginner Guides (Beginner Guides),603945,2024-08-09,17.86,44.82,-37.17
creatnprocess,Wave Text Effect in Adobe Illustrator | Make with Mesh & Transform | Graphic design,https://www.youtube.com/watch?v=H9z1OlXQqYo,Typography & Text Effects (Typography & Text Effects),579276,2021-08-10,-30.99,41.97,12.65
Dansky,Golden Ratio Logo Design in Illustrator,https://www.youtube.com/watch?v=gNn6U-v-pxY,Logo Design & Branding (Logo Design & Branding),574045,2018-08-11,-15.82,-55.31,-77.78
Nataszko,EASY Character Illustration in Adobe Illustrator! 🎨 #illustrator #digitalart #illustration,https://www.youtube.com/watch?v=IsF29OzFfZQ,"Beginner Guides (Beginner Guides, Vector Illustration & Drawing)",562168,2023-08-10,0.5,-20.18,16.55
Flux Academy,Adobe Illustrator Crash Course (for complete beginners),https://www.youtube.com/watch?v=n_-ygXZUq3U,Beginner Guides (Beginner Guides),561216,2023-08-10,52.88,-17.11,-6.0
Spoon Graphics,How to Create a Vintage Text Effect in Adobe Illustrator,https://www.youtube.com/watch?v=tEgx-yjP9tQ,Typography & Text Effects (Typography & Text Effects),557372,2020-08-10,-60.18,61.71,-6.78
Always Creating,Liquid Text Effect - Adobe Illustrator & Photoshop CC Tutorial (2020),https://www.youtube.com/watch?v=7KzRm_W-wtk,Typography & Text Effects (Typography & Text Effects),520114,2020-08-10,-55.92,94.77,8.64
Matt Borchert,Getting Started with Adobe Illustrator for Beginners Tutorial,https://www.youtube.com/watch?v=AinkCNooh2A,Beginner Guides (Beginner Guides),515287,2020-08-10,56.37,-6.72,15.07
Michael Lubrin (dayswithmike),Product Packaging Design (Full Process) + 3D Mockups,https://www.youtube.com/watch?v=AId5PFZf1Sg,"3D & Inflation Effects (3D & Inflation Effects, Packaging & Label Design)",509515,2023-08-10,-77.67,-46.67,-0.56
Andy Tells Things,All 20+ Effects in Adobe Illustrator Explained,https://www.youtube.com/watch?v=XeQo6fT0n_o,Beginner Guides (Beginner Guides),494760,2023-08-10,81.49,20.94,-42.38
Spoon Graphics,How To Create Typography Illustrations the Easy Way with Adobe Illustrator,https://www.youtube.com/watch?v=Nmsrhm7-BQ0,Typography & Text Effects (Typography & Text Effects),491817,2015-08-12,-37.1,102.27,24.5
Envato Tuts+,Advanced Adobe Illustrator Tutorial | FREE COURSE,https://www.youtube.com/watch?v=4xYHloidI8M,Beginner Guides (Beginner Guides),459336,2023-08-10,40.66,5.91,-27.78
Abi Connick,How to create a Product Packaging Design,https://www.youtube.com/watch?v=L5jOi9und4Q,Packaging & Label Design (Packaging & Label Design),446439,2022-08-10,-79.55,-21.49,-37.91
XUYU Design Tutorials,Lines Wave Style Poster Graphic Design Tutorial With Adobe Illustrator || Adobe Illustrator Tutorial,https://www.youtube.com/watch?v=Gy0J6pYJ0l0,Beginner Guides (Beginner Guides),436487,2022-08-10,37.0,34.43,-49.91
Alice Thorpe Designs,How To Make A Vector Portrait | Using Adobe Illustrator cc,https://www.youtube.com/watch?v=plaNq84wUVA,Vector Illustration & Drawing (Vector Illustration & Drawing),436399,2019-08-11,-7.39,-47.31,89.13
edgykatrina,how to be a graphic designer in 2026 (free resources & my best advice),https://www.youtube.com/watch?v=G9ANVduvyWs,Beginner Guides (Beginner Guides),415883,2025-08-09,28.46,75.78,24.06
TheVectorLab,Convert Drawings Into VECTOR Graphics • Illustrator & Procreate Tutorial,https://www.youtube.com/watch?v=iJ9YwdMncv0,Vector Illustration & Drawing (Vector Illustration & Drawing),415398,2021-08-10,12.56,-3.94,55.72
Envato Tuts+,How to Design a Logo in Illustrator | Graphic Design Basics,https://www.youtube.com/watch?v=6jQxI06lM4k,"Beginner Guides (Beginner Guides, Logo Design & Branding)",393098,2025-08-09,-2.63,11.08,-44.86
Naoufel nouar,Adobe Illustrator 3D Text Effect Tutorial,https://www.youtube.com/watch?v=tFGsRzhBlFQ,"Typography & Text Effects (Typography & Text Effects, 3D & Inflation Effects)",391873,2023-08-10,-74.11,6.6,18.19
Spoon Graphics,Retro Striped Text Effect Illustrator Tutorial (+ FREE Textures!),https://www.youtube.com/watch?v=4wI5hisETek,Typography & Text Effects (Typography & Text Effects),379658,2019-08-11,-35.34,46.74,-23.34
P A N T E R,How To Create Realistic 3D Text In Illustrator,https://www.youtube.com/watch?v=0gw8RdpYrFY,"Typography & Text Effects (Typography & Text Effects, 3D & Inflation Effects)",377037,2023-08-10,-52.66,1.06,22.06
Dansky,9 Hacks for Adobe Illustrator That Changed My Life,https://www.youtube.com/watch?v=4s_dWk62Kwo,Beginner Guides (Beginner Guides),360587,2024-08-09,62.18,55.88,-46.02
Dansky,Illustrator Basics in 3 Minutes,https://www.youtube.com/watch?v=M5jOg2iDPeM,Beginner Guides (Beginner Guides),358547,2018-08-11,73.41,30.28,-22.92
Spoon Graphics,Vintage Logo Tutorial for Adobe Illustrator,https://www.youtube.com/watch?v=5B1XTfwxT14,Logo Design & Branding (Logo Design & Branding),355928,2016-08-11,13.17,-14.07,-92.24
Andy Tells Things,Packaging Design in Illustrator + Realistic 3D Mockups,https://www.youtube.com/watch?v=XNuywdUDc6c,"3D & Inflation Effects (3D & Inflation Effects, Packaging & Label Design)",346874,2023-08-10,-79.65,-60.19,-0.68
Satori Graphics,Fastest Way To Make This SMOOTH GRADIENT DESIGN In Illustrator,https://www.youtube.com/watch?v=aASA2n9HPf0,Beginner Guides (Beginner Guides),338862,2020-08-10,115.24,12.59,-15.66
Spoon Graphics,How to Draw a Retro Mascot Character Design in Illustrator,https://www.youtube.com/watch?v=KTh925hn6Yk,Vector Illustration & Drawing (Vector Illustration & Drawing),338000,2019-08-11,50.08,-37.01,84.47
Spoon Graphics,Retro Text Effects with Illustrator's Blend Tool (+ FREE Textures!),https://www.youtube.com/watch?v=UNQ5E_DMf3Y,Typography & Text Effects (Typography & Text Effects),334050,2021-08-10,-47.54,54.03,-31.04
Spoon Graphics,Neon Sign Effect Illustrator & Photoshop Tutorial,https://www.youtube.com/watch?v=GkMlHgtU_dk,Beginner Guides (Beginner Guides),332109,2018-08-11,96.61,67.3,30.19
tutvid,Masking in Adobe Illustrator! Basics Tutorial,https://www.youtube.com/watch?v=tzkeIGrPC2s,Beginner Guides (Beginner Guides),331920,2007-08-14,68.77,37.47,-12.4
Dansky,Learn How to Draw Using the Pen Tool in Adobe Illustrator | Dansky,https://www.youtube.com/watch?v=h7Yiy7sYHsY,Pen Tool & Precise Paths (Pen Tool & Precise Paths),325166,2015-08-12,34.15,-97.59,46.01
Dansky,9 Legendary Hacks Pro Designers Use in Adobe Illustrator,https://www.youtube.com/watch?v=Wh_ywgixozo,Beginner Guides (Beginner Guides),310287,2024-08-09,65.27,72.91,-30.79
Dansky,Master Adobe Illustrator: 17 Pro Tips For Graphic Designers,https://www.youtube.com/watch?v=B4cjD-DKOnY,Beginner Guides (Beginner Guides),307361,2024-08-09,49.95,75.54,-19.8
Satori Graphics,STYLISH TEXT EFFECT In Illustrator,https://www.youtube.com/watch?v=gjwXBmb5fZ4,Typography & Text Effects (Typography & Text Effects),303110,2019-08-11,-43.18,75.59,15.18
Satori Graphics,How A Graphic Designer MUST Think in 2026 To Survive!,https://www.youtube.com/watch?v=WFkGbyH24AY,Beginner Guides (Beginner Guides),290422,2025-12-12,38.01,65.57,19.99
Pranav Shaj,Night sky Vector Illustration with Silhouette Moonlight Illustration - Illustrator Tutorial,https://www.youtube.com/watch?v=yVz1NzenOJU,Vector Illustration & Drawing (Vector Illustration & Drawing),287762,2018-08-11,-8.06,-30.74,76.75
Learn Skills Daily,Illustrator Advanced Tutorial,https://www.youtube.com/watch?v=IQTQMn5GkGk,Beginner Guides (Beginner Guides),284456,2021-08-10,49.77,28.5,-17.16
Dansky,How to Design Custom Lettering in Illustrator,https://www.youtube.com/watch?v=WUqR9QwBSJM,Typography & Text Effects (Typography & Text Effects),280553,2017-08-11,-3.5,82.24,7.69
Abi Connick,The Secret to becoming a PRO at Packaging Design!,https://www.youtube.com/watch?v=ApUIVfTVEGI,Packaging & Label Design (Packaging & Label Design),279786,2023-08-10,-60.44,-0.64,-51.15
Spoon Graphics,How to Create an Isometric Text Effect in Adobe Illustrator,https://www.youtube.com/watch?v=r4i24O_RqLU,"Vector Illustration & Drawing (Vector Illustration & Drawing, Typography & Text Effects)",271774,2020-08-10,-40.86,1.87,78.54
Elizafy Creative,How to Make a Vector Halftone Dot Effect Inside a 3D Text Effect | Adobe Illustrator Tutorial,https://www.youtube.com/watch?v=ApgUxL4o3bo,"Vector Illustration & Drawing (Vector Illustration & Drawing, Typography & Text Effects, 3D & Inflation Effects)",271201,2022-08-10,-35.42,21.98,77.94
Nobu Design,Isometric Text Effect | Adobe Illustrator Tutorial,https://www.youtube.com/watch?v=LPVPvwNEj_A,"Vector Illustration & Drawing (Vector Illustration & Drawing, Typography & Text Effects)",267603,2020-08-10,-54.38,5.77,84.5
Dansky,This is HOW to Design Live Text Effects in Illustrator,https://www.youtube.com/watch?v=mFqay5yRJhg,Typography & Text Effects (Typography & Text Effects),266627,2022-08-10,-33.41,74.15,-26.25
LOGO DESIGN SCHOOL,Adobe Illustrator Tutorial: Letter H Logo Design With Circle Swoosh Border,https://www.youtube.com/watch?v=A0FhVIHvEKE,Logo Design & Branding (Logo Design & Branding),261694,2022-08-10,4.35,-61.53,-88.85
Nobu Design,Illustrator Trick : Scratch Lines Text,https://www.youtube.com/watch?v=lGxJxLtazoU,Typography & Text Effects (Typography & Text Effects),259094,2018-08-11,-79.88,80.68,-22.41
Zero2Graphic,How to Create Packaging Design (Box) in Adobe Illustrator CC 2020,https://www.youtube.com/watch?v=aQwWKAfpRn4,Packaging & Label Design (Packaging & Label Design),258945,2021-08-10,-88.35,-32.39,-51.89
Spoon Graphics,How To Create a Vintage Postcard Design (Illustrator & Photoshop Tutorial),https://www.youtube.com/watch?v=omu7b_FDJRI,Beginner Guides (Beginner Guides),258827,2019-08-11,109.88,52.4,11.17
Anton Burmistrov,Creating glass typography in Photoshop and Illustrator in 3 minutes,https://www.youtube.com/watch?v=bGIzFWuTAM4,Typography & Text Effects (Typography & Text Effects),253638,2023-08-10,-66.54,105.11,-12.59
Dansky,12 Logo Design Tools YOU NEED TO KNOW in Illustrator,https://www.youtube.com/watch?v=R-PrSjpeyYE,Logo Design & Branding (Logo Design & Branding),249170,2022-08-10,31.35,-12.7,-64.52
Satori Graphics,Shape Builder Tool Logo Design In Illustrator,https://www.youtube.com/watch?v=rGmGRMXKqUQ,"Logo Design & Branding (Logo Design & Branding, Shape Builder & Pathfinder)",243311,2018-08-11,6.61,-70.82,-49.72
Satori Graphics,20 Design Tips You NEED in 2025 to Stop Being Amateur,https://www.youtube.com/watch?v=GiQFMI02YUo,Beginner Guides (Beginner Guides),240869,2025-08-09,7.34,12.9,23.26
Andy Tells Things,How To Use 3D in Illustrator: EVERYTHING You Need to Know,https://www.youtube.com/watch?v=Wg_bXC9lXGU,3D & Inflation Effects (3D & Inflation Effects),239636,2023-08-10,-60.61,-42.6,14.81
Dom Designs,Adobe Illustrator Tutorial - How to Create Custom Typography (HD),https://www.youtube.com/watch?v=Os8W7jIdTxo,Typography & Text Effects (Typography & Text Effects),238078,2022-08-10,-7.97,96.12,17.78
Dansky,The Best Drawing Tools in Illustrator (and how to use them),https://www.youtube.com/watch?v=c_n1fKN6C7U,Vector Illustration & Drawing (Vector Illustration & Drawing),236824,2024-08-09,3.15,-27.09,54.2
Satori Graphics,Illustrator Colour Tips EVERY DESIGNER Should Know *Valuable*,https://www.youtube.com/watch?v=F_XiBUXY8cU,Beginner Guides (Beginner Guides),233521,2019-08-11,60.76,72.45,34.48
Artflow,How to Design a Logo in Adobe Illustrator | Easy Guide,https://www.youtube.com/watch?v=FswObGHLOqA,Logo Design & Branding (Logo Design & Branding),228985,2025-08-09,-3.29,-23.88,-97.65
Spoon Graphics,Retro Style Geometric Lines Illustrator & Photoshop Tutorial,https://www.youtube.com/watch?v=NSpOFP9keSg,Beginner Guides (Beginner Guides),223043,2015-08-12,90.27,53.77,-8.8
Top Tips Graphics,Landscape Vector Illustration | Adobe illustrator Tutorials | Speed art,https://www.youtube.com/watch?v=pFPFvQ-3xN0,Vector Illustration & Drawing (Vector Illustration & Drawing),222011,2019-08-11,-16.27,-31.44,95.88
Graphic Island,Illustrator Logo Design Tutorial: How to Make Education Logo In Adobe Illustrator cc,https://www.youtube.com/watch?v=25zxKHVejUQ,Logo Design & Branding (Logo Design & Branding),216073,2020-08-10,19.04,-30.39,-68.58
Will Paterson,Learn Adobe Illustrator 2025 in 1 Hour – Beginner’s Full Crash Course,https://www.youtube.com/watch?v=h7komjsQq50,"Beginner Guides (Beginner Guides, Logo Design & Branding)",215020,2025-08-09,2.94,21.42,-29.74
Bring Your Own Laptop,Adobe Illustrator Advanced Tutorial | A 2 Hour Masterclass,https://www.youtube.com/watch?v=dPNVcAobL4M,Beginner Guides (Beginner Guides),214797,2024-08-09,30.75,34.8,-19.12
edgykatrina,how to design and print a poster (using adobe illustrator) | make your own wall art tutorial,https://www.youtube.com/watch?v=M2mek13XIlM,Beginner Guides (Beginner Guides),213009,2024-08-09,51.6,16.33,-49.46
Let's Design,letter poster design in illustrator | Adobe illustrator tutorial,https://www.youtube.com/watch?v=_iQ162vGlYk,Beginner Guides (Beginner Guides),211809,2024-08-09,49.3,28.95,-39.97
Satori Graphics,1 HOUR Of The BEST Graphic Design Hacks & Techniques!,https://www.youtube.com/watch?v=0L_QopbNt90,Beginner Guides (Beginner Guides),206822,2024-08-09,43.44,53.68,-32.09
Adobe Tutorials,Remove White Background in Adobe Illustrator tutorial - How To for beginners,https://www.youtube.com/watch?v=P0rGnn8s-As,Beginner Guides (Beginner Guides),202630,2024-08-09,40.58,1.43,5.9
Creative Start,How To make Text Logo Designs in Adobe Illustrator | Beginners,https://www.youtube.com/watch?v=B3g4nCvGsJI,"Logo Design & Branding (Logo Design & Branding, Typography & Text Effects)",195804,2019-08-11,40.93,5.92,-85.39
Dom Designs,Adobe Illustrator Beginner Tutorial: Create a Vector Pear from Sketch (HD),https://www.youtube.com/watch?v=uP0k-CroVDU,"Beginner Guides (Beginner Guides, Vector Illustration & Drawing)",194839,2023-08-10,18.01,-30.65,19.57
Cody A Banks,Designing a character with the pencil tool in Adobe Illustrator,https://www.youtube.com/watch?v=n4JK5AwjagI,"Pen Tool & Precise Paths (Pen Tool & Precise Paths, Vector Illustration & Drawing)",193778,2024-08-09,33.32,-68.44,29.94
Neda Draws,DIGITAL PAINTING PROCESS. Adobe Illustrator Vector Illustration,https://www.youtube.com/watch?v=4Ho5PXb6uj8,Vector Illustration & Drawing (Vector Illustration & Drawing),191276,2023-08-10,-4.91,-15.11,78.74
Spoon Graphics,How To Create a Fun Vector Illustration in Adobe Illustrator,https://www.youtube.com/watch?v=nAH-eq7zgKk,Vector Illustration & Drawing (Vector Illustration & Drawing),190261,2016-08-11,-20.64,-19.05,82.87
Dansky,6 Tools for Beautiful Backgrounds in Adobe Illustrator,https://www.youtube.com/watch?v=uGg1F1HoWRo,Beginner Guides (Beginner Guides),187837,2023-08-10,56.82,39.68,19.26
Graphic Station,Design A 3D Modern Logo in Adobe Illustrator Tutorial For Beginner's,https://www.youtube.com/watch?v=BqZgIzFRvcI,"Beginner Guides (Beginner Guides, Logo Design & Branding, 3D & Inflation Effects)",184670,2023-08-10,-8.87,-0.05,-22.19
Satori Graphics,Illustrator Pen Tool Tutorial - 5 AWESOME Pen Tool Tips For Adobe Illustrator,https://www.youtube.com/watch?v=F-bhWYC3EVY,Pen Tool & Precise Paths (Pen Tool & Precise Paths),184130,2017-08-11,79.05,-87.16,27.63
Zed Designs,Create a Premium & Unique 3d Text Effect in Illustrator - Zed Designs,https://www.youtube.com/watch?v=IE8G-RriA0Y,"Typography & Text Effects (Typography & Text Effects, 3D & Inflation Effects)",177080,2023-08-10,-61.13,11.57,48.7
Philippa Berry-Smith,Beginners Basic Pen Tool - tutorial and worksheet,https://www.youtube.com/watch?v=whpMUym0mFA,Pen Tool & Precise Paths (Pen Tool & Precise Paths),177068,2013-08-12,82.96,-103.03,34.44
Zero2Graphic,How to Box Template Design in Adobe Illustrator CC 2022 | Packaging Design Tutorials,https://www.youtube.com/watch?v=lRRZYFjwJjI,Packaging & Label Design (Packaging & Label Design),173917,2022-08-10,-83.7,-2.59,-73.67
SumitVX,Let's Draw Beauty! Vector Portrait Illustration (Free & Easy) in Adobe illustrator 🔥,https://www.youtube.com/watch?v=zOnCATnaufk,Vector Illustration & Drawing (Vector Illustration & Drawing),172231,2024-08-09,11.55,-56.88,91.1
Envato Tuts+,Typographic logo design | Adobe Illustrator tutorial,https://www.youtube.com/watch?v=o387QrWe2_0,"Beginner Guides (Beginner Guides, Logo Design & Branding, Typography & Text Effects)",170301,2025-08-09,-11.93,-3.04,-39.28
Spoon Graphics,Dripping Slime Custom Type Effect Illustrator Tutorial,https://www.youtube.com/watch?v=E6-niqNWJOQ,Typography & Text Effects (Typography & Text Effects),168594,2018-08-11,-16.59,72.04,17.22
Satori Graphics,Professional Logo Design Tutorial | Illustrator Logo Design | Satori Graphics,https://www.youtube.com/watch?v=EdtOsD9yYms,Logo Design & Branding (Logo Design & Branding),168590,2017-08-11,34.27,-37.27,-100.21
Dansky,The Adobe Illustrator Masterclass,https://www.youtube.com/watch?v=-s2-lI6J3uc,Beginner Guides (Beginner Guides),167929,2023-08-10,33.83,36.61,-5.16
XUYU Design Tutorials,So Easy！Adobe Illustrator Tutorial How To Make 3D Bubble Text #illustrator #illustratortutorial,https://www.youtube.com/watch?v=cXW9ltY8MPU,"Typography & Text Effects (Typography & Text Effects, 3D & Inflation Effects)",167834,2024-08-09,-89.35,29.77,36.33
Dansky,Adobe Illustrator 2025 New Features!,https://www.youtube.com/watch?v=Vqi3XtzaXUQ,Beginner Guides (Beginner Guides),166263,2025-08-09,77.33,-15.36,-34.98
Caleb Tsai,Inflate Anything in Adobe illustrator with this 3D Effect,https://www.youtube.com/watch?v=zU704zQoO3o,"Typography & Text Effects (Typography & Text Effects, 3D & Inflation Effects)",165124,2023-08-10,-60.45,15.58,16.21
Dom Designs,Adobe Illustrator Tutorial - Create a Banana Vector (HD),https://www.youtube.com/watch?v=ByGb36WzGgE,"Vector Illustration & Drawing (Vector Illustration & Drawing, Logo Design & Branding)",162642,2021-08-10,1.87,9.35,105.38
SAGA,Inflated text effect for beginners | 2D to 3D | Adobe Illustrator Tutorial,https://www.youtube.com/watch?v=-YKWqfw-LHY,"Typography & Text Effects (Typography & Text Effects, 3D & Inflation Effects)",162523,2024-08-09,-96.06,6.01,14.55
Spoon Graphics,Illustrator Typography: How to Create Custom Script Type,https://www.youtube.com/watch?v=cxQHzdInft8,Typography & Text Effects (Typography & Text Effects),161247,2024-08-09,-19.48,85.37,18.77
Nobu Design,5 Useful Text Effect Tips & Trick | Adobe Illustrator,https://www.youtube.com/watch?v=Tz-UkboMetM,Typography & Text Effects (Typography & Text Effects),160979,2024-08-09,-57.03,76.97,-36.22
Satori Graphics,The FULL 2026 Guide To Layout & Composition For Designers!,https://www.youtube.com/watch?v=PKfZ1gnVJ44,Beginner Guides (Beginner Guides),159182,2026-05-11,43.0,61.35,-1.49
Vector Slate | Graphic Design Tutorials,Sunset Vector Illustration Tutorial for Beginners | Adobe Illustrator Tutorial,https://www.youtube.com/watch?v=2anwonP9Rik,Vector Illustration & Drawing (Vector Illustration & Drawing),157481,2020-08-10,5.76,-25.3,86.91
Dansky,Design an Infinite Logo Illustrator Tutorial,https://www.youtube.com/watch?v=3WdmIxxnSRQ,Logo Design & Branding (Logo Design & Branding),154983,2017-08-11,29.69,-23.15,-82.97
Dansky,How to MASTER the Pen Tool LIKE A PRO!,https://www.youtube.com/watch?v=v14o-7RoQKo,Pen Tool & Precise Paths (Pen Tool & Precise Paths),150566,2023-08-10,53.42,-66.37,18.39
Adrianne Walujo,Cute 3D Rabbit Character for Beginners | Easy Adobe Illustrator Tutorial,https://www.youtube.com/watch?v=2bJfdXzkIVg,"Beginner Guides (Beginner Guides, Vector Illustration & Drawing, 3D & Inflation Effects)",149826,2023-08-10,-6.13,-15.48,3.78
ER Art,Wavy/Twist Text Using Warp Effect in Adobe illustrator,https://www.youtube.com/watch?v=O8goYsK1DkI,Typography & Text Effects (Typography & Text Effects),149798,2021-08-10,-57.83,53.3,11.6
Andy Tells Things,How To Vectorize Images Using Adobe Illustrator - Tutorial For Beginners,https://www.youtube.com/watch?v=FKyeVgqk8go,Beginner Guides (Beginner Guides),148641,2023-08-10,69.53,-0.99,1.12
Kayla,How to Design a Logo in Adobe Illustrator,https://www.youtube.com/watch?v=YFw1S9sCCa4,Logo Design & Branding (Logo Design & Branding),147972,2023-08-10,9.35,-30.97,-87.54
Dansky,9 Adobe Illustrator Hacks for Eye-Catching Designs,https://www.youtube.com/watch?v=6GpP6pjsV58,Beginner Guides (Beginner Guides),147898,2024-08-09,23.76,57.79,48.76
Spoon Graphics,How To Create a Retro Style Cartoon Character Illustration (+ FREE Halftone Brushes!),https://www.youtube.com/watch?v=nZJteYqeNOY,Vector Illustration & Drawing (Vector Illustration & Drawing),144927,2019-08-11,52.38,-2.63,86.93
Satori Graphics,How To Use Adobe Illustrator 3D Design: Hyper_Realism,https://www.youtube.com/watch?v=S0ZyrcUhuaM,3D & Inflation Effects (3D & Inflation Effects),143882,2022-08-10,-57.99,-56.32,7.99
Spoon Graphics,The GRADIENT BLUR Trick for Creating GLOWING Text Effects in Photoshop,https://www.youtube.com/watch?v=t1vkTgEI2FY,Typography & Text Effects (Typography & Text Effects),140962,2023-08-10,-61.67,93.93,-24.9
Andy Tells Things,4 Super Easy 3D Effects in Adobe Illustrator,https://www.youtube.com/watch?v=R0OzB_H5UIY,3D & Inflation Effects (3D & Inflation Effects),140516,2023-08-10,-46.23,-51.39,23.04
Dom Designs,Adobe Illustrator Tutorial - How To Draw Face Portraits (Kobe Bryant),https://www.youtube.com/watch?v=faC85DuXhKg,"Pen Tool & Precise Paths (Pen Tool & Precise Paths, Shape Builder & Pathfinder)",139425,2021-08-10,58.14,-99.41,-7.17
Satori Graphics,How To Make The PERFECT Gradient! (Works Every Time),https://www.youtube.com/watch?v=_52YheBuxIE,Vector Illustration & Drawing (Vector Illustration & Drawing),139057,2022-08-10,-25.83,-43.5,73.97
V CUTZ MEDIA,How To Get Started with Adobe Illustrator  | Malayalam tutorial,https://www.youtube.com/watch?v=H0YItiQmeTM,Vector Illustration & Drawing (Vector Illustration & Drawing),135282,2020-08-10,10.45,-31.39,71.87
Brooke Glaser,Learn Illustration FAST: A Guide for Beginners in 2026,https://www.youtube.com/watch?v=_mEWThlLZcY,Vector Illustration & Drawing (Vector Illustration & Drawing),133998,2025-08-09,26.46,-47.56,71.81
Dansky,Apple’s Liquid Glass Effect in Illustrator - Super Fast!,https://www.youtube.com/watch?v=AM4fczCeiGs,Beginner Guides (Beginner Guides),131596,2025-10-13,20.05,55.73,-14.29
Dom Designs,Adobe Illustrator Tutorial- Create a Bubble Tea Vector Step by Step,https://www.youtube.com/watch?v=liJ60ZKMM8M,"Vector Illustration & Drawing (Vector Illustration & Drawing, Logo Design & Branding)",129088,2023-08-10,-9.44,2.98,120.0
Satori Graphics,The ONLY Video On Visual Hierarchy ANY Graphic Designer Needs,https://www.youtube.com/watch?v=4QNEDhrsRLo,Beginner Guides (Beginner Guides),128010,2024-08-09,47.32,77.42,13.99
Satori Graphics,Amatuer / Pro / Master Graphic Design (What It Really Means),https://www.youtube.com/watch?v=J_YmhVzOkEU,Beginner Guides (Beginner Guides),126511,2024-08-09,36.07,77.84,-23.53
Satori Graphics,The ONLY Video Self Taught Graphic Designers Need,https://www.youtube.com/watch?v=Jap42EOEQ18,Beginner Guides (Beginner Guides),126309,2025-08-09,50.8,85.91,1.1
Spoon Graphics,🦸‍♂️ Superman Comic Book Text Effect Illustrator Tutorial,https://www.youtube.com/watch?v=aBNFKsZvl9M,Typography & Text Effects (Typography & Text Effects),123124,2021-08-10,-38.76,74.46,-6.05
KAVU CREATIVE,Circle Logo Design in illustrator | KavuCreative,https://www.youtube.com/watch?v=XytxM8SM4hY,Logo Design & Branding (Logo Design & Branding),118331,2022-08-10,0.24,-46.76,-90.26
LOGO DESIGN SCHOOL and LOGO DESIGN ACADEMY,Professional Logo Design || Laurel Wreath Letter A Logo Design || Adobe illustrator Tutorial,https://www.youtube.com/watch?v=eT9JIy39njw,Logo Design & Branding (Logo Design & Branding),116690,2024-08-09,35.71,-56.28,-92.85
Nobu Design,3D Gritty Shadow Text Effect | Adobe Illustrator,https://www.youtube.com/watch?v=zLXaJHPy45s,"Typography & Text Effects (Typography & Text Effects, 3D & Inflation Effects)",113707,2020-08-10,-78.5,10.91,4.76
Dansky,9 Shapes Every Designer Must Know in Adobe Illustrator,https://www.youtube.com/watch?v=U6As7Kvr2WI,Beginner Guides (Beginner Guides),109848,2024-08-09,63.11,65.27,21.14
Dansky,How to Design Better Logos!,https://www.youtube.com/watch?v=UAOp_jH9vPI,Beginner Guides (Beginner Guides),106493,2023-08-10,74.28,31.67,40.25
RG Awais,Create Stunning Letter Logo Designs Using Grids | Adobe Illustrator tutorial,https://www.youtube.com/watch?v=vNhvkY3efIM,Logo Design & Branding (Logo Design & Branding),104848,2025-08-09,15.34,-74.2,-75.04
Graphic Island,How to make IT company logo design in illustrator | Graphic Design In Adobe Illustrator cc,https://www.youtube.com/watch?v=KZCoy2dKPQ4,Logo Design & Branding (Logo Design & Branding),104722,2022-08-10,7.61,-31.2,-57.74
Spoon Graphics,SPEED LINES Adobe Illustrator Text Effect Tutorial,https://www.youtube.com/watch?v=_a_-kNCBHkU,Typography & Text Effects (Typography & Text Effects),103917,2017-08-11,-80.17,84.86,-2.86
Dom Designs,Adobe Illustrator Tutorial - How Use the Gradient Mesh Tool,https://www.youtube.com/watch?v=PUljC8uZLew,Beginner Guides (Beginner Guides),103859,2024-08-09,94.08,11.4,3.8
"With love, Christina",How to draw a dress on Adobe Illustrator (Easy beginners tutorial),https://www.youtube.com/watch?v=SfOeHOPCRLA,Beginner Guides (Beginner Guides),102899,2023-08-10,65.29,8.19,22.37
Deliver info,logo design tutorial illustrator bangla | Letter Logo | Bangla Presentation,https://www.youtube.com/watch?v=N2gdZMPDlxo,Logo Design & Branding (Logo Design & Branding),102642,2025-08-09,45.55,-62.26,-71.45
Typefool,7 Logo design sketches to vector with Adobe Illustrator,https://www.youtube.com/watch?v=gGQz_OuiTXs,"Vector Illustration & Drawing (Vector Illustration & Drawing, Logo Design & Branding)",102549,2024-08-09,2.2,24.15,101.69
Satori Graphics,BEST Package Design Tips On YouTube ☺ (Golden Rules Of Package Design!),https://www.youtube.com/watch?v=8OHvR_PbO9k,Beginner Guides (Beginner Guides),100831,2022-08-10,30.89,41.01,24.98
Mind Island Design,Illustrator to Blender: 3D Logo Workflow,https://www.youtube.com/watch?v=7Y8d7380rOk,"Logo Design & Branding (Logo Design & Branding, 3D & Inflation Effects)",99395,2023-08-10,58.5,-23.3,-79.42
eban corona,how to design clothes with adobe illustrator,https://www.youtube.com/watch?v=GwfEsH6KWK8,Beginner Guides (Beginner Guides),98812,2025-08-09,57.3,25.64,10.44
Envato Tuts+,Adobe Illustrator Illustration for Beginners | FREE COURSE,https://www.youtube.com/watch?v=FUiRufl7vUw,Vector Illustration & Drawing (Vector Illustration & Drawing),98369,2023-08-10,18.47,-39.2,89.12
Southwest Tech Graphic & Web Design,Creating a 3D Text Effect using Adobe Illustrator,https://www.youtube.com/watch?v=dmKYnZIUepQ,"Typography & Text Effects (Typography & Text Effects, 3D & Inflation Effects)",98148,2023-08-10,-62.76,-0.0,7.59
Dan Gartman,How I draw vector illustrations in 4 steps (Adobe Illustrator),https://www.youtube.com/watch?v=NUzuJb-Jp3k,"Vector Illustration & Drawing (Vector Illustration & Drawing, Pattern Design & Textures)",96140,2022-08-10,-9.65,-66.08,62.23
Louis du Mont,Making Vector Illustrations 3D in Blender,https://www.youtube.com/watch?v=MURBr0GTHuo,"Vector Illustration & Drawing (Vector Illustration & Drawing, 3D & Inflation Effects)",95966,2021-08-10,-12.42,26.81,76.63
Ogden Designs,The EASIEST Pen Tool Tutorial Ever (Adobe Illustrator),https://www.youtube.com/watch?v=7ZAfbbEBzZ4,Pen Tool & Precise Paths (Pen Tool & Precise Paths),95717,2024-08-09,66.42,-105.28,44.8
DKNG Studios,Adobe Illustrator Skillshare Bonus Tip - Realistic 3D Inflate in 5 minutes using live text!,https://www.youtube.com/watch?v=YkqtQWGmKk8,"Typography & Text Effects (Typography & Text Effects, 3D & Inflation Effects)",94290,2023-08-10,-39.91,10.69,12.76
Kayla,Master Adobe Illustrator - Logo Design Tips (You Might Have Missed),https://www.youtube.com/watch?v=pSBO1KT5YUY,"Logo Design & Branding (Logo Design & Branding, Typography & Text Effects)",94285,2023-08-10,41.82,-4.09,-95.64
Graphic Design with Elena,3 EASY TEXT EFFECTS | ADOBE ILLUSTRATOR TUTORIAL,https://www.youtube.com/watch?v=OghugA-3bdU,Typography & Text Effects (Typography & Text Effects),93837,2022-08-10,-23.85,72.2,-12.95
Spoon Graphics,How To Create a “Fauxsaic” Mosaic Text Effect (Illustrator & Photoshop Tutorial),https://www.youtube.com/watch?v=w_KG3Uiec2Q,Typography & Text Effects (Typography & Text Effects),93030,2019-08-11,-58.25,78.2,-2.25
James Barnard,How to add a grain effect in Illustrator,https://www.youtube.com/watch?v=NDwAmX8nOGQ,Beginner Guides (Beginner Guides),92902,2024-08-09,10.49,34.67,1.29
Satori Graphics,The FULL Course On Graphic Design Psychology (2026),https://www.youtube.com/watch?v=wBaTNvs8enw,Typography & Text Effects (Typography & Text Effects),91271,2026-04-11,-31.43,87.9,-39.18
Spoon Graphics,How To Create a Furry Text Effect in Photoshop,https://www.youtube.com/watch?v=VEZbbIXYvW8,Typography & Text Effects (Typography & Text Effects),90349,2018-08-11,-55.83,77.83,-15.16
Spoon Graphics,How to Create a Geometric Triangle Pattern in Adobe Illustrator,https://www.youtube.com/watch?v=rc29jjHYgAI,Pattern Design & Textures (Pattern Design & Textures),90069,2022-08-10,-20.97,41.46,-85.14
Dansky,Do You Know These 20 Design Hacks for Illustrator?,https://www.youtube.com/watch?v=3rEcdFDLvP0,Beginner Guides (Beginner Guides),88995,2025-08-09,79.99,42.5,-42.0
Uvaish The Graphic Designer,Almonds Stand up Pouch diecut & design in illustrator | Pouch Packaging Design,https://www.youtube.com/watch?v=oHPL1nS2S7A,Packaging & Label Design (Packaging & Label Design),87637,2023-08-10,-71.28,12.71,-62.82
SCR Enter,Vector Portrait Tutorial in Adobe Illustrator | Step by Step | Part 1,https://www.youtube.com/watch?v=H9-4wJfH1C8,Vector Illustration & Drawing (Vector Illustration & Drawing),86553,2022-08-10,-21.08,-13.41,114.77
Arsalan 2.0,Minimal Logo Design Process - Adobe Illustrator Tutorials,https://www.youtube.com/watch?v=fLQ9e72ou2s,Logo Design & Branding (Logo Design & Branding),86469,2022-08-10,-6.56,-39.99,-107.88
Satori Graphics,FREE Adobe Illustrator Extensions That YOU NEED!,https://www.youtube.com/watch?v=UMKiIBIc_CA,Beginner Guides (Beginner Guides),86461,2022-08-10,59.96,12.17,-14.97
Spoon Graphics,How To Apply a Realistic Rust Texture in Adobe Photoshop,https://www.youtube.com/watch?v=9JkW31rsly0,Pattern Design & Textures (Pattern Design & Textures),86066,2017-08-11,-38.93,37.43,-84.58
T&T Tutorials,How to use the PEN TOOL | Illustrator Tutorial (Tips and Tricks),https://www.youtube.com/watch?v=a6i4Abm0jKA,Pen Tool & Precise Paths (Pen Tool & Precise Paths),85674,2019-08-11,73.81,-71.42,22.93
LOGO DESIGN SCHOOL,3D Deep Text Effect In Adobe Illustrator |  Deep Hole Design | Illustrator Tutorial,https://www.youtube.com/watch?v=MS2lBWdR4hM,"Typography & Text Effects (Typography & Text Effects, 3D & Inflation Effects)",82888,2022-08-10,-94.78,26.16,-1.73
Graphic Hunters,Create 6 Unique Logos Using One Grid | Adobe Illustrator Tutorial,https://www.youtube.com/watch?v=NWS8rXjvj1U,Logo Design & Branding (Logo Design & Branding),82541,2025-08-09,-28.46,-28.34,-75.45
videzetutorials,Adobe Illustrator Tutorial - Pathfinder tool,https://www.youtube.com/watch?v=onID4bCH-oU,"Beginner Guides (Beginner Guides, Shape Builder & Pathfinder)",82339,2008-08-13,48.71,-49.49,-14.74
WeJustClickme,Isometric Text Effect in adobe Illustrator,https://www.youtube.com/watch?v=kXJcbL0pL1I,"Vector Illustration & Drawing (Vector Illustration & Drawing, Typography & Text Effects)",81882,2023-08-10,-40.78,6.38,91.3
Bring Your Own Laptop,How to use the Adobe Illustrator Pen Tool,https://www.youtube.com/watch?v=E0CjYTAMaV0,Pen Tool & Precise Paths (Pen Tool & Precise Paths),81566,2018-08-11,56.87,-82.17,29.4
Philip Anders,Vintage Retro Text Effect Adobe Illustrator Tutorial,https://www.youtube.com/watch?v=45Cm-dDU400,Typography & Text Effects (Typography & Text Effects),80820,2023-08-10,-49.36,49.69,-8.61
P A N T E R,How to Design Isometric Text in Illustrator,https://www.youtube.com/watch?v=_HIv5XOzrA8,"Vector Illustration & Drawing (Vector Illustration & Drawing, Typography & Text Effects)",80018,2022-08-10,-46.39,-6.71,89.1
LOGO DESIGN SCHOOL and LOGO DESIGN ACADEMY,Logo Design - Professional R Letter Logo Design In Illustrator | Illustrator logo design tutorial,https://www.youtube.com/watch?v=AsX71P-9LT4,Logo Design & Branding (Logo Design & Branding),79866,2025-08-09,35.71,-44.27,-83.15
Master Graphic,Embossed Text Effect | Adobe illustrator Text Effect Tutorial,https://www.youtube.com/watch?v=EHx5k0IcSdM,Typography & Text Effects (Typography & Text Effects),79765,2021-08-10,-46.83,66.78,2.49
Zero2Graphic,How to Box Template Design in Adobe Illustrator CC 2020,https://www.youtube.com/watch?v=Ze3xTtyIWJI,Packaging & Label Design (Packaging & Label Design),78834,2022-08-10,-87.48,-34.31,-67.08
Vector Art Academy | Illustrator Tutorials by Kat,Create Simple Vector Flowers in Adobe Illustrator 🌸,https://www.youtube.com/watch?v=8gXPiLqO70c,Vector Illustration & Drawing (Vector Illustration & Drawing),74929,2023-08-10,-9.15,-14.86,95.38
Spoon Graphics,How to Create a Vintage Badge Logo in Adobe Illustrator,https://www.youtube.com/watch?v=xv3u7AgeKec,"Logo Design & Branding (Logo Design & Branding, Typography & Text Effects)",74238,2022-08-10,25.29,6.03,-95.62
Ashlee Falco,Inflate Your Creativity With These Amazing 3d Puff Designs!,https://www.youtube.com/watch?v=D4mYl188_TU,3D & Inflation Effects (3D & Inflation Effects),74078,2023-08-10,-40.29,-35.14,14.12
Satori Graphics,Adobe Illustrator FULL COURSE (Special Tricks & Features Explained),https://www.youtube.com/watch?v=3zAPbjOfgHA,Beginner Guides (Beginner Guides),72344,2024-08-09,71.08,3.66,-37.02
Satori Graphics,Illustrator Pen Tool Tricks You Need To Know | Satori Graphics,https://www.youtube.com/watch?v=iyECSlnGgLY,"Beginner Guides (Beginner Guides, Pen Tool & Precise Paths)",72107,2018-08-11,110.83,-55.7,20.71
Philip Anders,Adobe Illustrator VECTORIZE Tutorial (Image Trace) Ai Art,https://www.youtube.com/watch?v=nkzi-Vg3dHo,Beginner Guides (Beginner Guides),70896,2024-08-09,94.32,-16.59,-12.39
Melissa Doyle,How To Draw A Leaf in CS5 Illustrator - Beginner Tutorial - Using the Pen Tool and Gradients,https://www.youtube.com/watch?v=b0hjVBgy4r4,"Beginner Guides (Beginner Guides, Pen Tool & Precise Paths)",70621,2012-08-12,114.23,-39.83,5.99
TechMindBlow,Adobe Illustrator CS6 Basics - Pen Tool Tutorial,https://www.youtube.com/watch?v=6vx-_9tsG1M,"Beginner Guides (Beginner Guides, Pen Tool & Precise Paths)",70226,2013-08-12,96.17,-50.58,-0.81
Satori Graphics,ILLUSTRATOR LIVE DRAWING TRICKS *MIND BLOWING*,https://www.youtube.com/watch?v=NcOPo1LrgD0,Vector Illustration & Drawing (Vector Illustration & Drawing),69987,2019-08-11,-6.78,-13.81,62.44
Spoon Graphics,How To Create Seamless Turing Patterns (Photoshop & Illustrator Tutorial),https://www.youtube.com/watch?v=eKLki6-gynU,Pattern Design & Textures (Pattern Design & Textures),67945,2020-08-10,-39.35,21.21,-86.76
Kayla,How to Design Packaging in Adobe Illustrator - from Sketch to Dielines,https://www.youtube.com/watch?v=Zf7-3O0yQcc,"Logo Design & Branding (Logo Design & Branding, Packaging & Label Design)",66107,2025-08-09,-25.68,-13.3,-99.33
Adobe Asia Pacific,Tips to Make Vector Art for Beginners | Adobe Illustrator,https://www.youtube.com/watch?v=NgRmI5Zo0F4,Vector Illustration & Drawing (Vector Illustration & Drawing),65030,2021-08-10,1.06,-34.19,101.41
Ollie Spicer,Adobe Illustrator Tutorial: Create a vector character from Sketch,https://www.youtube.com/watch?v=r3ZcIqB4imM,Vector Illustration & Drawing (Vector Illustration & Drawing),64421,2025-08-09,26.53,-10.01,73.7
Zero2Graphic,How to Box Template Design in Adobe Illustrator CC | Food Packaging Design Tutorials,https://www.youtube.com/watch?v=T8BMA_IcblQ,Packaging & Label Design (Packaging & Label Design),64230,2022-08-10,-80.87,-19.13,-77.96
Munez Studio,Packaging Design Tutorial in Adobe Illustrator 2024 | How To Create Dieline Step by Step,https://www.youtube.com/watch?v=D6Q10DQwxDI,Packaging & Label Design (Packaging & Label Design),63741,2024-08-09,-71.86,-15.21,-22.76
LOGO DESIGN SCHOOL,Logo Design - Letter Logo Design in Illustrator | Illustrator Tutorial,https://www.youtube.com/watch?v=Y-JI24LRZ3M,Logo Design & Branding (Logo Design & Branding),63459,2024-08-09,19.15,-42.89,-78.75
Will Paterson,The Illustrator Tips That Changed My Logo Design Process Forever!,https://www.youtube.com/watch?v=0JmAzciKYx0,Logo Design & Branding (Logo Design & Branding),62242,2025-08-09,7.44,-53.09,-110.65
Cody A Banks,How To Make A Character in Adobe Illustrator (EASY),https://www.youtube.com/watch?v=tExWgNF_sGs,Vector Illustration & Drawing (Vector Illustration & Drawing),62238,2025-08-09,28.47,-26.48,78.42
Fernando Nunes,Illustration Tutorial: Drawing from Sketch and Vectoring in Adobe Illustrator,https://www.youtube.com/watch?v=7sjYwqYdv48,Vector Illustration & Drawing (Vector Illustration & Drawing),61865,2021-08-10,10.02,-16.53,70.52
Spoon Graphics,I Made My Own Breakfast Cereal Mascot! - Retro Character Design in Illustrator & Photoshop,https://www.youtube.com/watch?v=wPv_iPjsAaw,Vector Illustration & Drawing (Vector Illustration & Drawing),61183,2020-08-10,55.7,-26.39,86.89
Dansky,9 Genius Illustrator Tips You’ll Wish You Knew Sooner,https://www.youtube.com/watch?v=t3E5JbL9VpU,Beginner Guides (Beginner Guides),61077,2025-08-09,40.05,30.08,14.96
Sticker Mule,How to design packaging tape,https://www.youtube.com/watch?v=NM_PztxoC7A,"Pattern Design & Textures (Pattern Design & Textures, Packaging & Label Design)",59959,2018-08-11,-46.78,42.91,-70.4
Satori Graphics,Complete Graphic Design Course: The BEST Workflows & Processes (MUST KNOW),https://www.youtube.com/watch?v=4NGywqnnl5Y,Beginner Guides (Beginner Guides),59752,2025-08-09,76.98,82.64,-9.69
Spoon Graphics,How To Draw a Rocket Spaceship in Adobe Illustrator 🚀,https://www.youtube.com/watch?v=jzRGm95wiSI,Beginner Guides (Beginner Guides),58405,2018-08-11,66.67,22.94,22.62
Spoon Graphics,Retro Badge Logo Design Illustrator Tutorial (+ Photoshop Embroidery Effect!),https://www.youtube.com/watch?v=mE0DXNvwY88,Logo Design & Branding (Logo Design & Branding),57522,2021-08-10,12.27,-0.78,-77.4
Dom Designs,Adobe Illustrator Tutorial - How to Create Isometric Vector Illustrations,https://www.youtube.com/watch?v=qr3xCDyKlmU,Vector Illustration & Drawing (Vector Illustration & Drawing),57164,2024-08-09,-16.2,-0.84,87.6
Jason Secrest,Easy Adobe Illustrator Tutorial: From Sketch to Vector,https://www.youtube.com/watch?v=hxOLXAnTWZ8,Vector Illustration & Drawing (Vector Illustration & Drawing),56192,2018-08-11,11.6,-3.54,76.54
Dom Designs,Adobe Illustrator Tutorial: Create a Vector Logo Design from Sketch,https://www.youtube.com/watch?v=mXYPZ7YGwcM,"Vector Illustration & Drawing (Vector Illustration & Drawing, Logo Design & Branding)",55852,2023-08-10,3.83,17.75,118.33
Spoon Graphics,How To Create Watercolor Popsicle Illustrations in Adobe Illustrator,https://www.youtube.com/watch?v=uWaswRRM4gw,Beginner Guides (Beginner Guides),55385,2018-08-11,61.93,6.76,43.21
Spoon Graphics,How to Create an Animal Fur Text Effect in Photoshop,https://www.youtube.com/watch?v=HtPGgkdBym4,Typography & Text Effects (Typography & Text Effects),54616,2022-08-10,-55.61,89.27,-9.02
Shruti Rajput,Adobe Illustrator for Beginners: Get Started in 15 Minutes,https://www.youtube.com/watch?v=ekyiHFEQxAk,Beginner Guides (Beginner Guides),53971,2025-08-09,53.82,-20.59,21.66
Artflow,Adobe Illustrator for Beginners #1 | Free Course,https://www.youtube.com/watch?v=XdH46PDU0sM,Beginner Guides (Beginner Guides),53172,2025-08-09,55.87,-5.23,-19.22
T&T Tutorials,Flat Character Design | Illustrator Tutorial (for Beginners),https://www.youtube.com/watch?v=Xux0APyR0HY,Vector Illustration & Drawing (Vector Illustration & Drawing),53144,2021-08-10,33.82,-20.37,93.85
Adobe Tutorials,How to cut out an object in Illustrator tutorial - Tips for beginners,https://www.youtube.com/watch?v=wCjdRpilkRE,Pen Tool & Precise Paths (Pen Tool & Precise Paths),52583,2024-08-09,86.98,-88.04,43.94
Design Vision,Packaging box design design in illustrator | new biscuit box design 2021,https://www.youtube.com/watch?v=3HCB3-A6DO8,Packaging & Label Design (Packaging & Label Design),51429,2021-08-10,-67.36,-28.61,-66.93
T&T Tutorials,3 Ways to turn sketch into vector illustration | Illustrator Tutorial (Tracing Tips),https://www.youtube.com/watch?v=61dNBUAmwaQ,Vector Illustration & Drawing (Vector Illustration & Drawing),51200,2021-08-10,17.36,13.02,71.03
GraphiqVibe,Learn Packaging Design From Zero (Part 1 – Dielines),https://www.youtube.com/watch?v=C2qXvVvV6Tk,"Beginner Guides (Beginner Guides, Packaging & Label Design)",50930,2026-06-10,-44.07,1.93,-32.63
Dansky,Lettering in Illustrator Made Stupidly Simple,https://www.youtube.com/watch?v=ya7Wh0en8is,Typography & Text Effects (Typography & Text Effects),50152,2025-08-09,-1.64,77.52,-5.13
RichGraphics,Metallic Chrome Text in Adobe Illustrator - Step-by-Step Tutorial,https://www.youtube.com/watch?v=1Kij55QjrDs,Typography & Text Effects (Typography & Text Effects),49775,2023-08-10,-17.25,41.77,-8.86
Spoon Graphics,Illustrator Typography Tips for Creating a Vintage Logo Design,https://www.youtube.com/watch?v=8smWim7c7t0,"Logo Design & Branding (Logo Design & Branding, Typography & Text Effects)",48794,2017-08-11,40.04,6.54,-104.31
tutvid,How to Make a Glitch Typography Effect in Adobe Illustrator,https://www.youtube.com/watch?v=9ndSGcf4cag,Typography & Text Effects (Typography & Text Effects),46932,2023-08-10,-23.89,88.88,-6.71
Explode Creative,Illustrator Tutorials - Pen Tool Advanced,https://www.youtube.com/watch?v=ZvFEb3MxyM4,Pen Tool & Precise Paths (Pen Tool & Precise Paths),46589,2015-08-12,58.62,-75.27,48.53
Satori Graphics,3 TYPOGRAPHY TRICKS IN ADOBE ILLUSTRATOR  | Satori Graphics,https://www.youtube.com/watch?v=UOiHj2wW8sc,Typography & Text Effects (Typography & Text Effects),45497,2018-08-11,-25.51,116.24,-13.49
RaniBr Studio,How to Design a Paper Bucket in Adobe Illustrator & Esko | Step-by-Step Packaging Tutorial,https://www.youtube.com/watch?v=NRR2nisPDmE,Packaging & Label Design (Packaging & Label Design),45095,2023-08-10,-87.93,-9.95,-25.91
Gabriel Scott,Coffee Logo Design Tutorial | Adobe Illustrator,https://www.youtube.com/watch?v=uOxGI1za5ME,"Beginner Guides (Beginner Guides, Logo Design & Branding)",44945,2018-08-11,5.0,2.51,-35.04
Envato Tuts+,Master 3D in Adobe Illustrator | The Ultimate Guide,https://www.youtube.com/watch?v=KD2ShUDiPIQ,"Beginner Guides (Beginner Guides, 3D & Inflation Effects)",44462,2025-08-09,-12.55,-5.63,-9.77
Satori Graphics,A Rewarding Illustrator Tutorial In EASY Steps (Eye-Catching Designs),https://www.youtube.com/watch?v=-me8hQgdCBY,Beginner Guides (Beginner Guides),44380,2022-08-10,31.35,54.14,56.45
Spoon Graphics,How To Create a Seamless Pattern in Adobe Illustrator,https://www.youtube.com/watch?v=23WYupvKZo0,Pattern Design & Textures (Pattern Design & Textures),44258,2016-08-11,-21.34,25.23,-85.7
FITO-TUT,Adobe Illustrator para Principiantes | CURSO COMPLETO Gratis,https://www.youtube.com/watch?v=pHLA7RhERxg,Beginner Guides (Beginner Guides),43923,2025-09-13,43.36,20.12,-1.61
Cody A Banks,How to use the Pathfinder tool in Adobe Illustrator,https://www.youtube.com/watch?v=poSf_CWWico,"Beginner Guides (Beginner Guides, Vector Illustration & Drawing, Shape Builder & Pathfinder)",43030,2024-08-09,41.36,-42.9,-6.22
Quick Learn Studio,How to Create 3D Text Effect in #adobeillustrator  #illustrator #illustratortutorial,https://www.youtube.com/watch?v=tpDSayMmRy8,"Typography & Text Effects (Typography & Text Effects, 3D & Inflation Effects)",42022,2025-08-09,-82.28,37.12,21.42
Spoon Graphics,Illustrator Text Effect Tutorial: ‘Futuristic Gradient Speed Lines’,https://www.youtube.com/watch?v=Sx8hQboitng,Typography & Text Effects (Typography & Text Effects),41713,2021-08-10,-81.06,85.13,8.99
P A N T E R,Wave Text Effect | Illustrator Tutorial,https://www.youtube.com/watch?v=taXFFHSrD-E,Typography & Text Effects (Typography & Text Effects),41641,2022-08-10,-34.87,56.33,7.23
Dom Designs,Adobe Illustrator Tutorial - How to Create Cute Character Designs,https://www.youtube.com/watch?v=rQAc9kxJWM8,Vector Illustration & Drawing (Vector Illustration & Drawing),40993,2024-08-09,41.6,-11.23,62.29
Spoon Graphics,Create a Colourful Stacked Text Effect With This Illustrator Blend Tool Trick,https://www.youtube.com/watch?v=CiAE5-3SrQs,Typography & Text Effects (Typography & Text Effects),40550,2022-08-10,-66.46,66.08,-24.9
Satori Graphics,7 Adobe Illustrator Hacks That Changed EVERYTHING For Me!,https://www.youtube.com/watch?v=jFEpsuVf3Hg,Beginner Guides (Beginner Guides),40001,2023-08-10,62.18,55.88,-46.02
Will Paterson,Adobe Illustrator CS6 CC Tutorial *BEGINNER* - Selection Tool,https://www.youtube.com/watch?v=hnP47cwwsfs,Beginner Guides (Beginner Guides),39532,2014-08-12,89.58,34.58,3.45
Spoon Graphics,Illustrator Tutorial: Retro Text Effect with Concentric Stripes,https://www.youtube.com/watch?v=NCO4Q_CAohA,Typography & Text Effects (Typography & Text Effects),39423,2020-08-10,-34.85,58.08,-9.31
Zero2Graphic,How to Cardboard Box Template Design in Adobe Illustrator CC | Packaging Design Tutorials,https://www.youtube.com/watch?v=hMvOveV-xqQ,Packaging & Label Design (Packaging & Label Design),39037,2022-08-10,-86.37,-16.19,-62.51
Satori Graphics,How To MASTER Adobe Illustrator In 1 Hour!!,https://www.youtube.com/watch?v=6eX3C4tDYi8,Beginner Guides (Beginner Guides),38529,2024-08-09,48.52,48.33,-15.91
Envato Tuts+,20 illustrator mistakes to avoid in 2026 (and pro tips for nailing your workflow),https://www.youtube.com/watch?v=Vj2bWi9_AoA,Beginner Guides (Beginner Guides),37621,2026-02-10,22.12,25.17,37.44
iamrealism,How to Make 3D Inflated Text Effect in Illustrator,https://www.youtube.com/watch?v=461YLwbRhYs,"Typography & Text Effects (Typography & Text Effects, 3D & Inflation Effects)",37516,2024-08-09,-87.75,9.49,30.0
Spoon Graphics,How to Create a Vintage Rusty Metal Sign Using Illustrator & Photoshop,https://www.youtube.com/watch?v=MwTOvPaLUZA,Beginner Guides (Beginner Guides),36758,2019-08-11,107.69,59.87,24.49
Satori Graphics,Contemporary Logo Design Illustrator Tutorial | Satori Graphics,https://www.youtube.com/watch?v=DYga2bAgrKQ,Logo Design & Branding (Logo Design & Branding),36442,2017-08-11,23.74,-24.36,-103.66
Spoon Graphics,Vector Ninja Characters Beginner Illustrator Tutorial,https://www.youtube.com/watch?v=h4FQu3Ojqrw,"Beginner Guides (Beginner Guides, Vector Illustration & Drawing)",35911,2019-08-11,11.46,-23.15,9.93
RaniBr Studio,Can You Build a Food Box in Illustrator? Watch This!,https://www.youtube.com/watch?v=PtbKdwbt4iE,Beginner Guides (Beginner Guides),35813,2024-08-09,115.27,30.37,2.05
Spoon Graphics,Retro/Vintage Industrial Logo Design Tutorial (+ FREE Textures!),https://www.youtube.com/watch?v=bMUavEQHb9Y,"Logo Design & Branding (Logo Design & Branding, Typography & Text Effects)",35755,2022-08-10,26.25,-0.89,-108.91
RichGraphics,Chrome Text Effect in Adobe Illustrator - 80s Style Tutorial,https://www.youtube.com/watch?v=QONkp2MZoUA,Typography & Text Effects (Typography & Text Effects),35541,2019-08-11,-15.31,56.25,-2.0
Dansky,"The ""clock method"" makes Illustrator's Pen Tool easy",https://www.youtube.com/watch?v=kLd1JvTa9Gk,Pen Tool & Precise Paths (Pen Tool & Precise Paths),35470,2026-05-11,51.77,-97.65,18.88
Vector Art Academy | Illustrator Tutorials by Kat,"Advanced Shading in Adobe Illustrator Using Layered Shapes, Blend Modes & Gradients - File Deep Dive",https://www.youtube.com/watch?v=O7rp0xQV504,Vector Illustration & Drawing (Vector Illustration & Drawing),34747,2024-08-09,-39.34,-34.5,91.34
Uvaish The Graphic Designer,Bag deicut Design in illustrator | Packaging Bag Deicut & Dieline,https://www.youtube.com/watch?v=H0trTS-22PE,Packaging & Label Design (Packaging & Label Design),34587,2023-08-10,-120.0,6.55,-54.42
Jin Tsubota,How to Create Smooth Curves with the Illustrator Pen Tool,https://www.youtube.com/watch?v=PM6TBDFHIas,Pen Tool & Precise Paths (Pen Tool & Precise Paths),34264,2014-08-12,35.08,-89.89,27.63
The Idea Refinery,Exercise 1 - Recreate a Logo with the Pen Tool in Illustrator,https://www.youtube.com/watch?v=VI712ANImM0,"Pen Tool & Precise Paths (Pen Tool & Precise Paths, Logo Design & Branding)",33388,2020-08-10,57.96,-117.84,27.73
Spoon Graphics,Adobe Illustrator Tutorial: Sketch to Vector Cartoon Character Illustration,https://www.youtube.com/watch?v=wTtgJFnbxOg,Vector Illustration & Drawing (Vector Illustration & Drawing),32999,2022-08-10,34.42,-2.96,83.65
Dansky,This free Illustrator plugin is incredible!,https://www.youtube.com/watch?v=5cf8wzs__GI,Beginner Guides (Beginner Guides),32782,2026-08-01,22.27,13.87,-11.48
Just your Design,Create Amazing Logos with These 15 Adobe Illustrator Tools💥,https://www.youtube.com/watch?v=GcCJ6C57_WU,Beginner Guides (Beginner Guides),32599,2025-08-09,54.9,46.49,32.42
Zero2Graphic,How to Pizza Box Template Design in Adobe Illustrator 2023,https://www.youtube.com/watch?v=9TE8HSorb0w,Packaging & Label Design (Packaging & Label Design),31947,2024-08-09,-65.42,-9.33,-67.88
Will Paterson,Adobe Illustrator CC Tutorial - Pen Tool,https://www.youtube.com/watch?v=oyHkSyMCsrI,Pen Tool & Precise Paths (Pen Tool & Precise Paths),31446,2014-08-12,65.65,-98.73,29.56
Michael Masters,Pathfinder Tutorial for Beginners | Adobe Illustrator,https://www.youtube.com/watch?v=cjg5Puf554U,Shape Builder & Pathfinder (Shape Builder & Pathfinder),28978,2019-08-11,31.73,-47.15,-26.81
Envato Tuts+,How to Create a Pop Art Text Effect in Illustrator,https://www.youtube.com/watch?v=Nudqok7kk2w,Typography & Text Effects (Typography & Text Effects),28747,2023-08-10,-79.43,62.91,-2.14
Graphic sid,How To Make 3D Inflated Effect In Adobe Illustrator | Illustrator 3D Tutorial,https://www.youtube.com/watch?v=iEY_2YpD8OE,3D & Inflation Effects (3D & Inflation Effects),27455,2024-08-09,-42.73,-65.19,7.13
Satori Graphics,How To Train Your Graphic Design Eye To Beat AI in 2026!,https://www.youtube.com/watch?v=-KIWKgxu8cw,Beginner Guides (Beginner Guides),26749,2026-05-11,23.81,54.95,8.59
Dom Designs,Adobe Illustrator Tutorial - How to Create Cute Fast Food Icons Vector,https://www.youtube.com/watch?v=9h5l9ON25S0,Vector Illustration & Drawing (Vector Illustration & Drawing),26554,2024-08-09,30.1,-26.63,57.0
Spoon Graphics,How To Use Illustrator’s Blend Tool to Create a RAINBOW Text Effect (Adobe Illustrator Tutorial),https://www.youtube.com/watch?v=eI1dk7RAPhw,Typography & Text Effects (Typography & Text Effects),26538,2023-08-10,-70.69,50.43,-21.32
Jason Secrest,Beginner Adobe Illustrator Tutorial using Pen Tool,https://www.youtube.com/watch?v=TlfrtE5HMg0,"Beginner Guides (Beginner Guides, Pen Tool & Precise Paths)",26460,2016-08-11,101.93,-44.86,12.46
Nobu Design,Easy Editable Neon Text Effect | Adobe Illustrator,https://www.youtube.com/watch?v=96JURv032rc,Typography & Text Effects (Typography & Text Effects),26310,2024-08-09,-37.23,59.66,27.64
Lets Uncover,Logo Design Complete Course for Beginners | Create Amazing Logos in Illustrator,https://www.youtube.com/watch?v=0fWb01kXeZk,Logo Design & Branding (Logo Design & Branding),26308,2025-10-13,-8.62,-17.18,-63.53
EvanEckard,"Illustrator Tutorial: Vector Inking - Line Tool, Width Tool, Stroke Options & Pathfinder",https://www.youtube.com/watch?v=8TlSIybyy1o,"Pen Tool & Precise Paths (Pen Tool & Precise Paths, Vector Illustration & Drawing, Shape Builder & Pathfinder)",26285,2014-08-12,14.07,-88.36,-6.02
Dansky,The only 7 tools you need to draw anything in Illustrator,https://www.youtube.com/watch?v=naBKBcKLuJ0,Vector Illustration & Drawing (Vector Illustration & Drawing),26238,2026-03-12,-1.21,-41.69,59.58
Dom Designs,Adobe Illustrator Tutorial : How to Create Logo Design from Image (HD),https://www.youtube.com/watch?v=IK6tuTlwMpE,Logo Design & Branding (Logo Design & Branding),25354,2025-08-09,-8.37,-12.61,-82.35
Satori Graphics,LOGO DESIGNING WITH ILLUSTRATOR BRUSHES | Satori Graphics,https://www.youtube.com/watch?v=m_uuUfGGJLc,Logo Design & Branding (Logo Design & Branding),24961,2018-08-11,29.47,-33.65,-119.16
Spoon Graphics,[Tutorial Link] Flat Style Vector Planet in Illustrator,https://www.youtube.com/watch?v=isQ_Z7DRPX4,Vector Illustration & Drawing (Vector Illustration & Drawing),24570,2016-08-11,27.07,-10.79,107.65
Satori Graphics,Professional Logo Design Tutorial | Illustrator Logo Design | Satori Graphics,https://www.youtube.com/watch?v=krjYiXXgCX8,Logo Design & Branding (Logo Design & Branding),24520,2018-08-11,34.27,-37.27,-100.21
Zero2Graphic,How to Box Die-Cut Template Design in Adobe Illustrator CC | Packaging Design Tutorials,https://www.youtube.com/watch?v=mVR07zUP2yc,Packaging & Label Design (Packaging & Label Design),23892,2023-08-10,-104.78,-22.0,-59.89
Dansky,Stop Using the Pen Tool for Logo Design in Illustrator,https://www.youtube.com/watch?v=vgcd7NIQNoE,"Pen Tool & Precise Paths (Pen Tool & Precise Paths, Logo Design & Branding)",23720,2025-10-13,40.45,-114.24,28.95
quickndirtytuts,Tracing w/ pen tool Illustrator CS6 - Quick 'n' Dirty Tutorials,https://www.youtube.com/watch?v=x5vjpmv-Sps,"Pen Tool & Precise Paths (Pen Tool & Precise Paths, Vector Illustration & Drawing, Shape Builder & Pathfinder)",23481,2012-08-12,19.13,-94.52,8.58
Way to Technology,The Pathfinder Tool | Create Complex Shapes | Illustrator Part-8,https://www.youtube.com/watch?v=_gkE3YADLOc,Shape Builder & Pathfinder (Shape Builder & Pathfinder),23323,2020-08-10,27.19,-58.51,-17.21
Dansky,How to put an image in a shape in Illustrator,https://www.youtube.com/watch?v=C0KzEu0gocc,Beginner Guides (Beginner Guides),23178,2026-04-11,83.76,4.1,-15.21
Dansky,Master the Mesh Tool in Adobe Illustrator - Dansky Live,https://www.youtube.com/watch?v=XlACRbrjHXk,Beginner Guides (Beginner Guides),22627,2023-08-10,111.09,-0.55,5.53
Spoon Graphics,Grainy Shading Illustrator Text Effect Tutorial (+ FREE Textures!),https://www.youtube.com/watch?v=O4GJOxZGiiA,"Vector Illustration & Drawing (Vector Illustration & Drawing, Typography & Text Effects)",22529,2019-08-11,-56.4,3.27,99.78
Spoon Graphics,How to Create Lettering Illustrations the Easy Way With Photoshop’s Warp Tool,https://www.youtube.com/watch?v=Xgjge-oUc-Y,Typography & Text Effects (Typography & Text Effects),22455,2022-08-10,-46.94,111.78,26.1
Dansky,This free Illustrator plugin saves me hours,https://www.youtube.com/watch?v=GxwGUHGOfV8,Beginner Guides (Beginner Guides),22414,2026-07-10,14.42,7.04,-4.99
Dansky,This new Illustrator feature is wild!,https://www.youtube.com/watch?v=ju9siD0ggW8,Vector Illustration & Drawing (Vector Illustration & Drawing),21216,2026-05-11,-27.19,-22.96,62.56
Create WP Site,Adobe Illustrator Tutorial: Master the Basics FAST (2025 Beginner Guide),https://www.youtube.com/watch?v=YDrpmWv0b50,Beginner Guides (Beginner Guides),21189,2025-08-09,70.33,50.15,-20.26
Satori Graphics,ADVANCED PEN TOOL TIPS: Illustrator Tutorial,https://www.youtube.com/watch?v=7apxi2_xje8,Pen Tool & Precise Paths (Pen Tool & Precise Paths),20957,2019-08-11,74.13,-74.35,39.24
DESIGNER WAQAS GRAPHICS,Chips Packaging Design In Adobe Illustrator cc 2022 | Tutorial,https://www.youtube.com/watch?v=2_vJKovKLPw,Packaging & Label Design (Packaging & Label Design),20932,2022-08-10,-87.29,1.57,-58.17
Spoon Graphics,Modern Gradient Logo Design Illustrator Tutorial,https://www.youtube.com/watch?v=5Z2FgLnOJSU,Logo Design & Branding (Logo Design & Branding),20735,2021-08-10,18.4,-49.1,-61.17
Dansky,Cute Character Design Illustrator Tutorial,https://www.youtube.com/watch?v=c9O36Sx0pE8,Vector Illustration & Drawing (Vector Illustration & Drawing),20707,2018-08-11,42.99,-20.97,70.41
Uvaish The Graphic Designer,Perfume Bag Design in illustrator | Packaging Bag Design,https://www.youtube.com/watch?v=Y_aRhk49HIg,Packaging & Label Design (Packaging & Label Design),20335,2023-08-10,-102.55,13.55,-51.33
Learn Creative,Overlapping Shadow Text Effect With Reflection in Adobe Illustrator | Typography | Adobe Illustrator,https://www.youtube.com/watch?v=nXe__6EZZhw,Typography & Text Effects (Typography & Text Effects),20252,2025-08-09,-53.5,80.59,35.67
Satori Graphics,LOGO DESIGN ILLUSTRATOR TUTORIAL | Satori Graphics Logo Design Process,https://www.youtube.com/watch?v=ZQ9N_zQ7GYU,Logo Design & Branding (Logo Design & Branding),20193,2017-08-11,14.74,-36.72,-105.74
Bring Your Own Laptop,The Ultimate Adobe Illustrator Tips & Tricks,https://www.youtube.com/watch?v=jGLg_3qblxc,Beginner Guides (Beginner Guides),19697,2026-01-11,25.25,21.26,11.41
Satori Graphics,ILLUSTRATOR BLEND TOOL FUN! - Illustrator Blend Tool Tutorial,https://www.youtube.com/watch?v=_dgI-bZCRE8,Beginner Guides (Beginner Guides),19474,2018-08-11,94.29,13.65,51.89
Satori Graphics,6 Illustrator WORKFLOW TIPS For Beginners / Intermediates,https://www.youtube.com/watch?v=TZzV9WbB7FU,Beginner Guides (Beginner Guides),19385,2019-08-11,36.67,19.67,29.89
Dansky,Illustrator's Quick Pen Tool is amazing!,https://www.youtube.com/watch?v=9wtUZ_kx3nY,Pen Tool & Precise Paths (Pen Tool & Precise Paths),19370,2026-05-11,72.87,-103.27,15.73
LOGO DESIGN SCHOOL,Professional Logo Design: Letter A Logo Design Illustrator | Adobe Illustrator Logo Design Tutorial,https://www.youtube.com/watch?v=Tt80AUPN2OY,Logo Design & Branding (Logo Design & Branding),19187,2025-10-13,20.87,-48.57,-92.02
Zero2Graphic,Box Template Design in Adobe Illustrator CC | Packaging Design Tutorials,https://www.youtube.com/watch?v=LVfEn0qBaCQ,Packaging & Label Design (Packaging & Label Design),18876,2022-08-10,-86.37,-16.19,-62.51
Satori Graphics,My Design Process Of A MINIMAL LOGO DESIGN *Step By Step*,https://www.youtube.com/watch?v=x6hsiK-bTdk,Logo Design & Branding (Logo Design & Branding),18644,2019-08-11,-2.64,-29.88,-120.0
Dansky,7 Tips for Beginners in Adobe Illustrator,https://www.youtube.com/watch?v=TE9INcmRCdA,Beginner Guides (Beginner Guides),18214,2023-08-10,43.64,15.67,17.72
Dansky,This might be Illustrator’s best new feature,https://www.youtube.com/watch?v=tDDcECx-L4s,Vector Illustration & Drawing (Vector Illustration & Drawing),18166,2026-07-10,-22.08,-27.63,52.95
Zero2Graphic,Packaging Design Tutorial in Adobe Illustrator CC (Instant Noodle Bag) | Full Process,https://www.youtube.com/watch?v=Rm2mNpBiGmc,Packaging & Label Design (Packaging & Label Design),18083,2021-08-10,-103.56,-3.99,-52.16
Pierre Kleinhouse,Chocolate packaging illustration & design process,https://www.youtube.com/watch?v=5Hg4E1gmE8g,"Vector Illustration & Drawing (Vector Illustration & Drawing, Packaging & Label Design)",17519,2020-08-10,-15.91,5.85,51.75
Zero2Graphic,How to Rectangular Box Template Design in Adobe Illustrator 2022 CC | Packaging Design Tutorials,https://www.youtube.com/watch?v=l5QTsoSEBMw,Packaging & Label Design (Packaging & Label Design),17373,2024-08-09,-101.32,-5.47,-71.0
Satori Graphics,Typography Illustrator Tutorial  - Illustrator Typography Awesomeness  Level 100 | Satori Graphics,https://www.youtube.com/watch?v=2rnV49xDyIg,Typography & Text Effects (Typography & Text Effects),17226,2018-08-11,-39.53,120.0,-4.26
Dansky,How to create seamless patterns in Illustrator,https://www.youtube.com/watch?v=uO3jH2RZA5A,Pattern Design & Textures (Pattern Design & Textures),17128,2026-03-12,-30.29,21.09,-74.18
Dansky,8 PRO-LEVEL Design Hacks in Illustrator in 2 Minutes,https://www.youtube.com/watch?v=EiQlmwYL0qQ,Beginner Guides (Beginner Guides),16672,2025-12-12,82.8,66.12,-35.09
Aaron Rutten,Can You Make Photo-Realistic VECTOR ART? - Illustrator Mesh Tool,https://www.youtube.com/watch?v=4bXAdEVHHKU,Vector Illustration & Drawing (Vector Illustration & Drawing),16548,2018-08-11,-6.62,-44.47,111.77
P A N T E R,How to Make Inflated Text in Blender Quick And Easy!,https://www.youtube.com/watch?v=HeMS_gLtHdw,Typography & Text Effects (Typography & Text Effects),16324,2025-08-09,-11.97,65.61,-24.16
Satori Graphics,One Illustrator TRICK For Pro Pattern Designs,https://www.youtube.com/watch?v=c3jjyT0tbuY,Pattern Design & Textures (Pattern Design & Textures),16251,2020-08-10,-29.78,32.95,-96.45
Spoon Graphics,Add Textures in Photoshop with the Hidden “KNOCKOUT” Method,https://www.youtube.com/watch?v=Ewyn-yoNFoc,Beginner Guides (Beginner Guides),15906,2024-08-09,5.15,39.1,18.75
JZ Graphics,Create 3D Deep Text Effect In Adobe Illustrator | Deep Hole Text Design | Quick & Easy Tutorial,https://www.youtube.com/watch?v=Ur15w9NGT_8,"Typography & Text Effects (Typography & Text Effects, 3D & Inflation Effects)",15799,2024-08-09,-102.09,32.12,5.61
Spoon Graphics,Adobe Illustrator Logo Design Tutorial: Learn How To Create a Vector Skull Logo,https://www.youtube.com/watch?v=2R-76yaRXLc,"Vector Illustration & Drawing (Vector Illustration & Drawing, Logo Design & Branding)",15418,2021-08-10,15.64,22.63,109.18
Dansky,How to Save Time with Global Swatches in Adobe Illustrator | Dansky,https://www.youtube.com/watch?v=TTUHotspYkk,Pattern Design & Textures (Pattern Design & Textures),14888,2016-08-11,-16.98,32.18,-72.54
LOGO DESIGN SCHOOL,Logo Design : Modern Letter Logo Design Illustrator | Adobe illustrator Tutorial,https://www.youtube.com/watch?v=olvhptJthQ4,Logo Design & Branding (Logo Design & Branding),14588,2025-08-09,8.48,-53.84,-73.3
Mohammed Hdila (Graphic designer ita),Spices PACKAGING DESIGN Marocaine cuisine collection - Tutorial Adobe  illustrator CC - (section A),https://www.youtube.com/watch?v=koJ0Ya5rLlU,"Vector Illustration & Drawing (Vector Illustration & Drawing, 3D & Inflation Effects, Packaging & Label Design)",14537,2017-08-11,-17.65,17.17,54.82
Satori Graphics,Illustrator Pen Tool Techniques (AWESOME TIPS) | Satori Graphics,https://www.youtube.com/watch?v=JNhuJMGprYs,Pen Tool & Precise Paths (Pen Tool & Precise Paths),14440,2018-08-11,88.4,-87.51,14.25
Dansky,Illustrator quietly added a killer feature,https://www.youtube.com/watch?v=GxsCN6RZLI0,Beginner Guides (Beginner Guides),14378,2026-06-10,98.79,34.31,-18.38
LOGO DESIGN SCHOOL,Professional Letter Logo Design in Illustrator | Circle N Logo Design | Adobe illustrator Tutorial,https://www.youtube.com/watch?v=_UiplgRSqv8,Logo Design & Branding (Logo Design & Branding),14166,2025-10-13,19.82,-65.02,-94.99
GFBiper,How to make a Burger Box Packaging Design In Adobe Illustrator ||Product Packaging Design Burger Box,https://www.youtube.com/watch?v=NfskGt7VuWw,Packaging & Label Design (Packaging & Label Design),14077,2022-08-10,-66.77,-40.31,-49.41
Dom Designs,Adobe Illustrator Tutorial - How to Create Custom Neon Type Effects (Easy),https://www.youtube.com/watch?v=9bfQ1LqGIm4,"Vector Illustration & Drawing (Vector Illustration & Drawing, Typography & Text Effects)",13709,2024-08-09,-56.01,-8.58,74.39
Dansky,I didn’t expect this from Illustrator,https://www.youtube.com/watch?v=heFIH-g6poQ,Beginner Guides (Beginner Guides),13692,2026-05-11,54.19,36.01,1.28
Satori Graphics,3 ILLUSTRATOR PEN TOOL TRICKS | Illustrator Pen Tool Tutorial | Satori Graphics,https://www.youtube.com/watch?v=BNxwtFndVro,Pen Tool & Precise Paths (Pen Tool & Precise Paths),13679,2017-08-11,67.35,-84.65,13.23
Skillademia,Free Adobe Illustrator Course for Beginners (Graphic Design and Illustration Tutorial),https://www.youtube.com/watch?v=-FlR_V-cEko,Vector Illustration & Drawing (Vector Illustration & Drawing),13610,2023-08-10,23.7,-36.94,100.47
P A N T E R,How to Make Liquid Pixels Text Effect in Illustrator Like A PRO,https://www.youtube.com/watch?v=n6i4VhCduxA,"Logo Design & Branding (Logo Design & Branding, Typography & Text Effects)",13039,2025-08-09,56.77,11.64,-91.88
Satori Graphics,5 TOP ILLUSTRATOR TOOLS FOR TYPOGRAPHY | Satori Graphics,https://www.youtube.com/watch?v=stOtKLMbP8c,Typography & Text Effects (Typography & Text Effects),13030,2018-08-11,-31.69,106.47,-22.48
Dansky,This Illustrator Type on a Path Trick Changes Everything,https://www.youtube.com/watch?v=Cs5aSFd1gIY,"Pen Tool & Precise Paths (Pen Tool & Precise Paths, Typography & Text Effects)",12957,2025-08-09,78.58,-69.33,56.62
Sensture,Adobe Illustrator Tutorial | How To Create 3D Editable Text Effect,https://www.youtube.com/watch?v=ZdJ7x0R2gaA,"Typography & Text Effects (Typography & Text Effects, 3D & Inflation Effects)",12945,2024-08-09,-70.28,27.0,8.54
Satori Graphics,Illustrator Pathfinder Tool Guide (PLUS TIPS),https://www.youtube.com/watch?v=ISHBQ2rtWtg,Shape Builder & Pathfinder (Shape Builder & Pathfinder),12818,2018-08-11,24.13,-68.53,-28.45
P A N T E R,How To Design Bubble Text + 3D Inflate Effect In Illustrator,https://www.youtube.com/watch?v=gi3yw_84ocQ,"Typography & Text Effects (Typography & Text Effects, 3D & Inflation Effects)",12352,2023-08-10,-66.27,25.65,26.31
Dansky,Fixing a messy logo and making it look professional (Illustrator),https://www.youtube.com/watch?v=bsHUUoxiRqk,Logo Design & Branding (Logo Design & Branding),12313,2026-02-10,54.72,-47.53,-94.37
ARIAN KHALIFA,Grid line M  Alphabet logo Design Tutorial | Adobe Illustrator | M logo,https://www.youtube.com/watch?v=-xZSTkUm9Cw,Logo Design & Branding (Logo Design & Branding),11899,2023-08-10,-11.65,-33.04,-82.0
TechSavvyBytes,How to use Pathfinder and Shape Builder tool in Illustrator,https://www.youtube.com/watch?v=QcbZJ4WM1ZI,Shape Builder & Pathfinder (Shape Builder & Pathfinder),11863,2024-08-09,39.8,-61.33,-27.66
Bailey Vann,How to Make 3D Inflated Tumbler Wraps to Sell on Etsy with AI (Not Adobe Illustrator),https://www.youtube.com/watch?v=5Mfp6z8VDiw,3D & Inflation Effects (3D & Inflation Effects),11788,2025-08-09,-27.12,-73.79,9.33
Satori Graphics,Minimal Typography Design Adobe Illustrator | Satori Graphics,https://www.youtube.com/watch?v=1V_Tij9aVXM,Typography & Text Effects (Typography & Text Effects),11676,2018-08-11,-40.99,119.4,-20.82
P A N T E R,Line Gradient Text Effect | Adobe Illustrator Tutorial,https://www.youtube.com/watch?v=PsJS2eSFQRk,Typography & Text Effects (Typography & Text Effects),10070,2021-08-10,-64.3,72.88,13.59
Think Illustrator,Adobe illustrator CS5 tutorials lessons pen tool techniques demo draw vector artwork edit paths,https://www.youtube.com/watch?v=8YCXSVhIPq4,"Pen Tool & Precise Paths (Pen Tool & Precise Paths, Vector Illustration & Drawing)",10026,2012-08-12,38.9,-63.5,46.49
Dansky,Illustrator to After Effects: Animate Your Logos Like a Pro,https://www.youtube.com/watch?v=9BogxZM30O0,Beginner Guides (Beginner Guides),9688,2026-01-11,64.34,44.68,53.33
thenewboston,Adobe Illustrator CS6 for Beginners - Tutorial 52 - Path Tips and Tricks,https://www.youtube.com/watch?v=7rNBuI7oQHI,Pen Tool & Precise Paths (Pen Tool & Precise Paths),9373,2015-08-12,93.43,-73.49,34.05
Satori Graphics,Illustrator Gradient Typography Effects | Typography Illustrator Tutorial | Satori Graphics,https://www.youtube.com/watch?v=0DH47GVzPP4,Typography & Text Effects (Typography & Text Effects),8656,2018-08-11,-39.54,106.89,-10.31
P A N T E R,How To Create Epic Motion Speed Text Effect in Illustrator,https://www.youtube.com/watch?v=IMViGOOURKk,"Logo Design & Branding (Logo Design & Branding, Typography & Text Effects)",8469,2025-08-09,36.87,20.36,-92.56
Satori Graphics,Adobe Illustrator Tools Tutorial | Satori Graphics Illustrator Tutorial,https://www.youtube.com/watch?v=XkK01vGP-C0,Shape Builder & Pathfinder (Shape Builder & Pathfinder),8277,2018-08-11,29.04,-56.58,-37.96
VikasTech - (VTech),🎨 All Adobe Illustrator Tools Explained (Full Guide),https://www.youtube.com/watch?v=pEH9eSGP91E,Beginner Guides (Beginner Guides),8178,2025-08-09,96.48,9.5,-35.4
Mind Island Design,Add Grain Texture to Vector Art in Illustrator,https://www.youtube.com/watch?v=2zUwLwFMsY4,"Vector Illustration & Drawing (Vector Illustration & Drawing, Pattern Design & Textures)",7983,2024-08-09,-14.66,-70.04,71.88
Satori Graphics,Blend Tool Illustrator Line Art Tutorial | Satori Graphics,https://www.youtube.com/watch?v=3BK_Wicz2_8,Beginner Guides (Beginner Guides),6938,2018-08-11,89.77,5.23,37.31
Spoon Graphics,Design a Modern Gradient Logo Using Adobe Illustrator’s Shape Builder Tool,https://www.youtube.com/watch?v=ydol8DDOVco,"Logo Design & Branding (Logo Design & Branding, Shape Builder & Pathfinder)",6777,2025-08-09,0.13,-62.17,-46.14
Dansky,Make anything look printed in one click!,https://www.youtube.com/watch?v=-BMRQ_xlaCc,Typography & Text Effects (Typography & Text Effects),6688,2026-08-06,-13.76,88.81,-22.88
Good Optics Design Co,Create A Monogram Logo Design | Illustrator Tutorial,https://www.youtube.com/watch?v=-yQqoJKVDNU,Logo Design & Branding (Logo Design & Branding),6535,2025-08-09,7.65,-19.79,-77.09
Satori Graphics,Illustrator Tools And Tips | BOOST YOUR WORKFLOW | Satori Graphics,https://www.youtube.com/watch?v=UV869pA6snw,Beginner Guides (Beginner Guides),6169,2017-08-11,45.76,27.46,39.23
Dansky,Illustrator's Blend Tool just got better,https://www.youtube.com/watch?v=lXrDOi-sYe4,Beginner Guides (Beginner Guides),6086,2026-07-19,84.46,22.38,45.87
Satori Graphics,LOGO DESIGN TUTORIAL FLAT LETTERING (stylish) | Satori Graphics,https://www.youtube.com/watch?v=f2OwC_N1c-U,"Logo Design & Branding (Logo Design & Branding, Typography & Text Effects)",5727,2018-08-11,44.61,-16.62,-108.49
Naoufel nouar,Retro Text Effect Illustrator Tutorial,https://www.youtube.com/watch?v=flDpa7wZ5pQ,Typography & Text Effects (Typography & Text Effects),5580,2024-08-09,-44.3,63.02,-16.75
Harold Hamernik,Adobe Illustrator CS6 Advanced Pen Tool Tutorial,https://www.youtube.com/watch?v=J8rpBJZJZVg,Pen Tool & Precise Paths (Pen Tool & Precise Paths),5542,2013-08-12,60.58,-63.48,36.4
Satori Graphics,BEST WAYS To Make Artwork For Your Font - Illustrator Typography Tutorial,https://www.youtube.com/watch?v=7e14RnmPg_I,Typography & Text Effects (Typography & Text Effects),5525,2018-08-11,-8.0,100.28,-7.35
LOGO DESIGN SCHOOL,Professional Logo Design Illustrator Tutorial | Letter Logo Design | Adobe illustrator Tutorial,https://www.youtube.com/watch?v=kzn3UqUdyT4,Logo Design & Branding (Logo Design & Branding),5299,2025-09-13,26.63,-57.98,-80.28
Satori Graphics,COOL ILLUSTRATOR SCATTER BRUSH TUTORIAL | Illustrator Custom Brush | Satori Graphics,https://www.youtube.com/watch?v=qce5uWmFHRw,Beginner Guides (Beginner Guides),5179,2017-08-11,102.47,34.8,29.22
stopbeingantisocial,EASY INFLATED 3D TEXT TUTORIAL | Illustrator Step-by-Step Design Guide | stopbeingantisocial,https://www.youtube.com/watch?v=sogP_ERpCOM,"Typography & Text Effects (Typography & Text Effects, 3D & Inflation Effects)",5139,2023-08-10,-106.68,16.61,27.72
RichGraphics,Liquid Typography in Adobe Illustrator – Text Effect Tutorial,https://www.youtube.com/watch?v=NDE8FxefzNc,Typography & Text Effects (Typography & Text Effects),5114,2024-08-09,-40.5,87.5,3.03
Dansky,How to draw a perfect star in Illustrator,https://www.youtube.com/watch?v=a5aILX4rVQ0,Beginner Guides (Beginner Guides),4834,2026-03-12,109.03,13.71,24.22
petra Designs,packaging design tutorial for a can drink in adobe illustrator,https://www.youtube.com/watch?v=4oPkEe3sIQ8,Packaging & Label Design (Packaging & Label Design),4611,2024-08-09,-76.07,-8.35,-49.14
Dansky,How to show anchor points in Illustrator for logo design,https://www.youtube.com/watch?v=z-Vm29zssYs,"Pen Tool & Precise Paths (Pen Tool & Precise Paths, Logo Design & Branding)",4596,2026-03-12,49.13,-120.0,40.87
TheOneWillFocus,Learn the Pen Tool: Adobe Illustrator Tutorials (Part 1),https://www.youtube.com/watch?v=UGCOcfhaOyA,Pen Tool & Precise Paths (Pen Tool & Precise Paths),4570,2016-08-11,42.98,-82.02,42.86
Graphic Lover,Tissue Box Packaging Design in Illustrator | Box Design |  Make Dieline | Packaging #Graphi_Lover,https://www.youtube.com/watch?v=7NYAxtGSyqg,Packaging & Label Design (Packaging & Label Design),4252,2023-08-10,-54.03,-21.52,-55.52
Dansky,How to create symmetrical logos in Illustrator,https://www.youtube.com/watch?v=8WkhkyV83L4,Beginner Guides (Beginner Guides),3921,2026-03-12,76.92,50.15,36.26
Tutorials by Manizha & Ryan,Adobe Illustrator Tutorial (2026),https://www.youtube.com/watch?v=BqBsxM2Gsy4,Beginner Guides (Beginner Guides),3888,2026-02-10,41.52,50.26,8.43
Vector Nerd,Turn Any Image into a Vector | Adobe Illustrator Tutorial,https://www.youtube.com/watch?v=zaOW2wVrzY8,Vector Illustration & Drawing (Vector Illustration & Drawing),3801,2025-08-09,-5.02,3.52,72.9
SilverStar Graphix,"Packaging Design in Adobe Illustrator | How To Create Die Cut Lines, Creasing Lines and Bleed Area",https://www.youtube.com/watch?v=FAAd24HIKnQ,Packaging & Label Design (Packaging & Label Design),3774,2022-08-10,-118.6,-21.56,-41.98
Spoon Graphics,The BEST Spoon Graphics Tutorials from 2023,https://www.youtube.com/watch?v=knrrep5xh0M,Beginner Guides (Beginner Guides),3760,2024-08-09,116.88,52.23,-30.73
SG Créatif,Gonflez n'importe quoi dans Adobe illustrator avec cet effet 3D,https://www.youtube.com/watch?v=4qULUz2XJpU,3D & Inflation Effects (3D & Inflation Effects),3747,2023-08-10,-65.18,-70.12,12.33
1LinerTutorials,Pen Tool Tutorial | Adobe Illustrator CC,https://www.youtube.com/watch?v=aJptcsXv_kE,"Beginner Guides (Beginner Guides, Pen Tool & Precise Paths, Vector Illustration & Drawing)",3744,2018-08-11,83.03,-45.46,13.06
Learn Creative,Overlapping Shadow Text Effect With Reflection in Illustrator | Shadow Typography | Illustrator 2025,https://www.youtube.com/watch?v=AesN8wFJ2Vw,Typography & Text Effects (Typography & Text Effects),3653,2025-08-09,-60.7,72.81,40.5
Dansky,Working on my brand guidelines in Illustrator,https://www.youtube.com/watch?v=RuTp6As6MHY,Beginner Guides (Beginner Guides),3497,2026-02-10,54.19,36.01,1.28
Michael Masters,Pen Tool Tutorial for Graphic Designers | Adobe Illustrator,https://www.youtube.com/watch?v=uKkczjNNQkI,Pen Tool & Precise Paths (Pen Tool & Precise Paths),3203,2019-08-11,54.44,-92.82,52.99
Jason Secrest,Adobe Illustrator Tutorial using Pen Tool,https://www.youtube.com/watch?v=7VSIPuCqWoY,Pen Tool & Precise Paths (Pen Tool & Precise Paths),3018,2017-08-11,50.48,-97.84,37.13
Spoon Graphics,The BEST Spoon Graphics Tutorials from 2024,https://www.youtube.com/watch?v=zXg5Avf3SS0,Beginner Guides (Beginner Guides),3006,2025-08-09,120.0,55.95,-21.42
Design Vision,Product Packaging Design Tutorial in Illustrator | Illustrator 3D Packaging Design #Design_Vision,https://www.youtube.com/watch?v=gru7SkEmgzQ,"3D & Inflation Effects (3D & Inflation Effects, Packaging & Label Design)",2565,2020-08-10,-74.06,-53.06,-11.32
PackMojo,How to Design on a Packaging Sleeve Dieline | Packaging Design 101,https://www.youtube.com/watch?v=9Vlr6zUFOGw,Packaging & Label Design (Packaging & Label Design),2456,2025-08-09,-61.53,-14.63,-39.35
Satori Graphics,Use The Illustrator Rotate Tool To Make DOPE GRAPHICS - Illustrator Tutorial,https://www.youtube.com/watch?v=reXvEMAgHTE,Beginner Guides (Beginner Guides),2331,2017-08-11,87.23,17.86,18.42
P A N T E R,Unknown Secret Inflation Tricks In Illustrator You Need To Know,https://www.youtube.com/watch?v=pKPcX-FqyEU,"Logo Design & Branding (Logo Design & Branding, 3D & Inflation Effects)",2330,2025-08-09,57.9,-14.99,-67.25
PackMojo,How to Create Seamless Patterns on Adobe Illustrator | Packaging Design 101,https://www.youtube.com/watch?v=KAuzZA7d0D8,"Pattern Design & Textures (Pattern Design & Textures, Packaging & Label Design)",2297,2025-08-09,-47.12,27.46,-72.31
Chelsea Lewis,Pen Tool in Illustrator - Part 4: Using the pathfinder,https://www.youtube.com/watch?v=IcOjJpKw7GA,"Pen Tool & Precise Paths (Pen Tool & Precise Paths, Shape Builder & Pathfinder)",1804,2017-08-11,38.01,-96.15,-1.96
Munez Studio,How to design pouch in Adobe Illustrator | Supplement Packaging Design Tutorial,https://www.youtube.com/watch?v=vH__7fDbvvs,Packaging & Label Design (Packaging & Label Design),1802,2023-08-10,-76.47,12.64,-48.31
Typefool,Watch Me Create Stunning 3D Letters for 36 Days of Type | Illustrator & Photoshop,https://www.youtube.com/watch?v=pCNZk80kmFU,"Typography & Text Effects (Typography & Text Effects, 3D & Inflation Effects)",1656,2023-08-10,-51.5,-7.06,38.34
Tutorial Pro,Tracing Doraemon using Illustrator Pen Tool,https://www.youtube.com/watch?v=kfsyZVsq8UQ,"Beginner Guides (Beginner Guides, Pen Tool & Precise Paths, Vector Illustration & Drawing)",1569,2020-08-10,89.52,-44.7,23.87
Kathy Fruge Brown,"AI Demo of Pen Tool, Pathfinder, Shapebuilder",https://www.youtube.com/watch?v=kBh2DJpA3ds,"Pen Tool & Precise Paths (Pen Tool & Precise Paths, Shape Builder & Pathfinder)",1446,2018-08-11,42.02,-104.71,-17.06
Zero2Graphic,How to Design a Coffee Box Template in Adobe Illustrator CC | Packaging Die-Line Tutorial,https://www.youtube.com/watch?v=ZStQYzzTk3A,Packaging & Label Design (Packaging & Label Design),1420,2026-07-10,-101.37,-23.97,-76.07
SD 45 Designs,Modern Style 3D Inflated Effect Text Typography In Illustrator #illustrator #photoshop,https://www.youtube.com/watch?v=0Emo2KJ8lCE,"Vector Illustration & Drawing (Vector Illustration & Drawing, Logo Design & Branding, Typography & Text Effects, 3D & Inflation Effects)",1252,2023-08-10,-37.27,29.01,92.14
Niz Art creation,papaging design Full Course 2025 l How to Create Supplement Label Design in Illustrator,https://www.youtube.com/watch?v=oNl7fR0F4ls,Packaging & Label Design (Packaging & Label Design),1219,2025-09-13,-87.43,12.84,-33.5
Packaging Unboxd Podcast,How To Create Repeating Patterns in Illustrator for Packaging Design,https://www.youtube.com/watch?v=AniHSAzQuiA,"Pattern Design & Textures (Pattern Design & Textures, Packaging & Label Design)",1175,2023-08-10,-35.25,32.94,-63.56
BLGStudio,"Illustrator - Pen Tool, Layers and Pathfinder",https://www.youtube.com/watch?v=5saGd5HPqa4,"Pen Tool & Precise Paths (Pen Tool & Precise Paths, Shape Builder & Pathfinder)",1078,2011-08-13,29.41,-92.75,-15.98
Grapocean,How to Create Geometric Pattern Packaging Design In Adobe Illustrator,https://www.youtube.com/watch?v=pgCMAZoMSs4,"Pattern Design & Textures (Pattern Design & Textures, Packaging & Label Design)",1054,2022-08-10,-30.06,44.46,-71.93
Belle Codes,Adobe Illustrator for Beginners | Pen Tool Basics,https://www.youtube.com/watch?v=QkCuq6oZ65k,"Beginner Guides (Beginner Guides, Pen Tool & Precise Paths)",1016,2026-03-12,95.83,-59.57,10.05
Howfinity,How To Use Adobe Illustrator - Beginner's Tutorial,https://www.youtube.com/watch?v=f_akt8EPGMI,Beginner Guides (Beginner Guides),1000,2025-10-13,76.89,18.4,6.66
Jason Secrest,Adobe Illustrator Tutorial: Pen Tool Basics,https://www.youtube.com/watch?v=5czhLo0Om6Y,"Beginner Guides (Beginner Guides, Pen Tool & Precise Paths)",930,2018-08-11,108.66,-56.18,4.65
Passion4Learn,Product Packaging and Label Design In Adobe Illustrator Tutorial - How To Create Offset Path,https://www.youtube.com/watch?v=-BhoZmuM10c,"Pen Tool & Precise Paths (Pen Tool & Precise Paths, Packaging & Label Design)",864,2023-08-10,75.72,-94.02,61.08
Niz Art creation,Packaging Design Full Course 2025  Adobe illustrator Tutorial l Niz Art creation,https://www.youtube.com/watch?v=glZrp4Zi7pU,Packaging & Label Design (Packaging & Label Design),828,2025-08-09,-71.55,1.26,-34.62
Niz Art creation,Typography Design Tutorial l 3d text effect in adobe illustrator l  Modern Text Effects,https://www.youtube.com/watch?v=40GxZ0cPcRQ,"Typography & Text Effects (Typography & Text Effects, 3D & Inflation Effects)",798,2025-08-09,-82.03,19.33,18.55
NSV Designer,Illustrator Tutorial | Graphic Design | Product Packaging Design ⚡,https://www.youtube.com/watch?v=QpmqMYI8xRw,Packaging & Label Design (Packaging & Label Design),769,2026-03-12,-93.53,-16.51,-44.03
E_times,Adobe illustrator logo tutorial for Beginners | Step-by-Step Guide (2025),https://www.youtube.com/watch?v=pw9K5gMnysE,Logo Design & Branding (Logo Design & Branding),682,2025-10-13,-0.6,-15.16,-116.31
Two Sleepy Heads Creative Studio,Tutorial #8: How to use the inflate tool to create 3D text in illustrator,https://www.youtube.com/watch?v=iXi0xEEtvRk,"Typography & Text Effects (Typography & Text Effects, 3D & Inflation Effects)",644,2022-08-10,-49.9,17.12,29.77
Creative Lab,Learn Illustrator in 10 Minutes | Quick & Easy Tutorial for Beginners,https://www.youtube.com/watch?v=TilDTmp93ZY,Beginner Guides (Beginner Guides),617,2024-08-09,84.92,-11.12,18.86
Alexi Balian,Adobe Illustrator Pen Tool and Pathfinder,https://www.youtube.com/watch?v=_OVW6Lm-HUo,"Pen Tool & Precise Paths (Pen Tool & Precise Paths, Shape Builder & Pathfinder)",557,2016-08-11,51.03,-84.16,-4.61
MJ Graphics,Let's create 3d donut wallpaper in illustrator | 3d inflate effect | MJ Graphics,https://www.youtube.com/watch?v=nrfwcnn4lAY,3D & Inflation Effects (3D & Inflation Effects),531,2024-08-09,-47.3,-55.35,-8.24
bubbledesign,Warp a Text to 3D Shapes in Adobe Illustrator Part 1,https://www.youtube.com/watch?v=W_RKn7-0Dmw,"Typography & Text Effects (Typography & Text Effects, 3D & Inflation Effects)",523,2023-08-10,-67.99,-9.88,23.49
Amr4Graphics,How to make Inflated 3D Type in Adobe Illustrator اليستريتور 2023,https://www.youtube.com/watch?v=02skSWFGNNc,"Typography & Text Effects (Typography & Text Effects, 3D & Inflation Effects)",403,2023-08-10,-98.0,-2.16,37.6
Redexigns,Learn How to create 3D Poster in Illustrator,https://www.youtube.com/watch?v=5RDDOTkaosk,3D & Inflation Effects (3D & Inflation Effects),390,2020-08-10,-57.28,-69.86,-3.08
Adrian Boysel,Adobe Illustrator Tutorials - Pathfinder Tool,https://www.youtube.com/watch?v=lvKbRG8-VLE,"Beginner Guides (Beginner Guides, Pen Tool & Precise Paths, Shape Builder & Pathfinder)",383,2021-08-10,52.19,-63.16,-8.71
Designer Tips,Adobe Illustrator 3D hand emoji inflation effect #newfeatures - easy icon design step by step,https://www.youtube.com/watch?v=IX0vD_9XXEk,"Vector Illustration & Drawing (Vector Illustration & Drawing, Logo Design & Branding, 3D & Inflation Effects)",374,2024-08-09,-18.93,41.73,95.71
Munez Studio,Packaging Design Tutorial in Adobe Illustrator 2025 | #packagingdesign #labeldesigner,https://www.youtube.com/watch?v=bAfjkIW1SAM,Packaging & Label Design (Packaging & Label Design),340,2025-09-13,-87.1,-1.46,-41.57
Pranto,3D Effect Lettering in Illustrator Using Blend Tool,https://www.youtube.com/watch?v=BphVK0kj-e0,"Typography & Text Effects (Typography & Text Effects, 3D & Inflation Effects)",338,2020-08-10,-58.02,13.95,-1.52
Philip Blank,How I turn 2D into 3D Illustrations with 1 click,https://www.youtube.com/watch?v=ot1FCUGiwaA,"Vector Illustration & Drawing (Vector Illustration & Drawing, 3D & Inflation Effects)",325,2023-08-10,-16.75,36.99,72.22
Pete Calvert,Package design in Adobe Illustrator,https://www.youtube.com/watch?v=e3jZYLWREYA,"Typography & Text Effects (Typography & Text Effects, Pattern Design & Textures, Packaging & Label Design)",311,2024-08-09,-38.74,48.57,-54.92
Design Whispers,Adobe Illustrator Beginner Tutorial,https://www.youtube.com/watch?v=-ua8mkogu7U,Beginner Guides (Beginner Guides),297,2026-04-11,63.89,23.24,-2.19
AK Creatives,How to convert Vector Logo into 3D in Adobe Illustrator,https://www.youtube.com/watch?v=KOLMiLg0rxQ,"Vector Illustration & Drawing (Vector Illustration & Drawing, Logo Design & Branding, 3D & Inflation Effects)",270,2023-08-10,-14.57,28.77,94.77
Munez Studio,"Packaging Design in Adobe Illustrator | How To Create Die Cut Lines, Creasing Lines, Bleed Area",https://www.youtube.com/watch?v=fALJs3w7ISo,Packaging & Label Design (Packaging & Label Design),258,2026-07-26,-111.32,-25.22,-29.92
effort for success,Adobe illustrator class 153 effect menu inflate effect Urdu/Hindi,https://www.youtube.com/watch?v=8UC_WGGQZBE,3D & Inflation Effects (3D & Inflation Effects),240,2024-08-09,-32.7,-41.47,-4.62
icon 89 Graphic Design,Raster to Vector with Pen tool & Pathfinder in Adobe illustrator CC,https://www.youtube.com/watch?v=cGe6sxv7cRk,"Pen Tool & Precise Paths (Pen Tool & Precise Paths, Vector Illustration & Drawing, Shape Builder & Pathfinder)",199,2020-08-10,19.35,-77.5,3.58
SF Creations,How to do 3d Inflate Heart Effect in adobe Illustrator 2023,https://www.youtube.com/watch?v=iMOlh5wFC4o,3D & Inflation Effects (3D & Inflation Effects),177,2024-08-09,-52.64,-39.9,-1.86
Innovledia,Adobe Illustrator CC 2019 - Pathfinder and Pen Tool,https://www.youtube.com/watch?v=PFEqvbeAeD8,"Pen Tool & Precise Paths (Pen Tool & Precise Paths, Shape Builder & Pathfinder)",176,2020-08-10,34.16,-80.07,-8.48
Adobe Tutorials,"Illustrator Curves With Pen Tool, Shapes With Pathfinder Panel",https://www.youtube.com/watch?v=zsPBT9M_b-g,"Pen Tool & Precise Paths (Pen Tool & Precise Paths, Shape Builder & Pathfinder)",166,2013-08-12,47.04,-87.81,-19.22
Designer Tips,Adobe Illustrator Tutorial how to create 3D text effect using inflate typography inspiration design,https://www.youtube.com/watch?v=_jsmrWcekyw,"Vector Illustration & Drawing (Vector Illustration & Drawing, Typography & Text Effects, 3D & Inflation Effects)",163,2024-08-09,-47.94,25.32,82.14
PIXIIYA,How to make 2D to 3D INFLATE in Adobe illustrator Tutorial quick and easy,https://www.youtube.com/watch?v=w0JfFnDBwXk,3D & Inflation Effects (3D & Inflation Effects),137,2023-08-10,-24.49,-49.04,13.75
Schum Creative,How to use the Pen Tool in Adobe Illustrator,https://www.youtube.com/watch?v=kcd5RMjx__I,Pen Tool & Precise Paths (Pen Tool & Precise Paths),132,2025-08-09,56.87,-82.17,29.4
MJ Graphics,The EASIEST 3D Puff Effect in Illustrator,https://www.youtube.com/watch?v=0ifcQxAyjIM,"Typography & Text Effects (Typography & Text Effects, 3D & Inflation Effects)",128,2025-08-09,-81.82,-8.35,7.53
Chris Groff,Lesson 2 - Illustrator Pen Tool.avi,https://www.youtube.com/watch?v=McoVozS6ETQ,Pen Tool & Precise Paths (Pen Tool & Precise Paths),119,2011-08-13,67.23,-89.13,41.89
SpleNdour DesigN,Crafting a Striking 3D Inflated Indian Flag in Adobe Illustrator || Tutorial || Easy,https://www.youtube.com/watch?v=sIfX_7N2Ed4,3D & Inflation Effects (3D & Inflation Effects),111,2024-08-09,-33.69,-62.28,19.74
The Computer Preceptor,3D Inflated Text Designs in Adobe Illustrator 2024,https://www.youtube.com/watch?v=Xv4PxvCN7CU,"Typography & Text Effects (Typography & Text Effects, 3D & Inflation Effects)",96,2024-08-09,-76.85,-1.99,39.7
MNH Graphic studio,Inflate Anything in Adobe illustrator with the 3D Effect || 3d effect tutorial,https://www.youtube.com/watch?v=Y_vM7suyInY,3D & Inflation Effects (3D & Inflation Effects),83,2024-08-09,-29.92,-57.22,-1.01
iZoRun,How to inflate in Illustrator,https://www.youtube.com/watch?v=QDS7gEp8_JQ,Beginner Guides (Beginner Guides),82,2024-08-09,65.56,50.34,3.62
MJ Graphics,Turn ANY Icon 3D PUFFY in 60s! WhatsApp Demo  Illustrator Tutorial,https://www.youtube.com/watch?v=nfH5UUNAkyU,"Logo Design & Branding (Logo Design & Branding, 3D & Inflation Effects)",58,2025-08-09,74.5,-27.26,-78.81
Exploring Design Worlds,How To Create Bubble Type or Balloon Text / Inflation Simulations  in Adobe illustrator/ TEXT EFFECT,https://www.youtube.com/watch?v=YNG5F8jaqBM,"Typography & Text Effects (Typography & Text Effects, 3D & Inflation Effects)",58,2024-08-09,-65.52,32.93,39.62
AK Creatives,How to convert Line into Vase in Adobe Illustrator,https://www.youtube.com/watch?v=3WIRAurwS60,3D & Inflation Effects (3D & Inflation Effects),48,2023-08-10,-66.52,-57.02,25.39
Mindful Tech,3D Effects in Adobe Illustrator: Creating Rounded Shapes and Applying Inflation,https://www.youtube.com/watch?v=d_NNuqirpZs,3D & Inflation Effects (3D & Inflation Effects),44,2023-08-10,-50.64,-68.57,22.42
Sami™,How to Make 3D Inflated Text Effect in Adobe illustrator,https://www.youtube.com/watch?v=AvfWpD1SzPw,"Typography & Text Effects (Typography & Text Effects, 3D & Inflation Effects)",43,2024-08-09,-86.32,-2.95,24.93
MJ Graphics,3D Inflate ANYTHING in 60s! 2025 Illustrator Secret,https://www.youtube.com/watch?v=BURCHnSYzYk,3D & Inflation Effects (3D & Inflation Effects),37,2025-08-09,-37.49,-71.78,-8.8
Ummiy's Creative Canvas,Packaging Design Tutorial (Label Design) | Full Process Timelapse in Adobe Illustrator,https://www.youtube.com/watch?v=kTDUkpD5V5g,Packaging & Label Design (Packaging & Label Design),37,2023-08-10,-104.21,-2.57,-35.54
MJ Graphics,3D Puffed Up ANYTHING in Illustrator ( Inflation Effect Tutorial! ),https://www.youtube.com/watch?v=Qy1XULr7Ijs,"Logo Design & Branding (Logo Design & Branding, Typography & Text Effects, 3D & Inflation Effects)",35,2025-08-09,64.42,-11.96,-82.15
Christopher Roche,Illustrator Using Pen tool and Pathfinder,https://www.youtube.com/watch?v=agVeQMxGiGQ,"Pen Tool & Precise Paths (Pen Tool & Precise Paths, Shape Builder & Pathfinder)",33,2020-08-10,38.01,-96.15,-1.96
Daniel Kiss,Adobe Illustrator Practice - Pen Tool and Pathfinder tool,https://www.youtube.com/watch?v=J39HR7vuXG0,"Pen Tool & Precise Paths (Pen Tool & Precise Paths, Shape Builder & Pathfinder)",31,2025-08-09,38.68,-81.53,6.51
Design Tutorial,Effect inflate in Illustrator,https://www.youtube.com/watch?v=r0YqvWJO9VM,Typography & Text Effects (Typography & Text Effects),28,2025-09-13,-37.94,86.29,-15.31
Lakhfif,How to inflate in Illustrator,https://www.youtube.com/watch?v=1PzeEmjtQL0,Beginner Guides (Beginner Guides),24,2026-01-11,65.56,50.34,3.62
Akshari Solutions,How to Create 3D Striped Shapes in Adobe Illustrator,https://www.youtube.com/watch?v=jYcUJEYv4XQ,3D & Inflation Effects (3D & Inflation Effects),21,2026-07-10,-48.68,-80.42,10.47
Atiqur Rahman,Inflate Anything in Adobe Illustrator with This 3D Effect,https://www.youtube.com/watch?v=bVISTqAA1os,3D & Inflation Effects (3D & Inflation Effects),16,2024-08-09,-42.13,-49.8,6.91
Typography: Class Demos,"Illustrator: basic pen tool, tracing something, pathfinder, making illustrations",https://www.youtube.com/watch?v=oZ0SDeeBjsY,"Pen Tool & Precise Paths (Pen Tool & Precise Paths, Shape Builder & Pathfinder)",10,2021-08-10,22.76,-107.15,-7.25
LMTN GRAPHICS,Inflate 3D Text In Illustrator Tutorial | Typography Design | 3D Text | Adobe Illustrator,https://www.youtube.com/watch?v=VCaAcHRcX1E,"Typography & Text Effects (Typography & Text Effects, 3D & Inflation Effects)",7,2023-08-10,-65.45,9.28,29.84
AzzyTechni,How to Create a Heart Box Dieline Template in Adobe Illustrator | Step-by-Step Tutorial,https://www.youtube.com/watch?v=2gks5v5UDFE,"Pen Tool & Precise Paths (Pen Tool & Precise Paths, Packaging & Label Design, Shape Builder & Pathfinder)",7,2023-06-15,45.1,-115.82,-0.48
Minestorm,How to Make for Fashion Box Packaging Adobe Illustrator - GUIDE!,https://www.youtube.com/watch?v=WIXJ-WzRuEI,Packaging & Label Design (Packaging & Label Design),4,2025-09-13,-71.71,-23.45,-52.1
SPOON GRAPHICS,HOW TO LEARN PHOTOSHOP (photoshop tutorial 2) #creative #adobeillustrator #spoongraphics,https://www.youtube.com/watch?v=urFgK93Q2CM,Beginner Guides (Beginner Guides),3,2025-08-09,93.41,71.57,6.97
Logo Flow,Moonlight Harbor Logo Design Tutorial | Create a Vintage Lighthouse Badge in Adobe Illustrator,https://www.youtube.com/watch?v=EBDUZb_FcFA,Logo Design & Branding (Logo Design & Branding),1,2023-06-15,4.21,0.64,-95.1
