autor,titulo,enlace,categoria_descriptores,vistas_reales,fecha_publicacion,duracion,duracion_segundos,latent_x,latent_y,latent_z,categoria_principal,tags
freeCodeCamp.org,Learn Python - Full Course for Beginners [Tutorial],https://www.youtube.com/watch?v=rfscVS0vtbw,Beginner Guides (Beginner Guides),49085569,2018-08-11,04:26:52,16012,39.99,-30.81,-35.26,,
Programming with Mosh,Python Full Course for Beginners,https://www.youtube.com/watch?v=_uQrJ0TkZlc,"Beginner Guides (Beginner Guides, Machine Learning)",48562605,2019-08-11,06:14:07,22447,-35.57,75.3,-20.38,,
Programming with Mosh,Python for Beginners - Learn Coding with Python in 1 Hour,https://www.youtube.com/watch?v=kqtD5dpn9C8,"Beginner Guides (Beginner Guides, Machine Learning)",24919014,2021-08-10,01:00:06,3606,-24.29,66.75,-5.49,,
CodeWithHarry,Python Tutorial For Beginners in Hindi | Complete Python Course 🔥,https://www.youtube.com/watch?v=UrsmFxEIp5k,Data Science (Data Science),22873214,2024-08-09,10:53:54,39234,0.99,38.19,80.24,,
Bro Code,Python Full Course for free 🐍,https://www.youtube.com/watch?v=XKHEtdqhLK8,Beginner Guides (Beginner Guides),22053964,2021-08-10,12:00:00,43200,52.68,-34.47,22.11,,
Programming with Mosh,Java Full Course for Beginners,https://www.youtube.com/watch?v=eIrMbAQSU34,Beginner Guides (Beginner Guides),14205783,2019-08-11,02:30:48,9048,39.03,-17.82,1.07,,
Apna College,Python Tutorial for Beginners - Full Course (with Notes & Practice Questions),https://www.youtube.com/watch?v=ERCMXc8x7mc,"Beginner Guides (Beginner Guides, Machine Learning)",13114691,2024-08-09,10:24:51,37491,-53.34,70.99,-16.94,,
Bro Code,Python Full Course for free 🐍,https://www.youtube.com/watch?v=ix9cRaBkVe0,Beginner Guides (Beginner Guides),11349308,2025-08-09,12:00:00,43200,56.24,-44.92,17.06,,
Programming with Mosh,HTML Tutorial for Beginners: HTML Crash Course,https://www.youtube.com/watch?v=qz0aGYrrlhU,Beginner Guides (Beginner Guides),11017054,2021-08-10,01:09:33,4173,30.64,11.7,-13.93,,
freeCodeCamp.org and Kylie Ying,Machine Learning for Everybody – Full Course,https://www.youtube.com/watch?v=i_LwzRVP7bg,"Beginner Guides (Beginner Guides, Machine Learning)",10262308,2023-08-10,03:53:53,14033,-32.31,70.87,-36.4,,
CS Dojo,Python Tutorial for Absolute Beginners #1 - What Are Variables?,https://www.youtube.com/watch?v=Z1Yd7upQsXY,Beginner Guides (Beginner Guides),9475777,2018-08-11,24:38,1478,32.38,11.04,9.25,,
freeCodeCamp.org and CS50,Harvard CS50’s Introduction to Programming with Python – Full University Course,https://www.youtube.com/watch?v=nLRL_NcnK-4,Beginner Guides (Beginner Guides),8740965,2023-08-10,15:57:48,57468,10.03,-25.71,18.39,,
Error Makes Clever,Python Tutorial - Python Full Course for Beginners in Tamil,https://www.youtube.com/watch?v=m67-bOpOoPU,Beginner Guides (Beginner Guides),8097323,2023-08-10,09:38:04,34684,30.9,-16.72,-27.41,,
freeCodeCamp.org,Python for Everybody - Full University Python Course,https://www.youtube.com/watch?v=8DvywoWv6fI,Beginner Guides (Beginner Guides),7771959,2019-08-11,13:40:10,49210,-1.35,-34.28,18.89,,
Programming with Mosh,Python Full Course for Beginners,https://www.youtube.com/watch?v=K5KVEU3aaeQ,Beginner Guides (Beginner Guides),7147948,2025-08-09,02:02:20,7340,37.52,-24.9,-16.42,,
edureka!,Python Full Course - 12 Hours | Python For Beginners - Full Course | Python Tutorial | Edureka,https://www.youtube.com/watch?v=WGJJIrtnfpk,Beginner Guides (Beginner Guides),6916274,2020-08-10,11:56:22,42982,0.72,-3.77,-46.17,,
TechWorld with Nana,Python Tutorial for Beginners - Learn Python in 5 Hours [FULL COURSE],https://www.youtube.com/watch?v=t8pPdKYpowI,Beginner Guides (Beginner Guides),6821497,2021-08-10,05:31:29,19889,34.55,-20.47,-46.05,,
Soy Dalto,PYTHON course from ZERO (Complete),https://www.youtube.com/watch?v=nKPbfIU442g,Beginner Guides (Beginner Guides),5834818,2023-08-10,08:06:30,29190,99.27,-32.0,-0.44,,
freeCodeCamp.org,OpenCV Course - Full Tutorial with Python,https://www.youtube.com/watch?v=oXlwWbU8l2o,Beginner Guides (Beginner Guides),5537338,2021-08-10,03:41:42,13302,24.59,27.49,-35.69,,
Corey Schafer,Python OOP Tutorial 1: Classes and Instances,https://www.youtube.com/watch?v=ZDa-Z5JzLYM,OOP Programming (OOP Programming),5006132,2016-08-11,15:24,924,1.71,-53.4,100.79,,
freeCodeCamp.org and Kylie Ying,12 Beginner Python Projects - Coding Course,https://www.youtube.com/watch?v=8ext9G7xspg,Beginner Guides (Beginner Guides),4925496,2021-08-10,03:00:29,10829,22.97,5.46,-69.35,,
Programming with Mosh,"Object-Oriented Programming, Simplified",https://www.youtube.com/watch?v=pTB0EiLXUC8,OOP Programming (OOP Programming),4807142,2018-08-11,07:34,454,14.57,-34.59,81.75,,
freeCodeCamp.org,"Python for Data Science - Course for Beginners (Learn Python, Pandas, NumPy, Matplotlib)",https://www.youtube.com/watch?v=LHBE6Q9XlzI,Data Science (Data Science),4787904,2020-08-10,12:19:51,44391,-15.04,59.18,69.55,,
freeCodeCamp.org and Beau Carnes,Python for Beginners – Full Course [Programming Tutorial],https://www.youtube.com/watch?v=eWRfhZUzrAc,Beginner Guides (Beginner Guides),4677726,2022-08-10,04:39:59,16799,24.11,-30.91,-21.41,,
Kevin Stratvert,👩‍💻 Python for Beginners Tutorial,https://www.youtube.com/watch?v=b093aqAZiPU,Beginner Guides (Beginner Guides),4542765,2021-08-10,01:03:21,3801,43.34,-6.96,-19.63,,
freeCodeCamp.org,Intermediate Python Programming Course,https://www.youtube.com/watch?v=HGOBQPFzWKo,Beginner Guides (Beginner Guides),4447122,2021-08-10,05:55:46,21346,34.12,-48.05,-18.12,,
Corey Schafer,Python Tutorial for Beginners 1: Install and Setup for Mac and Windows,https://www.youtube.com/watch?v=YYXdXT2l-Gg,Beginner Guides (Beginner Guides),4252026,2017-08-11,15:28,928,2.71,-47.93,-52.81,,
freeCodeCamp.org,"Data Analysis with Python - Full Course for Beginners (Numpy, Pandas, Matplotlib, Seaborn)",https://www.youtube.com/watch?v=r-uOLxNrNk8,"Beginner Guides (Beginner Guides, Data Science)",4164584,2020-08-10,04:22:13,15733,-39.57,63.16,78.26,,
Tech With Tim,Python Object Oriented Programming (OOP) - For Beginners,https://www.youtube.com/watch?v=JeznW_7DlB0,"Beginner Guides (Beginner Guides, OOP Programming)",4005137,2020-08-10,53:05,3185,17.37,-80.13,67.3,,
freeCodeCamp.org,"Solidity, Blockchain, and Smart Contract Course – Beginner to Expert Python Tutorial",https://www.youtube.com/watch?v=M576WGiDBdQ,Beginner Guides (Beginner Guides),3713398,2022-08-10,16:22:11,58931,51.93,-24.77,-9.61,,
Programming with Mosh,Python Machine Learning Tutorial (Data Science),https://www.youtube.com/watch?v=7eh4d6sabA0,"Beginner Guides (Beginner Guides, Data Science, Machine Learning)",3609040,2021-08-10,49:43,2983,-21.0,93.87,33.92,,
Keith Galli,"Complete Python Pandas Data Science Tutorial! (Reading CSV/Excel files, Sorting, Filtering, Groupby)",https://www.youtube.com/watch?v=vmEHCJofslg,"Data Science (Data Science, Script Utilities)",3514203,2019-08-11,01:00:26,3626,17.81,40.78,92.86,,
freeCodeCamp.org,Tkinter Course - Create Graphic User Interfaces in Python Tutorial,https://www.youtube.com/watch?v=YXPyB4XeYLA,Beginner Guides (Beginner Guides),3509533,2020-08-10,05:37:31,20251,76.9,-33.27,10.88,,
freeCodeCamp.org,TensorFlow 2.0 Complete Course - Python Neural Networks for Beginners Tutorial,https://www.youtube.com/watch?v=tPYj3fFJGjk,Machine Learning (Machine Learning),3480002,2020-08-10,06:52:08,24728,-15.1,92.8,-79.09,,
freeCodeCamp.org,PyTorch for Deep Learning & Machine Learning – Full Course,https://www.youtube.com/watch?v=V_xro1bcAuA,"Beginner Guides (Beginner Guides, Machine Learning)",3450434,2023-08-10,25:37:25,92245,-31.62,89.75,-32.64,,
Programming with Mosh,Django Tutorial for Beginners – Build Powerful Backends,https://www.youtube.com/watch?v=rHux0gMZ3Eg,"Beginner Guides (Beginner Guides, Web Backend)",3435451,2021-08-10,01:02:36,3756,-88.03,4.08,13.51,,
MoureDev by Brais Moure,Curso COMPLETO de PYTHON desde CERO para PRINCIPIANTES,https://www.youtube.com/watch?v=Kp4Mvapo5kc,Beginner Guides (Beginner Guides),3347239,2023-08-10,10:07:34,36454,45.16,-89.18,-76.61,,
freeCodeCamp.org,"Data Analysis with Python Course - Numpy, Pandas, Data Visualization",https://www.youtube.com/watch?v=GPVsHOlRBBI,"Beginner Guides (Beginner Guides, Data Science)",3303124,2021-08-10,09:56:22,35782,-51.99,51.39,73.48,,
freeCodeCamp.org,Data Structures and Algorithms in Python - Full Course for Beginners,https://www.youtube.com/watch?v=pkYVOmU3MgA,"Beginner Guides (Beginner Guides, Control Flow & Loops)",3285903,2022-08-10,12:30:50,45050,-34.92,16.77,-14.77,,
freeCodeCamp.org,Learn Python by Building Five Games - Full Course,https://www.youtube.com/watch?v=XGf2GcyHPhc,Beginner Guides (Beginner Guides),3181353,2020-08-10,06:43:42,24222,64.2,-54.53,-54.22,,
freeCodeCamp.org,Algorithmic Trading Using Python - Full Course,https://www.youtube.com/watch?v=xfzGZB4HhEE,Beginner Guides (Beginner Guides),3134196,2021-08-10,04:33:02,16382,7.71,-63.24,10.93,,
freeCodeCamp.org,Python API Development - Comprehensive Course for Beginners,https://www.youtube.com/watch?v=0sOvCWFmrtA,Web Backend (Web Backend),3041342,2022-08-10,19:00:27,68427,-64.89,-40.22,3.44,,
NetworkChuck,you need to learn Python RIGHT NOW!! // EP 1,https://www.youtube.com/watch?v=mRMmlo_Uqcs,Beginner Guides (Beginner Guides),2934939,2022-08-10,17:41,1061,67.6,-36.74,-40.03,,
Samson Zhang,"Building a neural network FROM SCRATCH (no Tensorflow/Pytorch, just numpy & math)",https://www.youtube.com/watch?v=w8yWXqWQYmU,"Data Science (Data Science, Machine Learning)",2831584,2021-08-10,31:28,1888,-0.5,84.06,33.3,,
Shradha Khapra,Lecture 8 : OOPS in Python | Object Oriented Programming | Classes & Objects | Python Full Course,https://www.youtube.com/watch?v=HeW-D6KpDwY,"Beginner Guides (Beginner Guides, OOP Programming)",2788976,2024-08-09,56:39,3399,-1.64,-109.65,58.54,,
freeCodeCamp.org,Python Backend Web Development Course (with Django),https://www.youtube.com/watch?v=jBzwzrDvZ18,Web Backend (Web Backend),2762950,2021-08-10,10:11:51,36711,-79.62,-43.13,9.92,,
Clever Programmer,Python Tutorial for Beginners - Full Course in 11 Hours [2020],https://www.youtube.com/watch?v=4F2m91eKmts,Beginner Guides (Beginner Guides),2469434,2020-08-10,11:00:08,39608,30.98,-2.03,-46.57,,
Telusko,#6 Python Tutorial for Beginners | Tuple | Set in Python,https://www.youtube.com/watch?v=Mf7eFtbVxFM,Machine Learning (Machine Learning),2402185,2018-08-11,06:40,400,3.21,45.42,-79.37,,
Corey Schafer,Python Django Tutorial: Full-Featured Web App Part 1 - Getting Started,https://www.youtube.com/watch?v=UmljXZIypDc,"Beginner Guides (Beginner Guides, Web Backend)",2399259,2019-08-11,15:32,932,-95.18,-17.16,-1.01,,
freeCodeCamp.org,Object Oriented Programming with Python - Full Course for Beginners,https://www.youtube.com/watch?v=Ej_02ICOIgs,"Beginner Guides (Beginner Guides, OOP Programming)",2348624,2022-08-10,02:12:35,7955,2.77,-84.6,58.81,,
Programming with Mosh,What is Python? Why Python is So Popular?,https://www.youtube.com/watch?v=Y8Tko2YC5hA,Beginner Guides (Beginner Guides),2320332,2019-08-11,04:07,247,61.14,4.04,-31.9,,
CodeWithHarry,15 Minute Python Tutorial For Beginners In Hindi (Full & Complete Python Crash Course),https://www.youtube.com/watch?v=fr1f84rg4Nw,Beginner Guides (Beginner Guides),2308908,2019-08-11,17:37,1057,17.93,-3.0,-28.64,,
Tech With Tim,9 HOURS of Python Projects - From Beginner to Advanced,https://www.youtube.com/watch?v=NpmFbWO6HPU,Beginner Guides (Beginner Guides),2264306,2024-08-09,09:19:59,33599,31.28,-21.15,-72.68,,
Tech With Tim,Python As Fast as Possible - Learn Python in ~75 Minutes,https://www.youtube.com/watch?v=VchuKL44s6E,Beginner Guides (Beginner Guides),2233156,2021-08-10,01:19:41,4781,98.25,-29.37,-68.59,,
freeCodeCamp.org,Python NumPy Tutorial for Beginners,https://www.youtube.com/watch?v=QUT1VHiLmmI,"Beginner Guides (Beginner Guides, Data Science)",2209577,2019-08-11,58:09,3489,-47.72,52.45,43.26,,
MIT OpenCourseWare,Lecture 1: Introduction to CS and Programming Using Python,https://www.youtube.com/watch?v=xAcTmDO6NTI,Beginner Guides (Beginner Guides),2164616,2024-08-09,01:03:30,3810,25.31,-43.95,20.64,,
Corey Schafer,Python Tutorial: if __name__ == '__main__',https://www.youtube.com/watch?v=sugvnHA7ElY,Beginner Guides (Beginner Guides),2122322,2015-08-12,08:43,523,59.93,-10.38,-15.72,,
Corey Schafer,Python Tutorial for Beginners 2: Strings - Working with Textual Data,https://www.youtube.com/watch?v=k9TUPpGqYTo,Beginner Guides (Beginner Guides),2118452,2017-08-11,21:11,1271,46.94,37.88,-26.07,,
Daniel Bourke,Learn PyTorch for deep learning in a day. Literally.,https://www.youtube.com/watch?v=Z_ikDlimN6A,"Beginner Guides (Beginner Guides, Machine Learning)",2102299,2022-08-10,25:36:57,92217,-24.94,108.49,-21.82,,
Telusko,OOP in Python | Object Oriented Programming,https://www.youtube.com/watch?v=qiSCMNBIP2g,"OOP Programming (OOP Programming, Machine Learning)",2082238,2019-08-11,01:45:19,6319,-11.01,-41.64,71.3,,
Corey Schafer,Python Tutorial: File Objects - Reading and Writing to Files,https://www.youtube.com/watch?v=Uh2ebFW8OYM,Beginner Guides (Beginner Guides),2067862,2016-08-11,24:33,1473,13.35,-87.33,-46.69,,
midudev,Curso COMPLETO de Python DESDE CERO para Principiantes 2025,https://www.youtube.com/watch?v=TkN2i-_4N4g,Beginner Guides (Beginner Guides),2041730,2025-08-09,08:32:52,30772,35.28,-91.13,-79.98,,
Internet Made Coder,3 PYTHON AUTOMATION PROJECTS FOR BEGINNERS,https://www.youtube.com/watch?v=vEQ8CXFWLZU,Web Scraping & Automation (Web Scraping & Automation),2010285,2022-08-10,17:00,1020,-30.02,-44.92,-101.38,,
freeCodeCamp.org,Automate with Python – Full Course for Beginners,https://www.youtube.com/watch?v=PXMJ6FS7llk,Beginner Guides (Beginner Guides),2001197,2022-08-10,02:42:55,9775,12.6,-54.24,-22.94,,
Corey Schafer,Python OOP Tutorial 2: Class Variables,https://www.youtube.com/watch?v=BJ-VvGyQxho,OOP Programming (OOP Programming),1929625,2016-08-11,11:41,701,0.26,-23.57,105.7,,
freeCodeCamp.org,Web Scraping with Python - Beautiful Soup Crash Course,https://www.youtube.com/watch?v=XVv6mJpFOb0,Web Scraping & Automation (Web Scraping & Automation),1811498,2021-08-10,01:08:23,4103,-64.24,-87.29,-90.03,,
freeCodeCamp Español,Aprende Python - Curso de Python desde Cero,https://www.youtube.com/watch?v=DLikpfc64cA,Beginner Guides (Beginner Guides),1798980,2021-08-10,04:36:43,16603,44.97,-78.85,-87.94,,
Corey Schafer,"Python Tutorial for Beginners 4: Lists, Tuples, and Sets",https://www.youtube.com/watch?v=W8KRzm-HUcc,"Beginner Guides (Beginner Guides, Control Flow & Loops)",1796466,2017-08-11,29:04,1744,-51.47,18.77,-21.06,,
Corey Schafer,Python Tutorial for Beginners 5: Dictionaries - Working with Key-Value Pairs,https://www.youtube.com/watch?v=daefaLgNkw0,"Beginner Guides (Beginner Guides, Control Flow & Loops)",1780472,2017-08-11,09:59,599,-21.5,21.25,-6.43,,
Tech With Tim,Automate Excel With Python - Python Excel Tutorial (OpenPyXL),https://www.youtube.com/watch?v=7YS6YDQKFh0,Beginner Guides (Beginner Guides),1755698,2021-08-10,38:01,2281,-3.27,-50.83,-10.55,,
Corey Schafer,Python OOP Tutorial 3: classmethods and staticmethods,https://www.youtube.com/watch?v=rq8cL2XMM5M,OOP Programming (OOP Programming),1743603,2016-08-11,15:20,920,4.92,-36.78,96.42,,
Corey Schafer,Python Pandas Tutorial (Part 1): Getting Started with Data Analysis - Installation and Loading Data,https://www.youtube.com/watch?v=ZyhVh-qRZPA,"Beginner Guides (Beginner Guides, Data Science)",1716542,2020-08-10,23:01,1381,-67.89,41.05,84.95,,
Jenny's Lectures CS IT,Introduction to Python Programming | Python for Beginners #lec1,https://www.youtube.com/watch?v=DInMru2Eq6E,Beginner Guides (Beginner Guides),1679479,2023-08-10,11:14,674,26.05,-23.2,16.58,,
CS Dojo,Classes and Objects with Python - Part 1 (Python Tutorial #9),https://www.youtube.com/watch?v=wfcWRAxRVBA,"Beginner Guides (Beginner Guides, OOP Programming)",1663051,2018-08-11,11:36,696,-10.24,-101.64,70.56,,
Thu Vu,How I Would Learn Python FAST (if I could start over),https://www.youtube.com/watch?v=St48epdRDZw,"Beginner Guides (Beginner Guides, Machine Learning)",1654824,2024-08-09,12:18,738,-7.89,76.74,-11.23,,
Tech With Tim,"Python Selenium Tutorial #1 - Web Scraping, Bots & Testing",https://www.youtube.com/watch?v=Xjv1sY630Uc,Web Scraping & Automation (Web Scraping & Automation),1618989,2020-08-10,11:41,701,-32.52,-83.3,-72.15,,
Indently,Learn Python in Less than 10 Minutes for Beginners (Fast & Easy),https://www.youtube.com/watch?v=fWjsdhR3z3c,Beginner Guides (Beginner Guides),1563736,2021-08-10,10:30,630,92.51,-30.09,-51.03,,
freeCodeCamp.org,Algorithmic Trading – Machine Learning & Quant Strategies Course with Python,https://www.youtube.com/watch?v=9Y3yaoi9rUQ,Machine Learning (Machine Learning),1548187,2024-08-09,02:59:20,10760,-11.86,42.37,-66.54,,
Corey Schafer,Python Tutorial: Unit Testing Your Code with the unittest Module,https://www.youtube.com/watch?v=6tNS--WetLI,Beginner Guides (Beginner Guides),1516207,2018-08-11,39:12,2352,60.09,-65.76,-0.51,,
Indently,10 Important Python Concepts In 20 Minutes,https://www.youtube.com/watch?v=Gx5qb1uHss4,Beginner Guides (Beginner Guides),1506529,2024-08-09,18:49,1129,100.02,-6.01,-48.71,,
freeCodeCamp.org,Learn RAG From Scratch – Python AI Tutorial from a LangChain Engineer,https://www.youtube.com/watch?v=sVcwVQRHIc8,Machine Learning (Machine Learning),1506365,2024-08-09,02:33:11,9191,-23.23,53.05,-102.87,,
Corey Schafer,Python OOP Tutorial 4: Inheritance - Creating Subclasses,https://www.youtube.com/watch?v=RSl87lqOXDE,OOP Programming (OOP Programming),1496299,2016-08-11,19:40,1180,18.77,-60.97,108.71,,
codebasics,Python Pandas Tutorial 1. What is Pandas python? Introduction and Installation,https://www.youtube.com/watch?v=CmorAWRsCAw,"Beginner Guides (Beginner Guides, Data Science, Web Backend)",1489804,2017-08-11,09:23,563,-71.52,19.73,55.83,,
Luke Barousse,Python for Data Analytics - Full Course for Beginners,https://www.youtube.com/watch?v=wUSDVGivd-8,Beginner Guides (Beginner Guides),1477083,2024-08-09,11:09:41,40181,24.72,-11.59,-9.36,,
freeCodeCamp.org,Create a Large Language Model from Scratch with Python – Tutorial,https://www.youtube.com/watch?v=UU1WVnMk4E8,Beginner Guides (Beginner Guides),1444954,2024-08-09,05:43:41,20621,6.67,19.52,-16.47,,
Vamsi Bhavani,Python full course in telugu in 1 hour | Complete python course | Vamsi Bhavani,https://www.youtube.com/watch?v=WHY3bz5_QdI,Beginner Guides (Beginner Guides),1441750,2022-08-10,55:20,3320,39.84,-39.66,-0.55,,
Corey Schafer,10 Python Tips and Tricks For Writing Better Code,https://www.youtube.com/watch?v=C-gEQdGVXbk,Beginner Guides (Beginner Guides),1410600,2019-08-11,39:21,2361,54.49,-89.66,14.35,,
sentdex,"Deep Learning with Python, TensorFlow, and Keras tutorial",https://www.youtube.com/watch?v=wQ8BIBpya2k,"Beginner Guides (Beginner Guides, Machine Learning)",1366901,2019-08-11,20:34,1234,-21.71,103.42,-39.61,,
Corey Schafer,Regular Expressions (Regex) Tutorial: How to Match Any Pattern of Text,https://www.youtube.com/watch?v=sa-TUpSx1JA,Beginner Guides (Beginner Guides),1360241,2018-08-11,37:55,2275,81.26,-31.66,46.25,,
Fireship,PyTorch in 100 Seconds,https://www.youtube.com/watch?v=ORMx45xqWkA,Machine Learning (Machine Learning),1355050,2023-08-10,02:42,162,-4.83,80.51,-99.35,,
Corey Schafer,Python Tutorial for Beginners 8: Functions,https://www.youtube.com/watch?v=9Os0o3wzS_I,"Beginner Guides (Beginner Guides, Control Flow & Loops)",1333271,2017-08-11,21:47,1307,-21.46,3.67,-12.12,,
freeCodeCamp.org,Kivy Course - Create Python Games and Mobile Apps,https://www.youtube.com/watch?v=l8Imtec4ReQ,Beginner Guides (Beginner Guides),1280348,2021-08-10,05:41:26,20486,77.84,-62.64,-56.46,,
Fireship,TensorFlow in 100 Seconds,https://www.youtube.com/watch?v=i8NETqtGHms,Machine Learning (Machine Learning),1261849,2022-08-10,02:39,159,6.02,77.68,-106.71,,
Dave Ebbelaar,Python for AI - Full Beginner Course,https://www.youtube.com/watch?v=ygXn5nV5qFc,"Beginner Guides (Beginner Guides, Machine Learning)",1249909,2025-11-12,05:15:31,18931,-35.84,82.55,-6.56,,
Corey Schafer,Python Tutorial: re Module - How to Write and Match Regular Expressions (Regex),https://www.youtube.com/watch?v=K8L6KVGG-7o,Beginner Guides (Beginner Guides),1247606,2018-08-11,53:17,3197,88.84,-36.8,40.46,,
Programming with Mosh,Python Functions | Python Tutorial for Absolute Beginners #1,https://www.youtube.com/watch?v=u-OmVr_fT4s,Control Flow & Loops (Control Flow & Loops),1240645,2019-08-11,30:33,1833,-17.6,1.87,6.63,,
freeCodeCamp.org,Deep Learning for Computer Vision with Python and TensorFlow – Complete Course,https://www.youtube.com/watch?v=IA3WxTTPXqQ,"Beginner Guides (Beginner Guides, Machine Learning)",1194065,2023-08-10,37:16:40,134200,-46.05,83.5,-43.4,,
Corey Schafer,Python Tutorial: Web Scraping with BeautifulSoup and Requests,https://www.youtube.com/watch?v=ng2o98k983k,Web Scraping & Automation (Web Scraping & Automation),1189875,2018-08-11,45:48,2748,-52.75,-35.04,-74.23,,
Programming with Mosh,Python Tutorials for Beginners - Learn Python Online,https://www.youtube.com/watch?v=yE9v9rt6ziw,Beginner Guides (Beginner Guides),1173299,2019-08-11,02:25:53,8753,69.28,-40.99,-79.59,,
freeCodeCamp.org,Python Automation Tutorial – How to Automate Tasks for Beginners [Full Course],https://www.youtube.com/watch?v=s8XjEuplx_U,"Beginner Guides (Beginner Guides, Web Scraping & Automation)",1147668,2022-08-10,03:10:29,11429,-28.43,-119.41,-51.55,,
Corey Schafer,"Python Requests Tutorial: Request Web Pages, Download Images, POST Data, Read JSON, and More",https://www.youtube.com/watch?v=tb8gHvYlCFs,"Web Scraping & Automation (Web Scraping & Automation, Script Utilities)",1135928,2019-08-11,25:00,1500,-63.59,6.0,-61.77,,
Dave Gray,Python Full Course for Beginners | Complete All-in-One Tutorial | 9 Hours,https://www.youtube.com/watch?v=H2EJuAcrZYU,Beginner Guides (Beginner Guides),1110613,2023-08-10,08:38:56,31136,19.99,-16.96,-45.36,,
Python Programmer,Learn NUMPY in 5 minutes - BEST Python Library!,https://www.youtube.com/watch?v=xECXZ3tyONo,"Beginner Guides (Beginner Guides, Data Science)",1098017,2019-08-11,13:37,817,-63.22,68.66,32.62,,
freeCodeCamp.org,Python Tutorial for Beginners (with mini-projects),https://www.youtube.com/watch?v=qwAFL1597eM,Beginner Guides (Beginner Guides),1095270,2024-08-09,08:41:53,31313,45.84,-10.38,-63.46,,
Programming with Mosh,The Complete Machine Learning Roadmap,https://www.youtube.com/watch?v=7IgVGSaQPaw,"Beginner Guides (Beginner Guides, Machine Learning)",1079971,2024-08-09,05:24,324,-17.11,81.14,-37.03,,
freeCodeCamp.org,Machine Learning with Python and Scikit-Learn – Full Course,https://www.youtube.com/watch?v=hDKCxebp88A,"Beginner Guides (Beginner Guides, Machine Learning)",1078798,2024-08-09,18:00:34,64834,-18.66,65.72,-25.19,,
edureka!,Python Tutorial For Beginners | Python Full Course From Scratch | Python Programming | Edureka,https://www.youtube.com/watch?v=vaysJAMDaZw,Beginner Guides (Beginner Guides),1076595,2019-08-11,07:13:34,26014,4.1,-20.21,-23.47,,
Corey Schafer,Python Tutorial for Beginners 7: Loops and Iterations - For/While Loops,https://www.youtube.com/watch?v=6iF8Xb7Z3wQ,"Beginner Guides (Beginner Guides, Control Flow & Loops)",1072198,2017-08-11,10:14,614,-36.15,15.96,1.42,,
Corey Schafer,"Python SQLite Tutorial: Complete Overview - Creating a Database, Table, and Running Queries",https://www.youtube.com/watch?v=pd-0G0MigUA,"Beginner Guides (Beginner Guides, Web Backend)",1059433,2017-08-11,29:49,1789,-98.01,11.89,30.07,,
Programming with Mosh,Learn Python Programming - Python Course,https://www.youtube.com/watch?v=f79MRyMsjrQ,Beginner Guides (Beginner Guides),1046819,2019-08-11,01:48:05,6485,44.35,-50.19,-32.87,,
Visual Studio Code,Getting Started with Python in VS Code (Official Video),https://www.youtube.com/watch?v=D2cwvpJSBX4,Beginner Guides (Beginner Guides),1042577,2025-08-09,10:19,619,66.14,-96.15,-29.69,,
Traversy Media,Python Crash Course For Beginners,https://www.youtube.com/watch?v=JJmcL1N2KQs,"Beginner Guides (Beginner Guides, Control Flow & Loops)",1033710,2019-08-11,01:35:46,5746,-31.26,6.04,-25.16,,
Corey Schafer,Python Tutorial: Decorators - Dynamically Alter The Functionality Of Your Functions,https://www.youtube.com/watch?v=FsAPt_9Bf3U,Control Flow & Loops (Control Flow & Loops),1007991,2016-08-11,30:27,1827,-31.33,-2.58,11.28,,
freeCodeCamp.org,Keras with TensorFlow Course - Python Deep Learning and Neural Networks for Beginners Tutorial,https://www.youtube.com/watch?v=qFJeN9V1ZsI,"Machine Learning (Machine Learning, Web Backend)",1004779,2020-08-10,02:47:54,10074,-24.61,99.81,-95.12,,
Corey Schafer,Python Tutorial for Beginners 9: Import Modules and Exploring The Standard Library,https://www.youtube.com/watch?v=CqvZ3vGoGs0,Beginner Guides (Beginner Guides),1003548,2017-08-11,21:57,1317,42.1,7.31,-32.26,,
Corey Schafer,Python Tutorial for Beginners 3: Integers and Floats - Working with Numeric Data,https://www.youtube.com/watch?v=khKv-8q7YmY,Beginner Guides (Beginner Guides),994484,2017-08-11,11:55,715,52.99,50.82,-31.31,,
Corey Schafer,Preparing for a Python Interview: 10 Things You Should Know,https://www.youtube.com/watch?v=DEwgZNC-KyE,Beginner Guides (Beginner Guides),986983,2016-08-11,22:55,1375,101.3,-18.29,-27.59,,
Indently,Learn Python in Only 30 Minutes (Beginner Tutorial),https://www.youtube.com/watch?v=Ro_MScTDfU4,Beginner Guides (Beginner Guides),980880,2025-08-09,30:42,1842,80.68,4.0,-40.86,,
Programming with Mosh,Python Projects for Beginners – Master Problem-Solving! 🚀,https://www.youtube.com/watch?v=yVl_G-F7m8c,Beginner Guides (Beginner Guides),949671,2025-08-09,53:00,3180,40.09,-1.58,-87.34,,
freeCodeCamp.org,"Selenium Course for Beginners - Web Scraping Bots, Browser Automation, Testing (Tutorial)",https://www.youtube.com/watch?v=j7VZsCCnptM,Web Scraping & Automation (Web Scraping & Automation),937770,2022-08-10,03:00:39,10839,-33.35,-93.16,-81.26,,
Corey Schafer,Python Tutorial: Generators - How to use them and the benefits you receive,https://www.youtube.com/watch?v=bD05uGo_sVI,Beginner Guides (Beginner Guides),926028,2016-08-11,11:14,674,62.54,14.31,-14.04,,
Corey Schafer,Python Threading Tutorial: Run Code Concurrently Using the Threading Module,https://www.youtube.com/watch?v=IEEhzQoKtQU,Beginner Guides (Beginner Guides),917056,2020-08-10,36:05,2165,38.34,-67.93,2.14,,
Amigoscode,Python Full Course 🐍,https://www.youtube.com/watch?v=LzYNWme1W6Q,"Beginner Guides (Beginner Guides, Machine Learning)",910172,2021-08-10,03:35:07,12907,-23.68,82.7,-19.88,,
Programador X,Learn PYTHON in 10 minutes 🟢,https://www.youtube.com/watch?v=_6N18g3ewnw,Beginner Guides (Beginner Guides),905703,2023-08-10,13:58,838,88.72,-17.51,-43.57,,
Patrick Loeber,Deep Learning With PyTorch - Full Course,https://www.youtube.com/watch?v=c36lUUr864M,"Beginner Guides (Beginner Guides, Machine Learning)",903262,2021-08-10,04:35:42,16542,-35.28,96.51,-19.67,,
Patrick Loeber,I built the same app 3 times | Which Python Framework is best? Django vs Flask vs FastAPI,https://www.youtube.com/watch?v=3vfum74ggHE,Web Backend (Web Backend),882180,2022-08-10,16:42,1002,-120.0,-69.39,10.93,,
freeCodeCamp.org,PyTorch for Deep Learning - Full Course / Tutorial,https://www.youtube.com/watch?v=GIsg-ZUy0MY,"Beginner Guides (Beginner Guides, Machine Learning)",880442,2020-08-10,09:41:40,34900,-38.06,103.74,-32.14,,
Bro Code,Start coding with PYTHON in 5 minutes! 🐍,https://www.youtube.com/watch?v=Sg4GMVMdOPo,Beginner Guides (Beginner Guides),871038,2025-08-09,05:49,349,77.56,0.52,-63.01,,
Corey Schafer,Python Tutorial: virtualenv and why you should use virtual environments,https://www.youtube.com/watch?v=N5vscPTWKOk,Beginner Guides (Beginner Guides),866792,2015-08-12,09:45,585,72.4,26.8,-10.93,,
freeCodeCamp.org,LangGraph Complete Course for Beginners – Complex AI Agents with Python,https://www.youtube.com/watch?v=jGg_1h0qzaM,Machine Learning (Machine Learning),865848,2025-08-09,03:09:51,11391,-25.03,71.74,-76.1,,
CS50,CS50P - Lecture 8 - Object-Oriented Programming,https://www.youtube.com/watch?v=e4fwY9ZsxPw,Beginner Guides (Beginner Guides),863737,2022-08-10,02:47:41,10061,30.29,-57.49,30.43,,
freeCodeCamp.org,College Algebra – Full Course with Python Code,https://www.youtube.com/watch?v=i7vOAcUo5iA,Beginner Guides (Beginner Guides),857434,2023-08-10,15:08:47,54527,51.33,-79.5,-8.61,,
Corey Schafer,Python Multiprocessing Tutorial: Run Code in Parallel Using the Multiprocessing Module,https://www.youtube.com/watch?v=fKl2JW_qrso,Beginner Guides (Beginner Guides),856769,2020-08-10,44:15,2655,38.34,-67.93,2.14,,
Programming with Mosh,What is a REST API?,https://www.youtube.com/watch?v=SLwpqD8n3d0,Web Backend (Web Backend),832052,2018-08-11,06:04,364,-70.33,-36.62,23.36,,
Programming with Mosh,Python For Loops - Python Tutorial for Absolute Beginners,https://www.youtube.com/watch?v=94UHCEmprCY,"Beginner Guides (Beginner Guides, Control Flow & Loops)",825984,2019-08-11,14:41,881,-35.14,1.47,-5.49,,
HolaMundo,Python from scratch in one hour for beginners!,https://www.youtube.com/watch?v=IimBRwHhW54,Beginner Guides (Beginner Guides),825783,2023-08-10,01:01:34,3694,9.07,1.98,-4.25,,
Corey Schafer,"Python Tutorial for Beginners 6: Conditionals and Booleans - If, Else, and Elif Statements",https://www.youtube.com/watch?v=DZwmZ8Usvnk,Beginner Guides (Beginner Guides),823576,2017-08-11,16:28,988,28.84,43.59,-1.35,,
Keith Galli,Complete Python Turtle Graphics Overview! (From Beginner to Advanced),https://www.youtube.com/watch?v=pxKu2pQ7ILo,Beginner Guides (Beginner Guides),810758,2018-08-11,39:29,2369,23.59,-43.11,-72.39,,
Tiff In Tech,Automating My Life with Python: The Ultimate Guide | Code With Me,https://www.youtube.com/watch?v=LXsdt6RMNfY,Beginner Guides (Beginner Guides),807846,2023-08-10,11:26,686,37.59,-95.78,-8.75,,
Corey Schafer,Python Tutorial: Using Try/Except Blocks for Error Handling,https://www.youtube.com/watch?v=NIWwJbo-9_8,Beginner Guides (Beginner Guides),807756,2016-08-11,10:34,634,22.67,-60.17,1.71,,
Data with Baraa,Python Full Course for Beginners (13 Hours) – From Zero to Hero,https://www.youtube.com/watch?v=Rq5gJVxz55Q,Beginner Guides (Beginner Guides),805213,2026-03-12,13:02:53,46973,120.0,-9.29,-2.49,,
Programming with Mosh,The Complete Data Analyst Roadmap,https://www.youtube.com/watch?v=YRJbhFLLPyE,Beginner Guides (Beginner Guides),783137,2024-08-09,04:08,248,110.19,-55.5,-17.19,,
freeCodeCamp.org,20 Beginner Python Projects,https://www.youtube.com/watch?v=pdy3nh1tn6I,Beginner Guides (Beginner Guides),780903,2023-08-10,03:11:07,11467,49.57,8.42,-67.12,,
freeCodeCamp.org,Learn Python for Data Science – Full Course for Beginners,https://www.youtube.com/watch?v=CMEWVn1uZpQ,"Beginner Guides (Beginner Guides, Data Science)",777323,2025-08-09,17:03:32,61412,-63.42,60.31,51.26,,
Internet Made Coder,Start Automating Your Life Using Python! (File Management with Python Tutorial),https://www.youtube.com/watch?v=NCvI-K0Gp90,Beginner Guides (Beginner Guides),760508,2022-08-10,13:07,787,20.06,-89.54,-3.26,,
Keith Galli,Complete Python Pandas Data Science Tutorial! (2025 Updated Edition),https://www.youtube.com/watch?v=2uvysYbKdjM,Data Science (Data Science),756970,2024-08-09,01:34:11,5651,1.57,55.45,89.39,,
Corey Schafer,Visual Studio Code (Windows) - Setting up a Python Development Environment and Complete Overview,https://www.youtube.com/watch?v=-nh9rCzPJ20,Beginner Guides (Beginner Guides),735142,2019-08-11,01:15:16,4516,19.92,-59.53,-71.08,,
Matrix Minds,Learn Python in 7 hours| For Absolute Beginners | Using Jupyter Notebook,https://www.youtube.com/watch?v=SKSd61Smjhg,Beginner Guides (Beginner Guides),683959,2021-08-10,07:41:36,27696,13.37,7.8,24.76,,
NetworkChuck,build a meme Python website (Flask Tutorial for Beginners),https://www.youtube.com/watch?v=5aYpkLfkgRE,Web Backend (Web Backend),677718,2023-08-10,13:30,810,-84.23,-44.52,53.51,,
Bro Code,Python Object Oriented Programming in 10 minutes 🐍,https://www.youtube.com/watch?v=q2SGW2VgwAM,OOP Programming (OOP Programming),668433,2021-08-10,10:04,604,31.62,-38.99,84.83,,
Tech With Tim,Do THIS instead of watching endless tutorials - how I’d learn Python FAST…,https://www.youtube.com/watch?v=mB0EBW-vDSQ,Beginner Guides (Beginner Guides),662545,2025-08-09,10:33,633,81.14,-32.36,-75.81,,
CampusX,Complete OOP in Python in 1 Video | End to End OOP in Python in 4 hours,https://www.youtube.com/watch?v=Mf2RdpEiXjU,"OOP Programming (OOP Programming, Data Science)",646893,2022-08-10,04:02:57,14577,18.43,-23.45,120.0,,
Clear Code,The complete guide to Python,https://www.youtube.com/watch?v=mDKM-JtUhhc,Beginner Guides (Beginner Guides),641492,2022-08-10,11:08:59,40139,88.13,-61.46,1.77,,
edureka!,Python NumPy Tutorial | NumPy Array | Python Tutorial For Beginners | Python Training | Edureka,https://www.youtube.com/watch?v=8JfDAm9y_7s,Data Science (Data Science),640823,2017-08-11,34:55,2095,-7.5,41.97,43.83,,
Programming with Mosh,The Complete DevOps Roadmap,https://www.youtube.com/watch?v=6GQRb4fGvtk,Beginner Guides (Beginner Guides),632912,2025-08-09,08:00,480,104.04,-65.19,-24.14,,
Indently,Learn Python OOP in under 20 Minutes,https://www.youtube.com/watch?v=rLyYb7BFgQI,OOP Programming (OOP Programming),623102,2025-08-09,18:31,1111,31.11,-41.57,104.53,,
Corey Schafer,Python Tutorial: VENV (Windows) - How to Use Virtual Environments with the Built-In venv Module,https://www.youtube.com/watch?v=APOPm01BVrk,Beginner Guides (Beginner Guides),604764,2019-08-11,17:09,1029,81.37,37.28,-7.75,,
Coding With Sagar,Numpy for Data Science | Full Course | Sagar Chouksey,https://www.youtube.com/watch?v=9DhZ-JCWvDw,"Beginner Guides (Beginner Guides, Data Science, Machine Learning)",600656,2025-08-09,02:25:18,8718,-30.19,85.24,38.58,,
freeCodeCamp.org,Pandas & Python for Data Analysis by Example – Full Course for Beginners,https://www.youtube.com/watch?v=gtjxAH8uaP0,"Beginner Guides (Beginner Guides, Data Science)",598825,2023-08-10,04:57:58,17878,-47.47,41.67,85.2,,
Alex The Analyst,Data Cleaning in Pandas | Python Pandas Tutorials,https://www.youtube.com/watch?v=bDhvCp3_lYw,Data Science (Data Science),595374,2023-08-10,38:37,2317,-1.22,70.37,67.89,,
Nicholas Renotte,Tensorflow Tutorial for Python in 10 Minutes,https://www.youtube.com/watch?v=6_2hzRopPbQ,Machine Learning (Machine Learning),593647,2021-08-10,11:32,692,16.08,58.12,-75.77,,
Sajjaad Khader,How I Would Learn Python FAST (if I could start over),https://www.youtube.com/watch?v=mC4nyib2sfg,Beginner Guides (Beginner Guides),589745,2025-12-12,13:28,808,84.8,-17.48,-74.61,,
Corey Schafer,Python Tutorial: Comprehensions - How they work and why you should be using them,https://www.youtube.com/watch?v=3dt4OGnU5sM,Control Flow & Loops (Control Flow & Loops),580545,2016-08-11,18:29,1109,-27.51,13.07,16.73,,
Corey Schafer,"Python Tutorial: Logging Basics - Logging to Files, Setting Levels, and Formatting",https://www.youtube.com/watch?v=-ARI4Cz-awo,Beginner Guides (Beginner Guides),569533,2017-08-11,14:25,865,67.04,33.2,-54.13,,
freeCodeCamp.org,FastAPI Course for Beginners,https://www.youtube.com/watch?v=tLKKmouUams,"Beginner Guides (Beginner Guides, Web Backend)",564854,2022-08-10,01:04:33,3873,-102.08,-4.06,17.06,,
Bro Code,Learn NumPy in 1 hour! 🔢,https://www.youtube.com/watch?v=VXU4LSAQDSc,"Beginner Guides (Beginner Guides, Data Science)",564669,2025-08-09,01:00:00,3600,-62.22,49.01,35.34,,
edureka!,Python Scripting Tutorial for Beginners | Python Tutorial | Python Training | Edureka,https://www.youtube.com/watch?v=9F6zAuYtuFw,Script Utilities (Script Utilities),561490,2018-08-11,01:00:00,3600,-28.67,7.2,-62.79,,
CodeWithHarry,Classes and Objects in Python | Python Tutorial - Day #57,https://www.youtube.com/watch?v=a7baAGCBA9U,OOP Programming (OOP Programming),560044,2023-08-10,09:31,571,-15.06,-59.14,102.98,,
Tech With Tim,Beautiful Soup 4 Tutorial #1 - Web Scraping With Python,https://www.youtube.com/watch?v=gRLHr664tXA,Web Scraping & Automation (Web Scraping & Automation),559716,2022-08-10,17:00,1020,-64.72,-71.83,-81.63,,
CodeWithHarry,Introduction to OOPs in Python | Python Tutorial - Day #56,https://www.youtube.com/watch?v=HQnoYzxOHMw,Beginner Guides (Beginner Guides),541702,2023-08-10,15:53,953,33.67,-19.84,34.37,,
pixegami,Python FastAPI Tutorial: Build a REST API in 15 Minutes,https://www.youtube.com/watch?v=iWS9ogMPOI0,Web Backend (Web Backend),541001,2024-08-09,15:16,916,-73.25,-25.59,37.2,,
Telusko,Python Tutorial for Beginners 2026,https://www.youtube.com/watch?v=j_JuhAWlEaI,Beginner Guides (Beginner Guides),539975,2026-03-12,08:35:29,30929,83.73,-39.89,-25.74,,
freeCodeCamp Español,6 Proyectos de Python Básicos - Curso Completo Paso a Paso,https://www.youtube.com/watch?v=tWnyBD2src0,Beginner Guides (Beginner Guides),530968,2021-08-10,02:28:33,8913,41.02,-98.06,-54.05,,
Tech With Tim,Python Selenium Tutorial - Automate Websites and Create Bots,https://www.youtube.com/watch?v=NB8OceGZGjA,Web Scraping & Automation (Web Scraping & Automation),529650,2024-08-09,36:42,2202,-16.76,-84.52,-67.61,,
Telusko,#48 Python Tutorial for Beginners | Object Oriented Programming | Introduction,https://www.youtube.com/watch?v=gZwPdqC2Os0,"Beginner Guides (Beginner Guides, OOP Programming, Machine Learning)",525128,2019-08-11,07:02,422,-10.82,-63.01,55.32,,
b001,Python Classes in 1 Minute!,https://www.youtube.com/watch?v=yYALsys-P_w,OOP Programming (OOP Programming),509109,2024-08-09,01:25,85,-12.91,-40.7,93.93,,
John Watson Rooney,Automate your job with Python,https://www.youtube.com/watch?v=qYSWWGz9Z6s,Beginner Guides (Beginner Guides),507488,2023-08-10,06:07,367,22.07,-69.64,-26.5,,
Corey Schafer,Python Tutorial: Slicing Lists and Strings,https://www.youtube.com/watch?v=ajrtAuDg3yw,Control Flow & Loops (Control Flow & Loops),500640,2016-08-11,10:44,644,-45.4,3.52,13.84,,
freeCodeCamp.org,Python + PyTorch + Pygame Reinforcement Learning – Train an AI to Play Snake,https://www.youtube.com/watch?v=L8ypSXwyBds,Machine Learning (Machine Learning),495770,2022-08-10,01:38:34,5914,-28.81,50.79,-82.9,,
Clever Programmer,Python Tutorial for Beginners - Full Course in 12 Hours (2022),https://www.youtube.com/watch?v=B9nFMZIYQl0,Beginner Guides (Beginner Guides),480131,2023-08-10,11:34:49,41689,10.37,-0.84,-53.62,,
Bro Code,Python Object Oriented Programming Full Course 🐍,https://www.youtube.com/watch?v=IbMDCwVm63M,"Beginner Guides (Beginner Guides, OOP Programming)",468335,2024-08-09,02:05:49,7549,14.15,-96.85,57.02,,
Keep On Coding,Object Oriented Programming - The Four Pillars of OOP,https://www.youtube.com/watch?v=1ONhXmQuWP8,OOP Programming (OOP Programming),425272,2020-08-10,11:22,682,-2.56,-27.39,84.1,,
Programming with Mosh,How to Use Lists in Python,https://www.youtube.com/watch?v=9OeznAkyQz4,"Beginner Guides (Beginner Guides, Control Flow & Loops)",420652,2019-08-11,18:48,1128,-52.06,7.01,-4.91,,
Corey Schafer,Python Tutorial: Iterators and Iterables - What Are They and How Do They Work?,https://www.youtube.com/watch?v=jTYiNjvnHZY,Beginner Guides (Beginner Guides),419512,2019-08-11,23:08,1388,51.31,1.74,-1.83,,
Corey Schafer,Python Tutorial: Variable Scope - Understanding the LEGB rule and global/nonlocal statements,https://www.youtube.com/watch?v=QVdf0LgmICw,Beginner Guides (Beginner Guides),408235,2017-08-11,20:58,1258,46.02,40.56,6.32,,
Patrick Loeber,Chat Bot With PyTorch - NLP And Deep Learning - Python Tutorial (Part 1),https://www.youtube.com/watch?v=RpWeNzfSUHw,"Beginner Guides (Beginner Guides, Machine Learning, Web Scraping & Automation)",395372,2020-08-10,20:42,1242,-54.37,107.27,-38.66,,
Programming with Mosh,Python Exercises for Beginners - Exercise #1,https://www.youtube.com/watch?v=ODjFDZC_TyA,Beginner Guides (Beginner Guides),389915,2019-08-11,02:18,138,49.94,-15.83,-31.13,,
freeCodeCamp.org,Python Object Oriented Programming (OOP) - Full Course for Beginners,https://www.youtube.com/watch?v=iLRZi0Gu8Go,"Beginner Guides (Beginner Guides, OOP Programming)",389217,2025-08-09,02:36:25,9385,4.79,-84.35,76.15,,
Programming with Mosh,Control Flow in Python - If Elif Else Statements,https://www.youtube.com/watch?v=Zp5MuPOtsSY,Beginner Guides (Beginner Guides),389217,2019-08-11,16:08,968,17.98,44.69,-0.98,,
codebasics,"Pytorch vs Tensorflow vs Keras | Deep Learning Tutorial 6 (Tensorflow Tutorial, Keras & Python)",https://www.youtube.com/watch?v=z-ZR_8BZ1wQ,Machine Learning (Machine Learning),383912,2020-08-10,02:16,136,23.84,91.0,-77.59,,
edureka!,Python for Beginners | Python Full Course [2024] | Python Tutorial | Edureka,https://www.youtube.com/watch?v=fWedX4IxzN8,Beginner Guides (Beginner Guides),382377,2023-08-10,11:54:59,42899,-3.49,-23.48,-37.47,,
Patrick Loeber,Object Oriented Programming (OOP) In Python - Beginner Crash Course,https://www.youtube.com/watch?v=-pEs-Bss8Wc,"Beginner Guides (Beginner Guides, OOP Programming)",379938,2021-08-10,01:20:54,4854,11.57,-100.06,72.92,,
codebasics,numpy tutorial - introduction | numpy array vs python list,https://www.youtube.com/watch?v=rN0TREj8G7U,"Beginner Guides (Beginner Guides, Data Science)",366920,2017-08-11,10:34,634,-48.52,34.23,33.26,,
freeCodeCamp.org,Learn Python Backend Development by Building 3 Projects [Full Course],https://www.youtube.com/watch?v=ftKiHCDVwfA,"Beginner Guides (Beginner Guides, Web Backend)",365545,2024-08-09,10:08:02,36482,-115.84,-0.17,23.08,,
Telusko,FastAPI for Beginners - Python Web Framework,https://www.youtube.com/watch?v=Lu8lXXlstvM,Web Backend (Web Backend),359603,2025-09-13,02:02:40,7360,-71.96,-62.67,7.41,,
freeCodeCamp.org and Kylie Ying,Python TensorFlow for Machine Learning – Neural Network Text Classification Tutorial,https://www.youtube.com/watch?v=VtRLrQ3Ev-U,"Beginner Guides (Beginner Guides, Machine Learning)",359529,2022-08-10,01:54:10,6850,-7.57,93.66,-25.64,,
Keith Galli,"Comprehensive Python Beautiful Soup Web Scraping Tutorial! (find/find_all, css select, scrape table)",https://www.youtube.com/watch?v=GjKQ6V_ViQE,"Data Science (Data Science, Web Scraping & Automation)",351387,2020-08-10,01:13:03,4383,9.58,16.87,63.72,,
Programming with Mosh,Top 5 Programming Languages to Learn in 2026 (to Actually Get Hired),https://www.youtube.com/watch?v=naNcmnKskUE,Beginner Guides (Beginner Guides),343529,2026-01-11,11:30,690,74.27,-56.84,-27.8,,
Tech With Tim,"FastAPI, Flask or Django - Which Should You Use?",https://www.youtube.com/watch?v=cNlJCQHSmbE,Web Backend (Web Backend),341923,2024-08-09,09:49,589,-96.87,-54.99,40.34,,
Beau Carnes,All Python Syntax in 25 Minutes – Tutorial,https://www.youtube.com/watch?v=PNSIWjWAA7o,Beginner Guides (Beginner Guides),339673,2024-08-09,24:58,1498,80.9,-6.67,-23.01,,
Internet Made Coder,5 Amazing Ways to Automate Your Life using Python,https://www.youtube.com/watch?v=QjAHcKPUaFM,Web Scraping & Automation (Web Scraping & Automation),327328,2023-08-10,18:40,1120,-13.18,-70.2,-88.59,,
freeCodeCamp.org,Learn How to Code - Programming for Beginners Tutorial with Python and C#,https://www.youtube.com/watch?v=__izua1kKeI,Beginner Guides (Beginner Guides),327134,2022-08-10,05:05:58,18358,52.32,-64.56,-19.49,,
Simplilearn,Python Full Course 2026 | Learn Python in 12 Hours | Python Tutorial for Beginners | Simplilearn,https://www.youtube.com/watch?v=ITSMDeOgXxw,"Beginner Guides (Beginner Guides, Machine Learning)",324105,2023-08-10,11:54:08,42848,-36.31,55.85,-19.54,,
Telusko,Python Tutorial 2026,https://www.youtube.com/watch?v=YZkyL-f-YXY,Beginner Guides (Beginner Guides),321879,2025-10-13,05:21,321,77.84,-45.6,-16.05,,
Intellipaat,Pandas Full Course (2025) | Python Pandas Tutorial For Beginners | Python Pandas Course |Intellipaat,https://www.youtube.com/watch?v=vtgDGrUiUKk,"Beginner Guides (Beginner Guides, Data Science)",320748,2025-08-09,01:06:34,3994,-46.99,21.43,73.84,,
CampusX,PyTorch for Beginners | Introduction to PyTorch | Video 1 | CampusX,https://www.youtube.com/watch?v=QZsguRbcOBM,"Beginner Guides (Beginner Guides, Machine Learning)",315564,2025-08-09,51:28,3088,-33.68,103.81,-1.18,,
freeCodeCamp.org,Beautiful Soup Tutorial - Web Scraping in Python,https://www.youtube.com/watch?v=87Gx3U0BDlo,Web Scraping & Automation (Web Scraping & Automation),314633,2019-08-11,36:55,2215,-64.72,-71.83,-81.63,,
Programming with Mosh,How to Use Strings in Python - Python Tutorial for Beginners,https://www.youtube.com/watch?v=Ctqi5Y4X-jA,Beginner Guides (Beginner Guides),305723,2019-08-11,16:45,1005,51.38,24.91,-17.21,,
Corey Schafer,"Python Tutorial: Sorting Lists, Tuples, and Objects",https://www.youtube.com/watch?v=D3JvDWO-BY4,"Beginner Guides (Beginner Guides, Control Flow & Loops)",305295,2016-08-11,12:07,727,-50.2,25.64,-6.04,,
TechWorld with Nana,Python Automation with ChatGPT,https://www.youtube.com/watch?v=w-X_EQ2Xva4,"Web Scraping & Automation (Web Scraping & Automation, Web Backend)",303380,2023-08-10,01:14:05,4445,-79.69,-29.65,-83.04,,
Amigoscode,FastAPI Tutorial - Building RESTful APIs with Python,https://www.youtube.com/watch?v=GN6ICac3OXY,"Machine Learning (Machine Learning, Web Backend)",301730,2022-08-10,01:03:10,3790,-37.63,95.42,-105.23,,
freeCodeCamp.org,PyTorch and Monai for AI Healthcare Imaging - Python Machine Learning Course,https://www.youtube.com/watch?v=M3ZWfamWrBM,Machine Learning (Machine Learning),296696,2022-08-10,05:09:59,18599,-12.54,57.86,-78.45,,
Traversy Media,Object Oriented Programming (OOP) in Python,https://www.youtube.com/watch?v=MikphENIrOo,OOP Programming (OOP Programming),294967,2021-08-10,46:36,2796,17.73,-46.55,93.46,,
IBM Technology,NumPy vs Pandas,https://www.youtube.com/watch?v=KHoEbRH46Zk,"Beginner Guides (Beginner Guides, Data Science)",290674,2023-08-10,05:55,355,-57.19,39.49,49.61,,
Zero To Mastery,What is Python? | Python Explained in 2 Minutes For BEGINNERS.,https://www.youtube.com/watch?v=QoIRX37VZpo,Beginner Guides (Beginner Guides),286938,2023-08-10,02:13,133,61.44,-12.2,-46.26,,
Tech With Tim,Learn Pandas in 30 Minutes - Python Pandas Tutorial,https://www.youtube.com/watch?v=EXIgjIBu4EU,Data Science (Data Science),284647,2025-08-09,30:36,1836,15.5,68.3,67.63,,
Tech With Tim,Learn Fast API With This ONE Project,https://www.youtube.com/watch?v=SR5NYCdzKkc,"Machine Learning (Machine Learning, Web Backend)",283656,2025-11-12,02:05:44,7544,-26.6,83.95,-108.03,,
freeCodeCamp.org,Python Tutorial for Beginners,https://www.youtube.com/watch?v=8124kv-632k,Beginner Guides (Beginner Guides),283425,2022-08-10,02:52:12,10332,43.34,-6.96,-19.63,,
Alex The Analyst,BeautifulSoup + Requests | Web Scraping in Python,https://www.youtube.com/watch?v=bargNl2WeN4,Web Scraping & Automation (Web Scraping & Automation),281779,2023-08-10,06:58,418,-43.58,-46.03,-73.18,,
Grow with Google,Fundamentals of Python for Cybersecurity | Google Cybersecurity Certificate,https://www.youtube.com/watch?v=4pe1fn3Gus0,Beginner Guides (Beginner Guides),279718,2023-08-10,02:28:01,8881,75.29,-1.44,-1.91,,
Paul McWhorter,Python Tutorial 1: Introduction to Python for Absolute Beginners,https://www.youtube.com/watch?v=XCKWZAtKTnU,Beginner Guides (Beginner Guides),277359,2021-08-10,36:03,2163,31.49,-5.04,18.2,,
freeCodeCamp.org,Learn Python by Thinking in Types - Full Course,https://www.youtube.com/watch?v=jH85McHenvw,Beginner Guides (Beginner Guides),275965,2023-08-10,09:15:32,33332,51.04,-39.74,-41.48,,
Hackingtons Code School,Python beginner course | Great for kids!,https://www.youtube.com/watch?v=m8DXAsyaMK0,Beginner Guides (Beginner Guides),274947,2023-08-10,48:55,2935,59.22,-41.52,-6.55,,
Corey Schafer,"Python Tutorial: UV - A Faster, All-in-One Package Manager to Replace Pip and Venv",https://www.youtube.com/watch?v=AMdG7IjgSPM,Beginner Guides (Beginner Guides),274129,2025-08-09,27:01,1621,95.09,12.09,-10.65,,
Rob Mulla,Build Your First Pytorch Model In Minutes! [Tutorial + Code],https://www.youtube.com/watch?v=tHL5STNJKag,Machine Learning (Machine Learning),271826,2024-08-09,31:32,1892,22.4,73.73,-61.56,,
Rob Mulla,Learning Pandas for Data Analysis? Start Here.,https://www.youtube.com/watch?v=DkjCaAMBGWM,"Beginner Guides (Beginner Guides, Data Science)",264827,2024-08-09,22:49,1369,-58.87,59.88,84.77,,
WsCube Tech,Python Numpy Full Tutorial For Beginners | Numpy Full Course in 4 Hours 🔥,https://www.youtube.com/watch?v=-TYSM0CDA4c,"Beginner Guides (Beginner Guides, Data Science)",262785,2022-08-10,04:33:00,16380,-39.27,40.95,50.26,,
Derek Banas,Python Tutorial : Python Full Course,https://www.youtube.com/watch?v=H1elmMBnykA,"Beginner Guides (Beginner Guides, Data Science)",260756,2020-08-10,01:51:21,6681,-50.45,53.78,57.81,,
Simplilearn,Python Tutorial | Python Tutorial For Beginners - Full Course | Python Programming | Simplilearn,https://www.youtube.com/watch?v=Sb8JDqeq74s,Beginner Guides (Beginner Guides),252960,2020-08-10,09:57:19,35839,17.33,-33.28,-6.99,,
Chandoo,Learn how to use PANDAS in Python in 15 minutes - with 10 real examples,https://www.youtube.com/watch?v=mkYBJwX_dMs,Data Science (Data Science),252105,2023-08-10,18:17,1097,9.2,76.69,83.45,,
Programiz,Python Full Course for Beginners 🐍 - Learn Python in 2025,https://www.youtube.com/watch?v=zPFZy6wKhVA,Beginner Guides (Beginner Guides),249343,2022-08-10,05:00:10,18010,29.85,-42.48,-42.77,,
Programming with Mosh,Python Variables - Python Tutorial for Beginners with Examples | Mosh,https://www.youtube.com/watch?v=cQT33yu9pY8,"Beginner Guides (Beginner Guides, Control Flow & Loops)",247662,2019-08-11,06:35,395,-31.81,-12.15,-17.59,,
Intellipaat,NumPy Full Course (2025) | NumPy Python Tutorial For Beginners | Learn NumPy in 2 Hours |Intellipaat,https://www.youtube.com/watch?v=1qz7qUM6yUI,"Beginner Guides (Beginner Guides, Data Science)",247134,2025-08-09,01:45:08,6308,-29.68,28.69,47.04,,
Jenny's Lectures CS IT,OOP in Python | Object Oriented Programming | Python for Beginners #lec84,https://www.youtube.com/watch?v=Ic7ZBKqkS1E,OOP Programming (OOP Programming),244133,2023-08-10,21:07,1267,3.79,-47.09,83.02,,
BasicOverflow,FP vs OOP | For Dummies,https://www.youtube.com/watch?v=08CWw_VD45w,OOP Programming (OOP Programming),241912,2021-08-10,08:42,522,13.27,-41.86,110.14,,
Aladdin Persson,Pytorch Tutorial - Setting up a Deep Learning Environment (Anaconda & PyCharm),https://www.youtube.com/watch?v=2S1dgHpqCdk,Machine Learning (Machine Learning),239319,2020-08-10,08:04,484,4.33,66.35,-51.71,,
Felipe Tambasco,OpenCV tutorial for beginners | FULL COURSE in 3 hours with Python,https://www.youtube.com/watch?v=eDIj5LuIL4A,Beginner Guides (Beginner Guides),238466,2023-08-10,03:11:10,11470,19.72,18.88,-43.33,,
ArjanCodes,5 Tips For Object-Oriented Programming Done Well - In Python,https://www.youtube.com/watch?v=-ghD-XjjO2g,Beginner Guides (Beginner Guides),231807,2022-08-10,16:07,967,46.04,-78.66,29.19,,
Tech With Tim,Learn Python Scripting With This ONE Project!,https://www.youtube.com/watch?v=dQlw1Cdd3pw,Script Utilities (Script Utilities),230628,2023-08-10,42:06,2526,-29.34,12.53,-74.56,,
Gate Smashers,Lec-55: Introduction to OOPs in Python 🐍 | Object Oriented Programming Easiest Explanation,https://www.youtube.com/watch?v=2qQ5wMCnKxQ,"Beginner Guides (Beginner Guides, OOP Programming)",230210,2024-08-09,06:46,406,2.37,-96.76,41.43,,
codebasics,FastAPI Tutorial | FastAPI vs Flask,https://www.youtube.com/watch?v=Wr1JjhTt1Xg,Web Backend (Web Backend),224391,2022-08-10,16:13,973,-91.76,-71.37,31.89,,
Internet Made Coder,How I AUTOMATE my FINANCES USING PYTHON,https://www.youtube.com/watch?v=IbdgcUqWSeo,Beginner Guides (Beginner Guides),223548,2022-08-10,15:29,929,13.75,-64.76,-10.53,,
Programiz,Object-oriented Programming (OOP) in Python (Easy to Understand Guide) #20,https://www.youtube.com/watch?v=pnWINBJ3-yA,OOP Programming (OOP Programming),221574,2021-08-10,18:26,1106,32.49,-59.42,92.2,,
freeCodeCamp.org,Python Essentials for AI Agents – Tutorial,https://www.youtube.com/watch?v=UsfpzxZNsPo,Machine Learning (Machine Learning),219462,2026-03-12,06:18:43,22723,-20.01,68.13,-89.41,,
Nicholas Renotte,Building a Neural Network with PyTorch in 15 Minutes | Coding Challenge,https://www.youtube.com/watch?v=mozBidd58VQ,Machine Learning (Machine Learning),219112,2023-08-10,20:34,1234,9.48,92.57,-55.07,,
Corey Schafer,Python Tutorial: Context Managers - Efficiently Managing Resources,https://www.youtube.com/watch?v=-aKFBoZpiqA,Beginner Guides (Beginner Guides),217435,2018-08-11,20:37,1237,59.93,-10.38,-15.72,,
Code of the Future,Python Automation with PyAutoGUI | Full Course With Projects!,https://www.youtube.com/watch?v=3PekU8OGBCA,"Beginner Guides (Beginner Guides, Web Scraping & Automation)",208763,2021-08-10,36:11,2171,-20.83,-109.66,-46.68,,
thenewboston,Python Tutorial in 30 Minutes (Crash Course for Absolute Beginners),https://www.youtube.com/watch?v=WEm3EUdicDg,Beginner Guides (Beginner Guides),203909,2021-08-10,20:50,1250,85.81,19.52,-38.9,,
Tech With Tim,How to Create a FastAPI & React Project - Python Backend + React Frontend,https://www.youtube.com/watch?v=aSdVU9-SxH4,Web Backend (Web Backend),202924,2025-08-09,30:16,1816,-51.32,-68.98,11.44,,
Corey Schafer,Python FastAPI Tutorial (Part 1): Getting Started - Web App + REST API,https://www.youtube.com/watch?v=7AMjmCTumuo,"Beginner Guides (Beginner Guides, Web Backend)",199181,2026-02-10,23:53,1433,-84.44,-11.52,-3.92,,
CodingEntrepreneurs,FastAPI Python Tutorial: Build an Analytics API from Scratch,https://www.youtube.com/watch?v=tiBeLLv5GJo,Web Backend (Web Backend),196774,2025-08-09,04:44:23,17063,-53.19,-38.28,30.84,,
AssemblyAI,PyTorch Crash Course - Getting Started with Deep Learning,https://www.youtube.com/watch?v=OIenNRt2bjg,"Beginner Guides (Beginner Guides, Machine Learning)",196451,2022-08-10,49:54,2994,-53.36,98.0,-14.34,,
Programming with Mosh,Python Stacks - Python Tutorial for Absolute Beginners | Mosh,https://www.youtube.com/watch?v=NKmasqr_Xkw,Beginner Guides (Beginner Guides),191553,2019-08-11,04:51,291,44.31,6.65,22.79,,
Ork Slayer Gamedev,Learn Python Classes With a Text-Based Battle - OOP Tutorial,https://www.youtube.com/watch?v=cM_ocyOrs_k,OOP Programming (OOP Programming),187864,2023-08-10,15:25,925,-5.21,-42.94,113.15,,
Zachary Huang,PyTorch in 1 Hour,https://www.youtube.com/watch?v=r1bquDz5GGA,Machine Learning (Machine Learning),185190,2025-09-13,01:02:49,3769,-4.48,76.79,-81.49,,
The PyCoach,Python Selenium for Beginners — A Complete Web Scraping Project (Scraping Dynamic Websites),https://www.youtube.com/watch?v=UOsRrxMKJYk,Web Scraping & Automation (Web Scraping & Automation),180053,2022-08-10,39:23,2363,-25.27,-74.5,-43.8,,
NeuralNine,FastAPI Full Crash Course - Python’s Fastest Web Framework,https://www.youtube.com/watch?v=rvFsGRvj9jo,"Beginner Guides (Beginner Guides, Web Backend)",177918,2025-08-09,58:29,3509,-108.09,-18.4,16.11,,
Programming with Mosh,The FASTEST Way to Learn to Code & Get a Job,https://www.youtube.com/watch?v=27YP6n6pDh0,Beginner Guides (Beginner Guides),177774,2024-08-09,05:48,348,40.55,-78.55,-31.21,,
Caleb Curry,Beginner Python Programming All-in-One Tutorial Series (6 HOURS!),https://www.youtube.com/watch?v=s3IvdkCq2_c,Beginner Guides (Beginner Guides),175519,2020-08-10,06:15:57,22557,60.94,-17.68,5.46,,
Daniel | Tech & Data,The Real Difference Between freeCodeCamp and Online Learning Platforms for Beginners,https://www.youtube.com/watch?v=YYEhye6eI8k,Beginner Guides (Beginner Guides),175446,2023-08-10,06:31,391,51.37,-46.7,-79.84,,
"Ryan O'Connell, CFA, FRM",Intro to Python for Finance: A Beginner's Guide,https://www.youtube.com/watch?v=uOqPElBsBmM,Beginner Guides (Beginner Guides),174960,2023-08-10,24:34,1474,79.71,-61.82,16.04,,
Johan Godinho,How to create a banking system using Object Oriented Programming in python for beginners,https://www.youtube.com/watch?v=xTh-ln2XhgU,OOP Programming (OOP Programming),173523,2020-08-10,23:23,1403,7.9,-44.64,66.43,,
Zero To Mastery,PyTorch 101 Crash Course For Beginners in 2026 | Daniel Bourke,https://www.youtube.com/watch?v=LyJtbe__2i0,Machine Learning (Machine Learning),173158,2025-08-09,27:23:12,98592,-11.13,78.72,-63.27,,
Greg Hogg,Python Full Course For Beginners: Zero to Hero in 3 Hours,https://www.youtube.com/watch?v=NakyjvSrTIQ,Beginner Guides (Beginner Guides),172006,2022-08-10,03:08:49,11329,116.46,-18.07,4.31,,
Tech With Tim,The Ultimate FastAPI + React Full Stack Project (Deploy This and You’re Set),https://www.youtube.com/watch?v=_1P0Uqk50Ps,Web Backend (Web Backend),170242,2025-08-09,03:30:23,12623,-60.28,-85.13,12.51,,
Programming with Mosh,How to Loop over Lists in Python,https://www.youtube.com/watch?v=9ueMumuFv6g,"Beginner Guides (Beginner Guides, Control Flow & Loops)",169367,2019-08-11,03:21,201,-46.1,2.66,-18.38,,
Python Simplified,Ultimate Guide to NumPy Arrays - VERY DETAILED TUTORIAL for beginners!,https://www.youtube.com/watch?v=lLRBYKwP8GQ,Data Science (Data Science),169022,2022-08-10,24:22,1462,24.49,51.13,58.07,,
Simplilearn,Python Pandas Tutorial | Pandas For Data Analysis | Python Pandas | Python Tutorial | Simplilearn,https://www.youtube.com/watch?v=PfVxFV1ZPnk,"Data Science (Data Science, Machine Learning)",163102,2019-08-11,53:21,3201,6.03,83.72,54.69,,
Corey Schafer,Python Tutorial: AsyncIO - Complete Guide to Asynchronous Programming with Animations,https://www.youtube.com/watch?v=oAkLSJNr5zY,Beginner Guides (Beginner Guides),162060,2025-09-13,01:42:41,6161,85.58,-73.08,-1.93,,
Corey Schafer,"Python Tkinter Tutorial (Part 1): Getting Started, Elements, Layouts, and Events",https://www.youtube.com/watch?v=epDKamC-V-8,Beginner Guides (Beginner Guides),161085,2024-08-09,41:08,2468,77.42,-86.44,-35.96,,
Clear Code,Understanding classes and object-oriented programming [Python Tutorial],https://www.youtube.com/watch?v=_vr5faCXFo8,OOP Programming (OOP Programming),159378,2022-08-10,02:06:45,7605,-8.41,-59.12,85.3,,
NeuralNine,NumPy Full Python Course - Data Science Fundamentals,https://www.youtube.com/watch?v=4c_mwnYdbhQ,Data Science (Data Science),158916,2022-08-10,52:25,3145,-11.19,41.2,67.46,,
Patrick Loeber,I built the same model with TensorFlow and PyTorch | Which Framework is better?,https://www.youtube.com/watch?v=ay1E1f8VqP8,Machine Learning (Machine Learning),157217,2022-08-10,13:33,813,32.79,67.65,-76.39,,
John Elder,Create a Basic Neural Network Model - Deep Learning with PyTorch 5,https://www.youtube.com/watch?v=JHWqWIoac2I,"Beginner Guides (Beginner Guides, Machine Learning)",156339,2023-08-10,15:39,939,-7.05,113.67,-20.11,,
Nicholas Renotte,Python for Data Science | Beginner Friendly Full Course in 5 Hours,https://www.youtube.com/watch?v=yGN28LY5VuA,"Beginner Guides (Beginner Guides, Data Science)",156222,2022-08-10,05:45:18,20718,-57.72,67.22,64.53,,
Amit Thinks,Python Pandas Full Course | Learn in 6 hours | Pandas for Data Science and Analysis | Amit Thinks,https://www.youtube.com/watch?v=yFoVs3_wvPo,"Beginner Guides (Beginner Guides, Data Science)",156123,2024-08-09,05:52:50,21170,-57.64,36.63,68.63,,
Lex Clips,PyTorch vs TensorFlow | Ishan Misra and Lex Fridman,https://www.youtube.com/watch?v=cLLsc4Hlo-8,Machine Learning (Machine Learning),155862,2021-08-10,03:47,227,12.75,76.23,-84.15,,
freeCodeCamp.org,Learn Drone Programming with Python – Tutorial,https://www.youtube.com/watch?v=k-yDYgc8AmU,Beginner Guides (Beginner Guides),154121,2026-04-11,01:47:41,6461,57.87,-50.94,-28.74,,
Fuji Codes,I Automated YouTube Shorts with Python,https://www.youtube.com/watch?v=mkZsaDA2JnA,Beginner Guides (Beginner Guides),154079,2024-08-09,03:30,210,74.59,-23.95,-10.87,,
Telusko,#1 FastAPI - Python Web Framework,https://www.youtube.com/watch?v=02dzgC_Ba70,"Machine Learning (Machine Learning, Web Backend)",153142,2025-09-13,06:55,415,-35.62,86.44,-94.82,,
Rishabh Mishra,Complete Python Pandas Data Science Tutorial,https://www.youtube.com/watch?v=_BA5kFO7w44,Data Science (Data Science),151848,2026-02-10,01:13:53,4433,0.21,53.95,72.99,,
freeCodeCamp.org,Learn PyTorch in 5 Projects – Tutorial,https://www.youtube.com/watch?v=E0bwEAWmVEM,Machine Learning (Machine Learning),145037,2025-08-09,05:48:32,20912,6.71,74.61,-69.34,,
PedroTech,Python Django REST API In 30 Minutes - Django Tutorial,https://www.youtube.com/watch?v=NoLF7Dlu5mc,"Beginner Guides (Beginner Guides, Web Backend)",143120,2024-08-09,30:42,1842,-80.51,-13.92,14.75,,
Pythonology,Web Scraping to CSV | Multiple Pages Scraping with BeautifulSoup,https://www.youtube.com/watch?v=MH3641s3Roc,"Web Scraping & Automation (Web Scraping & Automation, Script Utilities)",142744,2023-08-10,29:05,1745,-52.81,-6.24,-64.14,,
Patrick Loeber,FastAPI Introduction - Build Your First Web App - Python Tutorial,https://www.youtube.com/watch?v=0RS9W8MtZe4,"Beginner Guides (Beginner Guides, Web Backend)",140541,2021-08-10,11:56,716,-99.27,0.81,0.65,,
Nicholas Renotte,Build a Deep Learning Model that can LIP READ using Python and Tensorflow | Full Tutorial,https://www.youtube.com/watch?v=uKyojQjbx4c,Machine Learning (Machine Learning),138755,2023-08-10,01:14:22,4462,22.92,56.0,-57.26,,
ArjanCodes,Anatomy of a Scalable Python Project (FastAPI),https://www.youtube.com/watch?v=Af6Zr0tNNdE,Web Backend (Web Backend),138066,2025-10-13,21:16,1276,-67.91,-69.48,24.09,,
Pooja Dutt,I Tried 50 Python Courses. Here Are Top 5.,https://www.youtube.com/watch?v=lsqJn0DU5wI,Beginner Guides (Beginner Guides),137360,2025-08-09,09:41,581,61.85,-24.82,-24.33,,
freeCodeCamp Español,Web Scraping con Python - Curso con Beautiful Soup,https://www.youtube.com/watch?v=yKi9-BfbfzQ,Web Scraping & Automation (Web Scraping & Automation),136541,2024-08-09,01:40:19,6019,-79.8,-80.94,-82.47,,
Technology Channel,Python Full Course In Nepali,https://www.youtube.com/watch?v=Pv1dPzot4nk,Beginner Guides (Beginner Guides),136401,2025-08-09,04:24:25,15865,48.76,-35.2,-19.75,,
Programming with Mosh,What are Sets in Python? Python Tutorial for Absolute Beginners | Mosh,https://www.youtube.com/watch?v=t9j8lCUGZXo,Beginner Guides (Beginner Guides),125899,2019-08-11,04:30,270,41.49,15.84,31.08,,
codebasics,Python Tutorial for AI: Everything You Need in 2 Hours,https://www.youtube.com/watch?v=6GuyMZ-cSzE,Machine Learning (Machine Learning),124622,2026-07-10,02:02:52,7372,-12.91,42.57,-89.33,,
Programming with Mosh,How to Sort Lists in Python - Python Tutorial for Absolute Beginners | Mosh,https://www.youtube.com/watch?v=3Tcq_dBhIrQ,"Beginner Guides (Beginner Guides, Control Flow & Loops)",124322,2019-08-11,06:53,413,-46.47,-10.51,-7.74,,
Simplilearn,NumPy and Pandas Tutorial | Data Analysis With Python | Python Tutorial for Beginners | Simplilearn,https://www.youtube.com/watch?v=FniLzpaSFGk,"Data Science (Data Science, Machine Learning)",120704,2022-08-10,02:14:28,8068,7.15,72.5,44.93,,
Simplilearn,Python Scripting Tutorial For Beginners | Python Tutorial | Python Programming | Simplilearn,https://www.youtube.com/watch?v=AVHqSRMxwPI,"Machine Learning (Machine Learning, Script Utilities)",119638,2019-08-11,30:44,1844,-3.37,23.33,-80.15,,
Tuts+ Code,Python from Scratch - Lesson 4: Object Oriented Programming,https://www.youtube.com/watch?v=iyXyxvs-544,OOP Programming (OOP Programming),116227,2012-08-12,54:20,3260,20.6,-52.09,76.78,,
freeCodeCamp.org,Python for Beginners with Hands-On Projects,https://www.youtube.com/watch?v=oDOw5tB3Udw,Beginner Guides (Beginner Guides),113152,2026-07-19,08:36:53,31013,38.94,-4.35,-72.0,,
Programming with Mosh,Python in 2 Minutes!,https://www.youtube.com/watch?v=vE7Cy5csYbQ,Beginner Guides (Beginner Guides),109057,2024-08-09,01:58,118,73.4,-13.61,-36.04,,
Code with Josh,Object-Oriented Programming with Python in 2024 | 7-Hour FREE Course for Beginners,https://www.youtube.com/watch?v=-YhddS9_uus,Beginner Guides (Beginner Guides),108985,2024-08-09,06:45:36,24336,55.09,-48.02,35.37,,
NeuralNine,Scikit-Learn Full Crash Course - Python Machine Learning,https://www.youtube.com/watch?v=SIEaLBXr0rk,Machine Learning (Machine Learning),107824,2025-08-09,01:33:56,5636,-14.86,60.07,-57.65,,
Indently,How To Create Your Very First API With FastAPI In Python Tutorial 2023,https://www.youtube.com/watch?v=F43rgxq4CKw,Web Backend (Web Backend),105182,2023-08-10,10:18,618,-61.09,-51.98,19.3,,
Tech With Tim,I Learned Python By Building These Projects - Tutorial for Beginners,https://www.youtube.com/watch?v=ehD6tdxmjDU,Beginner Guides (Beginner Guides),104343,2025-08-09,01:04:27,3867,53.64,-13.68,-76.83,,
Programming with Mosh,Python Practice - Interview Question - Fizz Buzz | Mosh,https://www.youtube.com/watch?v=z3-XFI_nXNM,Beginner Guides (Beginner Guides),103704,2019-08-11,06:14,374,65.32,16.66,16.28,,
Swag Professor Explain,Every Machine Machine Learning Framework Explained in 5 Minutes!,https://www.youtube.com/watch?v=NSfE0BN5DIY,Machine Learning (Machine Learning),98674,2025-10-13,05:37,337,5.41,45.21,-60.81,,
Bro Code,Learn Python Object Oriented Programming! 🚗,https://www.youtube.com/watch?v=1XE-_s4ZBT8,"Beginner Guides (Beginner Guides, OOP Programming)",97283,2024-08-09,12:17,737,12.85,-69.19,54.0,,
Daniel | Tech & Data,PyTorch vs TensorFlow in 2026 - Make the Right Choice (Different Explained),https://www.youtube.com/watch?v=iyHkg7TmHmE,Machine Learning (Machine Learning),95566,2024-08-09,09:46,586,8.15,95.13,-90.75,,
IT Career Questions,Scripting & Automation for Beginners,https://www.youtube.com/watch?v=j9MAMgyNpAU,"Web Scraping & Automation (Web Scraping & Automation, Script Utilities)",95156,2022-08-10,13:13,793,-50.36,7.87,-70.72,,
Kylie Ying,Inheritance/Polymorphism in Object Oriented Programming | Python for Beginners | Code with Kylie #10,https://www.youtube.com/watch?v=C2QfkDcQ5MU,"Beginner Guides (Beginner Guides, OOP Programming)",91071,2021-08-10,12:49,769,32.58,-70.32,61.16,,
Dave Gray,Python OOP (Object-Oriented Programming) Project for Beginners,https://www.youtube.com/watch?v=PMFd95RgIwE,OOP Programming (OOP Programming),87068,2023-08-10,30:18,1818,11.63,-62.38,89.04,,
Nicholas Renotte,NumPy for Beginners in 15 minutes | Python Crash Course,https://www.youtube.com/watch?v=uRsE5WGiKWo,"Beginner Guides (Beginner Guides, Data Science)",85582,2021-08-10,17:23,1043,-45.34,60.78,28.09,,
John Watson Rooney,Beautifulsoup vs Selenium vs Scrapy - Which Tool for Web Scraping?,https://www.youtube.com/watch?v=J82SxHP5SWY,Web Scraping & Automation (Web Scraping & Automation),85282,2021-08-10,06:53,413,-54.2,-31.0,-40.64,,
Derrick Sherrill,Combining Excel Sheets with Python - Five Minute Python Automation Scripts Tutorial,https://www.youtube.com/watch?v=4_BPNnKEMn8,Web Scraping & Automation (Web Scraping & Automation),84522,2019-08-11,04:59,299,-64.69,-45.11,-105.77,,
Derek Banas,NumPy Tutorial : Numpy Full Course,https://www.youtube.com/watch?v=8Y0qQEh7dJg,"Beginner Guides (Beginner Guides, Data Science, Machine Learning)",83204,2020-08-10,01:09:09,4149,-23.44,77.28,29.9,,
Sundeep Saradhi Kanthety,PYTHON TUTORIAL FOR BEGINNERS IN 11 HOURS (in ENGLISH) || BASIC PYTHON PROGRAMMING || DATA SCIENCE,https://www.youtube.com/watch?v=u3zj0GfLoP8,Data Science (Data Science),82224,2022-08-10,11:07:19,40039,-15.0,46.8,84.78,,
Tech With Tim,3 Python Automation Projects - For Beginners,https://www.youtube.com/watch?v=zT7niRUOs9o,Web Scraping & Automation (Web Scraping & Automation),81855,2024-08-09,41:38,2498,-30.22,-59.53,-101.01,,
ProgrammingKnowledge,Object-Oriented Programming (OOP) in Python 3 | Python Object Oriented Programming Tutorial,https://www.youtube.com/watch?v=bgATKeiNcL8,"Beginner Guides (Beginner Guides, OOP Programming)",80891,2019-08-11,02:15:59,8159,4.84,-68.4,68.3,,
Patrick Loeber,Schedule Python Scripts with GitHub Actions FOR FREE | Python Automation,https://www.youtube.com/watch?v=PaGp7Vi5gfM,Web Scraping & Automation (Web Scraping & Automation),80633,2022-08-10,12:32,752,-54.02,-30.76,-97.91,,
Corey Schafer,Python Pydantic Tutorial: Complete Data Validation Course (Used by FastAPI),https://www.youtube.com/watch?v=M81pfi64eeM,Web Backend (Web Backend),79132,2025-11-12,01:29:25,5365,-81.28,-85.14,49.75,,
IBM Technology,What is PyTorch? (Machine/Deep Learning),https://www.youtube.com/watch?v=fJ40w_2h8kk,Machine Learning (Machine Learning),78869,2024-08-09,11:57,717,-1.3,60.27,-66.98,,
freeCodeCamp.org,"Claude Code Full Course – Autonomous Goals, MCP, and VS Code Setup",https://www.youtube.com/watch?v=7l6bXLAKyEI,Beginner Guides (Beginner Guides),78017,2026-08-05,01:21:37,4897,61.44,-89.68,-10.14,,
Alpha Brains Courses,Python Object Oriented Programming 🐍- Full Course For Beginners⚡️,https://www.youtube.com/watch?v=xEZkR9BFXOI,"Beginner Guides (Beginner Guides, OOP Programming)",76653,2023-08-10,05:03:55,18235,2.77,-84.6,58.81,,
Corey Schafer,Python FastAPI Tutorial: Full Course for Beginners - Build a Full-Stack Web App,https://www.youtube.com/watch?v=iukOehU5aF4,"Beginner Guides (Beginner Guides, Web Backend)",76340,2026-05-11,14:23:36,51816,-102.64,12.24,7.64,,
NeuralNine,Pandas Full Python Course - Data Science Fundamentals,https://www.youtube.com/watch?v=EhYC02PD_gc,"Beginner Guides (Beginner Guides, Data Science)",76128,2025-08-09,01:06:27,3987,-67.93,52.73,65.53,,
"Kevin Wallace Training, LLC",Fundamentals of Network Automation,https://www.youtube.com/watch?v=K8ptdi-z7ls,Web Scraping & Automation (Web Scraping & Automation),75709,2023-08-10,01:29:58,5398,-52.21,-65.0,-101.77,,
Mukesh otwani,Python Tutorials For Automation Testing | Python For Beginners,https://www.youtube.com/watch?v=LwAwyL9ozDA,Web Scraping & Automation (Web Scraping & Automation),73805,2024-08-09,09:13:26,33206,-37.47,-71.53,-89.64,,
Programming with Mosh,Map and Filter Functions in Python - Python Tutorial for Absolute Beginners | Mosh,https://www.youtube.com/watch?v=2qKQGqpRsks,Control Flow & Loops (Control Flow & Loops),72493,2019-08-11,05:59,359,-24.75,-14.39,2.26,,
Code with Josh,LSTM Time Series Forecasting with TensorFlow & Python – Step-by-Step Tutorial,https://www.youtube.com/watch?v=94PlBzgeq90,Machine Learning (Machine Learning),71535,2025-08-09,49:52,2992,24.49,38.93,-80.22,,
CodeHead,FastAPI explained in 2 minutes,https://www.youtube.com/watch?v=umbU5Pk03CM,Web Backend (Web Backend),66971,2026-02-10,02:05,125,-68.7,-54.72,35.39,,
Simplilearn,Numpy Full Course 🔥 | Numpy Tutorial | Python Tutorial For Beginners | Python Training | Simplilearn,https://www.youtube.com/watch?v=j31ah5Qa4QI,"Beginner Guides (Beginner Guides, Data Science)",66879,2021-08-10,01:21:53,4913,-30.92,56.16,46.07,,
Keith Galli,Advanced Web Scraping Tutorial! (w/ Python Beautiful Soup Library),https://www.youtube.com/watch?v=DcI_AZqfZVc,Web Scraping & Automation (Web Scraping & Automation),66841,2024-08-09,42:43,2563,-76.69,-65.77,-93.6,,
Corey Schafer,Automating My Bill Payments with Python and Selenium,https://www.youtube.com/watch?v=jNoTEiI2cVU,Web Scraping & Automation (Web Scraping & Automation),61351,2024-08-09,01:18:29,4709,-21.7,-35.34,-69.31,,
Genalytiq,"Complete FastAPI in 5 Hours — Full CRUD, MySQL Database, Auth & Docker (Beginner to Advanced)",https://www.youtube.com/watch?v=PzIF1IAxzaw,"Beginner Guides (Beginner Guides, Data Science, Web Backend)",60632,2026-02-10,04:33:36,16416,-79.3,14.07,47.57,,
CyberFlow,The Best Way to Learn Python (For Hacking),https://www.youtube.com/watch?v=Fxh9X3-hO4Y,Beginner Guides (Beginner Guides),60344,2026-03-12,08:06,486,52.97,-70.63,-40.95,,
sentdex,Object Oriented Programming Introduction - Intermediate Python Programming p.13,https://www.youtube.com/watch?v=ekA6hvk-8H8,"Beginner Guides (Beginner Guides, OOP Programming)",59357,2017-08-11,11:35,695,0.65,-74.66,40.38,,
Coding Is Fun,Run Python Scripts Daily Online in Just 5 Minutes: Easy Guide,https://www.youtube.com/watch?v=0G8bjcY4lBM,Web Scraping & Automation (Web Scraping & Automation),59242,2024-08-09,06:07,367,-60.77,-22.21,-117.7,,
Corey Schafer,Python Tutorial: Type Hints - From Basic Annotations to Advanced Generics,https://www.youtube.com/watch?v=RwH2UzC2rIo,Beginner Guides (Beginner Guides),50540,2025-08-09,40:58,2458,25.26,-31.07,-90.09,,
Tech With Tim,How I Would Learn Python Web Development If I Started Over,https://www.youtube.com/watch?v=eOuCaQtlql8,Beginner Guides (Beginner Guides),49104,2025-11-12,21:31,1291,37.05,-61.63,-52.14,,
Thu Vu,Python Web-scraping with Selenium vs Scrapy vs BeautifulSoup | Witcher project ep. #1,https://www.youtube.com/watch?v=RuNolAh_4bU,"Machine Learning (Machine Learning, Web Scraping & Automation)",49013,2022-08-10,13:30,810,14.15,56.02,-120.0,,
Tech With Tim,Learn NumPy in 40 Minutes - Python NumPy Tutorial,https://www.youtube.com/watch?v=zI5ducyfyNc,Data Science (Data Science),47654,2026-02-10,40:50,2450,2.98,40.59,58.08,,
Intellipaat,What is PyTorch | Introduction to PyTorch | PyTorch Tutorial For Beginners | Intellipaat,https://www.youtube.com/watch?v=Idg5uFnpV1M,"Beginner Guides (Beginner Guides, Data Science, Machine Learning)",45060,2025-08-09,04:02,242,-30.6,92.72,21.1,,
The Testing Academy,How To Become High Paying Automation Engineer Using Python,https://www.youtube.com/watch?v=O95Jrb6vo30,Web Scraping & Automation (Web Scraping & Automation),44493,2024-08-09,04:34,274,-22.6,-76.38,-112.28,,
ACADGILD,NumPy Python Tutorial - Part 1 | NumPy and Pandas Tutorial | NumPy Tutorial | NumPy Introduction,https://www.youtube.com/watch?v=rvY0MskPps0,"Beginner Guides (Beginner Guides, Data Science)",43098,2019-08-11,01:30:22,5422,-34.13,42.12,34.01,,
Corey Schafer,"I Use AI Every Day: What I Like, What I Hate, and Where I Think We're Heading",https://www.youtube.com/watch?v=tHh0UaL_V4w,Machine Learning (Machine Learning),42757,2026-07-27,37:30,2250,-7.23,58.77,-96.64,,
Udacity,Intro to Numpy and Pandas - Intro to Data Science,https://www.youtube.com/watch?v=ahBMf6F47D8,"Beginner Guides (Beginner Guides, Data Science)",42040,2015-08-12,00:53,53,-67.48,81.0,54.57,,
Neroplus IT,Web Scraping Tutorial - HTML Tables - Python & Selenium [+ Excel File],https://www.youtube.com/watch?v=JLDbAx6LAdo,Web Scraping & Automation (Web Scraping & Automation),40879,2021-08-10,21:23,1283,-76.28,-48.76,-49.82,,
Great Learning,TensorFlow 2.0 Tutorial - Full Course | TensorFlow Tutorial | Deep Learning | Great Learning,https://www.youtube.com/watch?v=OMIDAsNjk64,"Beginner Guides (Beginner Guides, Machine Learning)",40594,2021-08-10,02:05:13,7513,-34.58,97.49,-49.35,,
evlearn,Python Full Course for Beginners - Complete Programming Tutorial 2025,https://www.youtube.com/watch?v=YvYKcGAfJvs,Beginner Guides (Beginner Guides),40290,2025-11-12,11:54:14,42854,16.87,-35.49,-36.43,,
MIT OpenCourseWare,PyTorch Tutorial,https://www.youtube.com/watch?v=o5gPABcGZwc,Machine Learning (Machine Learning),39797,2026-03-12,28:59,1739,2.21,63.04,-81.0,,
NeuralNine,Stock Price Prediction in Python with PyTorch - Full Tutorial,https://www.youtube.com/watch?v=IJ50ew8wi-0,Machine Learning (Machine Learning),39357,2025-08-09,40:26,2426,8.5,42.79,-96.9,,
Intellipaat,Python Tutorial for Beginners | Python Full Course From Scratch | Python Programming | Intellipaat,https://www.youtube.com/watch?v=EpJWGs_KY9Y,Beginner Guides (Beginner Guides),38767,2019-08-11,01:57:21,7041,1.44,-19.47,-10.04,,
Underfitted,"How to run PyTorch, TensorFlow, and JAX on your Mac (Apple Silicon)",https://www.youtube.com/watch?v=cGEIEnekmRM,Machine Learning (Machine Learning),37171,2024-08-09,11:56,716,26.48,59.26,-95.16,,
ProgrammingKnowledge,Python OOP Tutorials | Composition and Aggregation,https://www.youtube.com/watch?v=mPFc3JHLnz8,OOP Programming (OOP Programming),36466,2020-08-10,11:54,714,19.07,-26.8,98.7,,
Krish Naik Hindi,"Tutorial 17-Introduction To OOPS, Classes, Constructors,Methods|Python In Hindi|Krish Naik",https://www.youtube.com/watch?v=KeggonclRK8,"Beginner Guides (Beginner Guides, OOP Programming)",35865,2022-08-10,18:44,1124,-16.09,-95.76,50.12,,
NeuralNine,PyTorch Crash Course:  Deep Learning in Python,https://www.youtube.com/watch?v=uq7sbUlIDR8,"Beginner Guides (Beginner Guides, Machine Learning)",35126,2026-03-12,32:30,1950,-47.16,90.34,-26.78,,
Internet Made Coder,3.5 Hours of Python Automation Projects - From Beginner to Advanced,https://www.youtube.com/watch?v=916TXUN3nPU,"Beginner Guides (Beginner Guides, Web Scraping & Automation)",35090,2025-08-09,03:34:45,12885,-12.52,-118.58,-43.69,,
Eric Roby,FastAPI vs. Django REST Framework: Which One Should You Choose?,https://www.youtube.com/watch?v=bGw9An9rI18,Web Backend (Web Backend),33199,2025-08-09,05:57,357,-90.03,-50.83,-6.15,,
Abhishek.Veeramalla,8 Python Packages that you need to learn to Ace any DevOps Interviews | Explained in 15 minutes,https://www.youtube.com/watch?v=3gzH9_Is1xw,Beginner Guides (Beginner Guides),33149,2025-08-09,14:45,885,67.57,-22.37,-56.19,,
Coding Crash Courses,Object Oriented Programming with Python - From Beginner to Advanced,https://www.youtube.com/watch?v=LjmgrupmAl4,"Beginner Guides (Beginner Guides, OOP Programming)",31006,2024-08-09,02:24:00,8640,20.13,-84.01,47.53,,
The Testing Academy,How To Become Automation Engineer Using Python | Python For Automation Testing Roadmap,https://www.youtube.com/watch?v=TuV8DfXpwfk,Web Scraping & Automation (Web Scraping & Automation),31003,2023-08-10,03:38,218,-33.57,-83.38,-104.07,,
AMP Tech,PyTorch o Tensorflow ¿Cuál es la ideal para ti?,https://www.youtube.com/watch?v=Je09qqhmEm0,Machine Learning (Machine Learning),30616,2023-08-10,14:52,892,9.6,63.1,-93.68,,
Internet Made Coder,3 PYTHON AUTOMATION PROJECTS FOR BEGINNERS (FULL TUTORIAL),https://www.youtube.com/watch?v=v-pUon2F5L8,Web Scraping & Automation (Web Scraping & Automation),28852,2024-08-09,26:48,1608,-28.27,-51.84,-88.71,,
Phillip Rubin,REST API IN PYTHON | Flask vs. FastAPI vs. Django,https://www.youtube.com/watch?v=0juyVjBN8HQ,Web Backend (Web Backend),28371,2022-08-10,05:53,353,-103.75,-46.87,10.43,,
DATACLOUDER,El tutorial mejor explicado para aprender fast api desde 0.,https://www.youtube.com/watch?v=TatMVGGMxY0,Web Backend (Web Backend),27719,2024-08-09,16:30,990,-48.66,-61.76,37.7,,
Ynteractive AI,How to Run & Automate Python Scripts with n8n,https://www.youtube.com/watch?v=WknSKQC67mY,Web Scraping & Automation (Web Scraping & Automation),27200,2025-08-09,01:04,64,-49.8,-35.57,-119.46,,
Satyajit Pattnaik,Complete Python NumPy for Data Science in 30 minutes | NumPy Python Full Guide,https://www.youtube.com/watch?v=2Lk3y3pzzmg,Data Science (Data Science),24943,2022-08-10,30:04,1804,14.41,40.71,69.3,,
TuTechGuy,FastAPI explicado fácil y rápido para principiantes,https://www.youtube.com/watch?v=FpjdLbm30ZY,Web Backend (Web Backend),24890,2025-11-12,14:42,882,-61.14,-72.97,42.58,,
Satyajit Pattnaik,Complete Python Pandas for Data Science in 30 minutes  - Tutorial for Beginners,https://www.youtube.com/watch?v=ogNGyBYlHW0,Data Science (Data Science),22300,2022-08-10,34:58,2098,14.63,55.62,78.16,,
DevOps Shack,10 Real-Time Corporate Python Automation scripts | Python | DevOps,https://www.youtube.com/watch?v=PiRNGGSCaIs,Web Scraping & Automation (Web Scraping & Automation),21516,2025-08-09,01:16:53,4613,-37.9,-21.97,-106.15,,
Enabled Will,Web scraping with selenium and beautifulsoup (on Chrome),https://www.youtube.com/watch?v=3Q9ZBsQkTIo,Web Scraping & Automation (Web Scraping & Automation),21138,2019-08-11,12:32,752,-45.65,-55.61,-56.11,,
NeuralNine,Flask VS Django VS FastAPI - Detailed Comparison & Use Cases,https://www.youtube.com/watch?v=nnyVoqfcAl8,Web Backend (Web Backend),19921,2025-10-13,10:11,611,-101.11,-87.85,22.11,,
DataCamp,"Deep Learning with PyTorch Full Course | Master PyTorch, Tensors, and Neural Networks",https://www.youtube.com/watch?v=IFsVsXAqPto,"Beginner Guides (Beginner Guides, Machine Learning)",19785,2025-08-09,01:55:37,6937,-42.12,116.5,-19.04,,
NeuralNine,Python Data Science Tutorial #2 - NumPy Arrays,https://www.youtube.com/watch?v=mf9fbDlXYM0,"Beginner Guides (Beginner Guides, Data Science)",18868,2020-08-10,19:05,1145,-48.0,69.74,49.12,,
freeCodeCamp Arabic,تعلم لغة البايثون من الصفر حتى مراحل متقدمة,https://www.youtube.com/watch?v=kdjzzjum5pQ,Beginner Guides (Beginner Guides),17952,2023-08-10,09:09:14,32954,89.6,-8.14,15.26,,
Vizuara,"Intro to Python Deep Learning libraries- Tensorflow, Keras, PyTorch | Programming foundations for ML",https://www.youtube.com/watch?v=SY9o3jvuVbg,"Beginner Guides (Beginner Guides, Machine Learning)",16856,2025-08-09,34:17,2057,-26.54,120.0,-41.59,,
Tech With Tim,Python Tutorial for Beginners - Learn the basics in 20 Min,https://www.youtube.com/watch?v=Js05B8Z1ivE,Beginner Guides (Beginner Guides),15704,2026-07-26,19:39,1179,52.48,18.24,-51.35,,
learn by doing it,"""Master Python Programming in 5 Hours | Complete Python Tutorial for Beginners & Advanced""",https://www.youtube.com/watch?v=oUho9ofP1PY,Beginner Guides (Beginner Guides),15272,2025-08-09,04:42:23,16943,15.89,-24.11,-61.87,,
Zero To Mastery,Python Automation Crash Course (2026): Automate Your Life With Python!,https://www.youtube.com/watch?v=4AEsblWWdQg,Web Scraping & Automation (Web Scraping & Automation),14727,2025-09-13,05:01:18,18078,-7.81,-58.95,-95.73,,
Mastering Code and Learn Code With Durgesh,FastAPI vs Django vs Flask | Which Python Framework Should You Learn in 2026?,https://www.youtube.com/watch?v=DC0ZXApgheg,Web Backend (Web Backend),14582,2026-01-11,12:12,732,-103.18,-67.98,14.62,,
Red Eyed Coder Club,"Python Selenium Web Scraping Tutorial: How to scrape Amazon with Python, Selenium and BeautifulSoup",https://www.youtube.com/watch?v=497Fy7CIBOk,Web Scraping & Automation (Web Scraping & Automation),14573,2021-08-10,27:04,1624,-60.47,-63.7,-49.1,,
NeuralNine,Python Object-Oriented Programming Explained in 12 Minutes,https://www.youtube.com/watch?v=85cQy2aeD44,OOP Programming (OOP Programming),14215,2025-08-09,12:54,774,26.05,-20.83,80.25,,
KGP Talkie,Full LinkedIn Profile Scraping in Python using Selenium and BeautifulSoup | Save Data in JSON,https://www.youtube.com/watch?v=SQtwhuYJk3M,"Web Scraping & Automation (Web Scraping & Automation, Script Utilities)",13782,2025-08-09,01:23:27,5007,-61.17,-1.37,-75.26,,
NeuralNine,Full Machine Learning Project: Train & Deploy a Pneumonia Classifier in PyTorch,https://www.youtube.com/watch?v=Gx_I2y3L8is,Machine Learning (Machine Learning),13600,2025-08-09,01:12:07,4327,-31.5,51.1,-64.49,,
Oxylabs,Selenium Web Scraping Tutorial for Beginners (2026),https://www.youtube.com/watch?v=6zqYkPe-qJc,"Web Scraping & Automation (Web Scraping & Automation, Web Backend)",13468,2026-03-12,09:19,559,-81.67,-29.22,-70.33,,
BugBytes,FastHX - making FastAPI and HTMX apps easy!,https://www.youtube.com/watch?v=MYslv0gmg-E,"Beginner Guides (Beginner Guides, Web Backend)",13459,2025-08-09,17:30,1050,-97.31,-9.9,29.25,,
Inteligentia,Tutorial Completo Selenium en Español | Aprende a hacer Web Scraping con Python y Selenium,https://www.youtube.com/watch?v=Ozt1CFkzRMg,Web Scraping & Automation (Web Scraping & Automation),11588,2025-08-09,43:32,2612,-54.37,-73.52,-34.64,,
Smitha Kolan - Machine Learning Engineer,How To Learn Python For Machine Learning (NumPy & Pandas Guide),https://www.youtube.com/watch?v=VsRFqvijF6M,"Data Science (Data Science, Machine Learning)",11433,2021-08-10,09:32,572,-8.57,78.74,47.75,,
TW Lightwork,Selenium Basics Tutorial | Python Automation For Beginners | Browser Web Scraping + Input Submission,https://www.youtube.com/watch?v=yAbgi2gHss0,"Beginner Guides (Beginner Guides, Web Scraping & Automation)",11421,2023-08-10,20:53,1253,-32.5,-120.0,-34.14,,
Davinci Resolve Automation,How to Set Up Python Scripting in DaVinci Resolve,https://www.youtube.com/watch?v=5s-Rebj67iU,"Beginner Guides (Beginner Guides, Script Utilities)",11409,2025-08-09,04:44,284,-20.25,1.0,-73.25,,
The Program One,PyTorch vs TensorFlow vs JAX: The Ultimate Comparison,https://www.youtube.com/watch?v=mf2oCBeg7T8,Machine Learning (Machine Learning),10745,2025-08-09,03:28,208,25.07,80.67,-96.15,,
DSwithBappy,Master Python Object-Oriented Programming (OOP) in 5 Hours 🔥,https://www.youtube.com/watch?v=q7gAio9OMLk,"Beginner Guides (Beginner Guides, OOP Programming)",10418,2025-08-09,04:39:11,16751,29.22,-93.83,66.21,,
Pivotalstats,Complete NUMPY for Beginners in just 10 minutes | Python Data Analysis,https://www.youtube.com/watch?v=auZhd2pPtv0,Data Science (Data Science),8955,2023-08-10,13:22,802,-10.1,69.94,84.19,,
Python Marathon,freecodecamp Full Course Learn Python REVIEW,https://www.youtube.com/watch?v=C22sGVjmkeQ,Beginner Guides (Beginner Guides),8555,2020-08-10,13:28,808,46.37,-39.75,-58.08,,
ACADGILD,NumPy Python Tutorial 2018 Part 2 | NumPy and Pandas Tutorial | NumPy Tutorial 2018 | NumPy,https://www.youtube.com/watch?v=P_3MyPMXN0Y,Data Science (Data Science),8335,2019-08-11,01:04:07,3847,11.09,45.59,42.26,,
Python ML Daily,Python Web Scraping Example: Selenium and Beautiful Soup,https://www.youtube.com/watch?v=4HK5tRy1fVc,Web Scraping & Automation (Web Scraping & Automation),8076,2024-08-09,07:44,464,-70.8,-93.67,-72.44,,
Ryan Ahmed,PyTorch/TensorFlow on AMD: Beginner's Guide to ROCm on Linux,https://www.youtube.com/watch?v=pfnctTG5K2c,"Beginner Guides (Beginner Guides, Machine Learning)",7617,2025-09-13,12:03,723,-20.36,93.15,-8.1,,
Unfold Data Science,Pytorch tutorial for beginners | Pytorch neural network tutorial | Pytorch course,https://www.youtube.com/watch?v=KYFXNncIC3c,Machine Learning (Machine Learning),6998,2024-08-09,18:19,1099,1.7,93.01,-70.68,,
CODE MENTAL,"Web scraping with Python, BeautifulSoup, Pandas and Selenium",https://www.youtube.com/watch?v=yMEMUf3vEvc,"Data Science (Data Science, Web Scraping & Automation)",6987,2021-08-10,34:23,2063,-5.54,18.83,71.98,,
Alex Hyett,Automate Your Life With Python (File Management Step By Step Example),https://www.youtube.com/watch?v=1dgnl7oCVTY,Beginner Guides (Beginner Guides),6766,2023-08-10,20:55,1255,6.82,-89.88,-10.05,,
PyGuess,FastAPI vs Django: Which Python Framework Should You Choose in 2025?,https://www.youtube.com/watch?v=akIBTnWU0u8,Web Backend (Web Backend),6382,2025-09-13,05:31,331,-85.41,-69.11,-6.63,,
NETWORK WALKS,Top10 Python Libraries for Network Automation,https://www.youtube.com/watch?v=JOw675NGSL8,Web Scraping & Automation (Web Scraping & Automation),5661,2025-08-09,05:46,346,-43.99,-60.45,-113.7,,
Code with Gunnar,Python Classes & Objects Deep Dive – OOP Foundations,https://www.youtube.com/watch?v=G4Wnmff_jS8,"Beginner Guides (Beginner Guides, OOP Programming)",5593,2025-08-09,14:46,886,-7.02,-100.11,85.77,,
Techletters,Web Scraping with Python Selenium & BeautifulSoup,https://www.youtube.com/watch?v=ad0Ts8xdR-8,"Data Science (Data Science, Web Scraping & Automation)",5455,2021-08-10,28:44,1724,-6.08,19.25,58.99,,
TechLessons,Python Automation Tutorial Part 1: Commands with Command Prompt/Terminal  and Scheduling Functions,https://www.youtube.com/watch?v=doiEfwMnXDE,"Control Flow & Loops (Control Flow & Loops, Web Scraping & Automation)",5432,2017-08-11,02:50,170,-38.93,-16.85,12.27,,
ChatOSS,"Learn FastAPI, Django, or Flask in 2025? (Python)",https://www.youtube.com/watch?v=nsmYbQqZEA8,Web Backend (Web Backend),5431,2025-08-09,05:20,320,-81.6,-63.7,42.87,,
2MinutesPy,Object-oriented Programming in Python...,https://www.youtube.com/watch?v=noBSoBNvPmw,Beginner Guides (Beginner Guides),5268,2025-08-09,02:30,150,41.13,-65.29,30.4,,
edureka!,Python Web Scraping Tutorial - 2 | Python BeautifulSoup Tutorial | Python Tutorial | Edureka,https://www.youtube.com/watch?v=l0xRr096UNk,Web Scraping & Automation (Web Scraping & Automation),5150,2016-08-11,56:48,3408,-61.42,-48.68,-81.47,,
Mxy,"Object-Oriented Programming in Assembly Explained | Vtables, Polymorphism | Python, Java, C++, C#",https://www.youtube.com/watch?v=l8ichluv3JM,OOP Programming (OOP Programming),5057,2025-08-09,29:47,1787,26.13,-35.85,65.86,,
Felix Yu,"Python Library 101: Pandas, Numpy and Matplotlib for Machine Learning or Data Science",https://www.youtube.com/watch?v=NZ0laizc4ug,"Control Flow & Loops (Control Flow & Loops, Data Science, Machine Learning)",4966,2022-08-10,17:52,1072,-19.99,-6.48,26.92,,
David Grice,Web-Scraping Tutorial Using Python + Selenium + Beautifulsoup - Part 1,https://www.youtube.com/watch?v=beF2zLsw2ws,Web Scraping & Automation (Web Scraping & Automation),4254,2020-08-10,01:15:17,4517,-58.94,-55.78,-64.79,,
Accounts Expert,Python Full Course 2026 – Zero to Data Analyst 🔥 (Complete Tutorial),https://www.youtube.com/watch?v=yiyc0RMfmHk,Beginner Guides (Beginner Guides),3988,2026-08-08,09:49:07,35347,104.6,-41.46,-10.05,,
Vinsloev Academy,Python Automation For Cyber Security (Step-by-Step Guide for Beginners),https://www.youtube.com/watch?v=cjdIIwUZsAg,Web Scraping & Automation (Web Scraping & Automation),3930,2025-08-09,05:08,308,-23.32,-47.77,-119.35,,
Benjamin Carlson,Python Tutorial Web Scraping With Selenium and BeautifulSoup | Python One Day Builds - Project 1,https://www.youtube.com/watch?v=pPBUWJfquzs,Web Scraping & Automation (Web Scraping & Automation),3695,2020-08-10,11:43,703,-48.73,-78.22,-55.1,,
"PyCharm, a JetBrains IDE","Jeff Triplett on Django, FastAPI, uv, Pydantic, and AI Agents in Python Web Development",https://www.youtube.com/watch?v=QWFmWOw8gRg,"Machine Learning (Machine Learning, Web Backend)",3482,2026-07-10,05:23,323,-44.12,77.82,-105.15,,
IEE,🌐 Netmiko Python Tutorial: How to Manage Your Network Devices With Netmiko in Python,https://www.youtube.com/watch?v=jj5pMZCUrv8,Web Scraping & Automation (Web Scraping & Automation),3253,2024-08-09,55:10,3310,-58.53,-74.28,-118.3,,
CodeasByteS,Python automation interview questions | python logs parsing | string operations | file operations,https://www.youtube.com/watch?v=ICwGdJ81TBc,Web Scraping & Automation (Web Scraping & Automation),3238,2023-08-10,05:38,338,-13.84,-31.53,-96.4,,
SimpliCode,Numpy and Pandas Tutorial | Numpy Tutorial | Pandas Tutorial | Python for Beginners | SimpliCode,https://www.youtube.com/watch?v=5m1e_4v-s34,Data Science (Data Science),3236,2023-08-10,02:14:16,8056,7.32,57.09,56.89,,
Davinci Resolve Automation,DaVinci Resolve Media Pool Automation using Python Scripting,https://www.youtube.com/watch?v=Lnn2ehP77zg,"Web Scraping & Automation (Web Scraping & Automation, Script Utilities)",3153,2025-08-09,14:22,862,-46.33,-0.89,-80.7,,
Tech With Rathan,Stop Overthinking Django vs FastAPI — Watch This First,https://www.youtube.com/watch?v=L5EPuiiQfY4,Web Backend (Web Backend),3049,2026-05-11,05:17,317,-80.29,-57.61,21.98,,
Code Collider,Performance Benchmarks: Django vs FastAPI vs Flask,https://www.youtube.com/watch?v=lH7MguulaKY,Web Backend (Web Backend),2518,2025-08-09,04:21,261,-112.75,-52.77,25.16,,
FUN WITH DATA SCIENCE,Full NUMPY and Pandas in 8 hours | Python numpy pandas full course | Learn numPY n Pandas in 8 hours,https://www.youtube.com/watch?v=yLyoqdB-SA0,"Beginner Guides (Beginner Guides, Data Science)",2328,2022-08-10,07:36:56,27416,-45.47,25.29,54.2,,
Patrick Collins,"How to scrape ANY website with Beautiful Soup, Selenium, and Python (part 2 of 2)",https://www.youtube.com/watch?v=Bfv2t1T0378,Web Scraping & Automation (Web Scraping & Automation),2113,2020-08-10,33:31,2011,-85.58,-82.17,-61.33,,
Diffbot,"🛠 Python Web Scraping Review 🛠: Selenium VS. BeautifulSoup VS. Diffbot, Working Examples",https://www.youtube.com/watch?v=wGdks3MwqoU,Web Scraping & Automation (Web Scraping & Automation),2080,2021-08-10,34:16,2056,-36.29,-34.21,-40.09,,
Simplilearn,NumPy Tutorial Part - 2 | Numpy Python Tutorial | Numpy Tutorial | Python Training | Simplilearn,https://www.youtube.com/watch?v=cKoeD2cSShI,"Data Science (Data Science, Machine Learning)",1935,2023-08-10,54:29,3269,-4.18,63.19,37.99,,
NikolAI Skripko,"Host Python Web Apps FOR FREE (Flask, Django, FastAPI)",https://www.youtube.com/watch?v=grUCtaAiUd0,Web Backend (Web Backend),1884,2024-08-09,03:28,208,-98.81,-36.29,38.09,,
Robotics With Om Sir,Python playwright | Automate Form Filling with Python | Playwright Tutorial for Beginners,https://www.youtube.com/watch?v=_mnk2jmCuoY,Beginner Guides (Beginner Guides),1767,2025-08-09,03:36,216,-0.36,-62.91,-30.7,,
Python Coding (CLCODING),7 Python Automation Scripts That Makes Lise Easier,https://www.youtube.com/watch?v=05dR5Y4YypI,Web Scraping & Automation (Web Scraping & Automation),1756,2025-11-12,06:11,371,-47.46,-41.18,-104.96,,
PythonDude,Python Web Scraping Tutorial Under 1 Hour - Using Selenium and Beautiful Soup,https://www.youtube.com/watch?v=17JQQKGf3Uc,Web Scraping & Automation (Web Scraping & Automation),1523,2023-08-10,59:03,3543,-77.54,-63.8,-70.14,,
Neroplus IT,Web Scraping Tables with Python Series - Selenium | Beautiful Soup | API Scraping [Part 1/9],https://www.youtube.com/watch?v=odwB8V9x1LE,"Web Scraping & Automation (Web Scraping & Automation, Web Backend)",1480,2022-08-10,14:55,895,-92.7,-45.31,-76.23,,
Real Python,Intro to Object-Oriented Programming (OOP) in Python: Guiding Principles & Defining Classes,https://www.youtube.com/watch?v=x6d_ACQ9Lhw,"Beginner Guides (Beginner Guides, OOP Programming)",1438,2026-02-10,09:48,588,-12.09,-81.28,71.31,,
edureka!,Python OOPS Concepts | Python OOP Tutorial | Python Classes and Objects | Python | Edureka Rewind,https://www.youtube.com/watch?v=PwN4dNVExxY,OOP Programming (OOP Programming),1099,2023-08-10,35:12,2112,-0.52,-72.05,106.98,,
Alfredo Sequeida,"How to web scrape with Python | Scraping websites with Python Requests, Beautiful Soup, and Selenium",https://www.youtube.com/watch?v=dBs_RGOCqSc,Web Scraping & Automation (Web Scraping & Automation),1068,2021-08-10,05:44,344,-71.7,-87.0,-51.74,,
skills4u,"Python for Data Science - Introducing libraries Pandas, Numpy, Metplotlib | Part 2",https://www.youtube.com/watch?v=lT4Vcxz01w4,"Control Flow & Loops (Control Flow & Loops, Data Science)",925,2025-08-09,41:41,2501,-32.68,-2.9,28.62,,
Neroplus IT,Web Scraping Tables with Python Series - Selenium | Beautiful Soup | API Scraping [Part 2/9],https://www.youtube.com/watch?v=Osh-e-3pcnI,"Web Scraping & Automation (Web Scraping & Automation, Web Backend)",905,2022-08-10,29:11,1751,-92.7,-45.31,-76.23,,
Deepagi Academy,"Python Selenium - Web Scraping, Bots & Testing",https://www.youtube.com/watch?v=AKHa-0Kvp-k,"Machine Learning (Machine Learning, Web Scraping & Automation)",852,2021-08-10,01:08:15,4095,0.86,53.57,-118.25,,
Andreas Jud,FastAPI vs Django: Which web framework to choose?,https://www.youtube.com/watch?v=KZMcOOf3G-g,Web Backend (Web Backend),831,2026-07-26,17:18,1038,-89.05,-60.68,6.44,,
Hackr,Python Tutorial Review: Programming with Mosh,https://www.youtube.com/watch?v=8S6i_pzBww0,Beginner Guides (Beginner Guides),587,2025-08-09,03:37,217,60.55,-6.99,24.47,,
Code with SJ,Live Data in FastAPI 3 | Django vs FastAPI (Part 3),https://www.youtube.com/watch?v=UA3IvRvawUc,Web Backend (Web Backend),475,2023-08-10,20:25,1225,-83.78,-73.05,18.9,,
Innovations,Python - A Level Computer Science (9618) - Object Oriented Programming (OOP),https://www.youtube.com/watch?v=-cXxuN9J06Q,"Beginner Guides (Beginner Guides, OOP Programming)",387,2026-02-10,12:10,730,20.99,-85.98,83.43,,
Lords Institute of Engineering and Technology,NumPy and Pandas Tutorial for Beginners | Python Data Analysis Basics,https://www.youtube.com/watch?v=aFYuFMSvhj4,"Beginner Guides (Beginner Guides, Data Science)",370,2026-02-10,21:55,1315,-38.68,44.4,69.25,,
Coding Analytics,Web Scraping Masterclass |  Selenium + BeautifulSoup | Meesho Complete Web Scraping | Full Project,https://www.youtube.com/watch?v=xi0EnW6tTCU,Web Scraping & Automation (Web Scraping & Automation),301,2026-05-11,04:08:43,14923,-35.49,-69.76,-54.66,,
Coding Codes,Python #55 - Arrays [By Mosh Hamedani],https://www.youtube.com/watch?v=YmcF-51almU,Beginner Guides (Beginner Guides),291,2024-08-09,03:11,191,71.8,10.25,44.28,,
Wireless Communication Essentials,Python Web Scraping for YouTube| Selenium| BeautifulSoup| Dynamic Web Scraping,https://www.youtube.com/watch?v=oqT7lqj9zQg,Web Scraping & Automation (Web Scraping & Automation),289,2020-08-10,16:36,996,-38.14,-59.72,-38.55,,
Michigan Python,Webscraping & Browser Control with BeautifulSoup and Selenium,https://www.youtube.com/watch?v=tIxIDpd_z-A,"Beginner Guides (Beginner Guides, Web Scraping & Automation)",245,2022-08-10,59:00,3540,-44.41,-120.0,-38.31,,
Passion Learning,4 Loading Selenium Page Source into BeautifulSoup,https://www.youtube.com/watch?v=rN7eNnQ3UK4,Web Scraping & Automation (Web Scraping & Automation),214,2022-08-10,12:37,757,-27.59,-58.37,-68.29,,
Comjae Kim,"Lecture 4. Web Scraping with Python(BeautifulSoup, requests, Selenium)",https://www.youtube.com/watch?v=ur_kIjbrqbo,"Beginner Guides (Beginner Guides, Web Scraping & Automation)",202,2025-08-09,31:29,1889,-46.66,-102.77,-30.77,,
mohamed eid,Effortless Web Scraping with Python: Selenium & Beautiful Soup Tutorial,https://www.youtube.com/watch?v=rlcEjJKtrgc,Web Scraping & Automation (Web Scraping & Automation),180,2024-08-09,04:06,246,-67.64,-76.81,-66.97,,
Coding Codes,Python #113 - Publishing Packages [By Mosh Hamedani],https://www.youtube.com/watch?v=F9pnOJRu1ek,Beginner Guides (Beginner Guides),178,2024-08-09,08:23,503,61.94,2.87,46.59,,
a thing or two,Web Scraping with Selenium & BeautifulSoup,https://www.youtube.com/watch?v=C4oW_MCzmSg,Web Scraping & Automation (Web Scraping & Automation),141,2020-08-10,17:21,1041,-45.65,-55.61,-56.11,,
Group Learners,Understand BeautifulSoup and Selenium for web Scraping,https://www.youtube.com/watch?v=rkflYRIFvZ4,Web Scraping & Automation (Web Scraping & Automation),138,2024-08-09,06:03,363,-44.87,-65.32,-70.57,,
ITFO,Top Five Python Libraries for Web Development|Django|Bottle|Flask|FastAPI|Pyramid|ITFO,https://www.youtube.com/watch?v=M53sYzHoKdE,Web Backend (Web Backend),131,2024-08-09,01:41,101,-90.19,-37.3,21.63,,
Tisfoulla Academy,FastAPI Tutorial #1 - What is FastAPI? Installation & First App [2026],https://www.youtube.com/watch?v=C8rkj_HVPzI,Web Backend (Web Backend),126,2026-08-01,14:49,889,-76.33,-87.07,29.4,,
Coding Codes,Python #19 - Useful String Methods [By Mosh Hamedani],https://www.youtube.com/watch?v=3c-IA4989uw,OOP Programming (OOP Programming),121,2024-08-09,03:21,201,8.66,-9.67,89.71,,
The Unemployed Geek,Web Scraping Using Selenium | Python | BeautifulSoup | requests,https://www.youtube.com/watch?v=90s5Qmkl-Cw,Web Scraping & Automation (Web Scraping & Automation),119,2025-08-09,08:46,526,-57.87,-39.85,-59.51,,
Mohit Decodes,Flask Tutorial #1 - Introduction | What is Flask?,https://www.youtube.com/watch?v=tSbpj2nV7Y4,"Beginner Guides (Beginner Guides, Web Backend)",101,2023-06-15,07:15,435,-115.02,-6.5,0.69,,
FusionStack,Selenium vs BeautifulSoup: Best Tool for Web Scraping in 2025? (Speed + Use Case),https://www.youtube.com/watch?v=Txo1REdmZH8,Web Scraping & Automation (Web Scraping & Automation),100,2025-09-13,08:20,500,-55.66,-46.44,-35.35,,
Tech Hub,"Web Scraping with Python 2025: BeautifulSoup, Selenium & Data Extraction Complete Tutorial",https://www.youtube.com/watch?v=8TBhr7tDGrg,"Beginner Guides (Beginner Guides, Web Scraping & Automation)",98,2025-11-12,07:58,478,-39.48,-103.06,-42.62,,
Engineering Devotion,"7c - ""Introduction to NumPy and Pandas: Foundations of Data Science in Python"" with Vaibhav",https://www.youtube.com/watch?v=GBgYXU2vGVg,"Beginner Guides (Beginner Guides, Data Science)",92,2024-08-09,08:56,536,-75.91,45.05,49.93,,
InfoDruids,FastAPI vs Flask vs Django | Best Python Web Framework for Your Project Explained!,https://www.youtube.com/watch?v=0kSZm9c_daM,Web Backend (Web Backend),89,2025-08-09,04:08,248,-109.91,-61.11,-2.23,,
Tech learner🫆,02  NumPy tutorial  for beginners | Python NumPy Tutorial for Beginners - Data Science,https://www.youtube.com/watch?v=q46NvUGipM0,Data Science (Data Science),80,2025-08-09,01:06:28,3988,-7.6,54.15,56.22,,
ObaCodes,Flask vs Django vs FastAPI — Which Python Framework Should You Learn in 2025?,https://www.youtube.com/watch?v=zqx3C-2PGEY,Web Backend (Web Backend),74,2025-08-09,07:28,448,-101.06,-78.6,2.55,,
TechBlim,"Python Data Science Tutorial | Basic Statistics with Numpy, Pandas, Seaborn and Matplotlib",https://www.youtube.com/watch?v=KfKgRbDK9Ao,"Beginner Guides (Beginner Guides, Data Science)",70,2020-08-10,15:42,942,-37.3,71.8,66.33,,
Learning Pines,FastAPI vs Django vs Flask - Which Is Better?,https://www.youtube.com/watch?v=M2ETtqrC2lg,Web Backend (Web Backend),61,2025-10-13,02:02,122,-109.32,-70.52,30.87,,
TechSpire4U,Why FastAPI is the Future of Python Web Frameworks (vs Django & Flask),https://www.youtube.com/watch?v=ecObQFA22Z0,Web Backend (Web Backend),57,2025-09-13,06:37,397,-95.04,-55.62,24.12,,
H Learning Fun,FastAPI Key Features That Make It FASTER Than Django & Flask!,https://www.youtube.com/watch?v=0cuyTj0ru5I,Web Backend (Web Backend),57,2025-08-09,02:54,174,-99.21,-68.03,53.51,,
Doan Thien Khanh,"Web Scraping with Python: BeautifulSoup, Requests & Selenium - learn Python",https://www.youtube.com/watch?v=8KrrIQYFywg,Web Scraping & Automation (Web Scraping & Automation),47,2021-08-10,04:23,263,-42.91,-35.23,-61.09,,
Lucca and Miguel - Tutorials,FastAPI vs Django REST Framework - 2025 Comparison,https://www.youtube.com/watch?v=ghoInSN1Uug,Web Backend (Web Backend),41,2025-10-13,02:24,144,-83.71,-85.09,4.06,,
Codr,FastAPI in 2 Minutes — Why Developers Are Switching From Flask & Django,https://www.youtube.com/watch?v=16TZyES38Ic,Web Backend (Web Backend),38,2026-05-11,03:08,188,-83.51,-47.33,34.86,,
codewithhassann,Clean Your Messy Downloads Folder Instantly with Python Automation,https://www.youtube.com/watch?v=9uRU_wo2G4M,Web Scraping & Automation (Web Scraping & Automation),37,2026-08-02,03:20,200,-43.29,-52.18,-93.76,,
Joshyvibe,FastAPI Tutorial for Beginners – Build a REST API in 15 Minutes,https://www.youtube.com/watch?v=zd0xIMd3nFg,Web Backend (Web Backend),35,2026-07-26,15:48,948,-66.0,-35.68,44.83,,
FusionStack,Python Selenium Tutorial | CSS Selectors + Dynamic Web Scraping Explained,https://www.youtube.com/watch?v=PIZHH6Njo7g,"Beginner Guides (Beginner Guides, Web Scraping & Automation)",33,2026-06-10,06:18,378,-27.71,-100.52,-29.95,,
Parseboi Crawli,Selenium + BeautifulSoup: The Ultimate Web Scraping Combo,https://www.youtube.com/watch?v=YaVI73qiuug,Web Scraping & Automation (Web Scraping & Automation),20,2025-11-12,07:03,423,-30.92,-49.1,-53.46,,
10 days of Python with AI,Day 5 Web Scraping with Beautiful Soup & Selenium,https://www.youtube.com/watch?v=E9r8UliME-0,Web Scraping & Automation (Web Scraping & Automation),19,2025-08-09,13:05,785,-55.58,-86.34,-72.49,,
Free Science,Python Object Oriented Programming (Part5),https://www.youtube.com/watch?v=1l5uQ6PJid8,OOP Programming (OOP Programming),6,2026-08-05,37:05,2225,7.65,-25.07,69.27,,
kemalcodes,Python Tutorial #25: Python Automation Script — Real-World Python,https://www.youtube.com/watch?v=BaJBJS4JapU,Web Scraping & Automation (Web Scraping & Automation),0,2026-07-26,02:22,142,-35.93,-31.84,-88.37,,
