autor,titulo,enlace,categoria_descriptores,vistas_reales,fecha_publicacion,duracion,duracion_segundos,latent_x,latent_y,latent_z,categoria_principal,tags
kishimisu,An introduction to Shader Art Coding,https://www.youtube.com/watch?v=f4s1h2YETNY,"Beginner Guides (Beginner Guides, Generative Art, GLSL & Shader Programming)",1277578,2023-08-10,22:39,1359,-30.46,-5.9,-65.17,,
FX Projections,Projection Mapping Tutorial,https://www.youtube.com/watch?v=B9lpe_RQxYg,Projection Mapping (Projection Mapping),410541,2023-08-10,03:48,228,-8.82,104.02,23.11,,
TouchDesigner,Introduction to TouchDesigner - Ben Voigt,https://www.youtube.com/watch?v=wmM1lCWtn6o,Beginner Guides (Beginner Guides),373149,2018-08-11,03:51:49,13909,37.77,6.72,-14.67,,
Okamirufu Vizualizer,"What is TouchDesigner: A Simple Explanation for Visual, Interactive and Multimedia Creators",https://www.youtube.com/watch?v=Y0xZzuYS2YI,Beginner Guides (Beginner Guides),372096,2024-08-09,06:02,362,44.79,8.62,-32.5,,
Motion by Nick (Nick Greenawalt),Learn VIRAL projection mapping in 10 minutes (beginner),https://www.youtube.com/watch?v=BCKEYrCfvHs,"Beginner Guides (Beginner Guides, Core Fundamentals, GLSL & Shader Programming, Projection Mapping, Python Scripting & System)",321354,2026-01-11,13:49,829,8.88,86.04,4.13,,
Luma Box,After Effects Projection Mapping Beginner's Tutorial,https://www.youtube.com/watch?v=X6CYgIHuof8,"Beginner Guides (Beginner Guides, Projection Mapping, 3D & Geometry (SOPs))",302826,2020-08-10,07:39,459,8.02,86.95,22.57,,
bileam tschepe (elekktronaut),00 – Introduction – TouchDesigner Beginner Course,https://www.youtube.com/watch?v=Z_WfldiO6HI,"Beginner Guides (Beginner Guides, Core Fundamentals)",296557,2020-08-10,07:34,454,52.81,-49.91,48.51,,
株式会社レクストライブ,Audio Curtain　Touch Designer,https://www.youtube.com/watch?v=uP1emkHLoTM,Audio Reactivity (Audio Reactivity),280886,2020-08-10,00:33,33,48.71,-94.05,-57.09,,
MoltenArt,Digital interactive wall by design studio Büro Achter April,https://www.youtube.com/watch?v=G2ptGCwDkVE,Beginner Guides (Beginner Guides),275226,2022-08-10,00:27,27,81.69,25.58,-42.02,,
bileam tschepe (elekktronaut),"Make Anything Audio Reactive – TouchDesigner Tips, Tricks and FAQs 12",https://www.youtube.com/watch?v=rGoCbVmGtPE,Audio Reactivity (Audio Reactivity),262291,2021-08-10,32:09,1929,61.81,-95.01,-60.37,,
The Interactive & Immersive HQ,00 - Introduction - TouchDesigner Tutorial: Beginner Crash Course,https://www.youtube.com/watch?v=g20Qwg8gMBE,"Beginner Guides (Beginner Guides, Core Fundamentals)",261492,2022-08-10,01:12,72,52.46,-51.38,48.69,,
PPPANIK,BLOB TRACK INSTANCING (AUDIOREACTIVE) - TOUCHDESIGNER TUTORIAL,https://www.youtube.com/watch?v=gtP1Ae35RqY,Point Clouds & Instancing (Point Clouds & Instancing),218552,2024-08-09,01:07:55,4075,-98.31,-18.55,51.07,,
Acrylicode,Absolute Beginner TouchDesigner | From Zero to Hero with Examples and Assignments,https://www.youtube.com/watch?v=qbupHTeJCeU,Beginner Guides (Beginner Guides),211993,2022-08-10,02:10:19,7819,80.49,-0.93,-8.05,,
supermarket sallad,Pointclouds (without lidar) Tutorial | TouchDesigner,https://www.youtube.com/watch?v=FJt2-SSMT0w,Beginner Guides (Beginner Guides),211844,2024-08-09,13:56,836,87.08,14.93,18.67,,
bileam tschepe (elekktronaut),01 – About TouchDesigner – TouchDesigner Beginner Course,https://www.youtube.com/watch?v=u2Jr060p8dY,"Beginner Guides (Beginner Guides, Core Fundamentals)",208594,2020-08-10,06:34,394,51.45,-53.25,32.09,,
bileam tschepe (elekktronaut),Interactive Particles – TouchDesigner + Kinect Tutorial 1,https://www.youtube.com/watch?v=GDZoOnzLYGo,"Point Clouds & Instancing (Point Clouds & Instancing, Sensors & Tracking)",206800,2021-08-10,26:02,1562,-98.91,-46.65,55.65,,
Function Store,Interactive Particles using particlesGpu in #touchdesigner,https://www.youtube.com/watch?v=NnrWjQ_zO-s,"Point Clouds & Instancing (Point Clouds & Instancing, Sensors & Tracking)",200849,2023-08-10,31:33,1893,-93.6,-45.48,52.75,,
TouchDesigner,3D Projection Mapping Workflow - Richard Burns,https://www.youtube.com/watch?v=RmnhU6BHTXY,"Projection Mapping (Projection Mapping, 3D & Geometry (SOPs))",200719,2020-08-10,03:27:27,12447,-12.34,94.95,28.2,,
Acrylicode,Audio-reactive psychedelic visuals | TouchDesigner Beginner Tutorial,https://www.youtube.com/watch?v=Mt2hwb5cngA,"Beginner Guides (Beginner Guides, Generative Art, Audio Reactivity)",200598,2023-08-10,18:35,1115,25.17,-54.5,-17.97,,
Acrylicode,TouchDesigner Beginner Tutorial 1,https://www.youtube.com/watch?v=pcI9PuU9O_c,Beginner Guides (Beginner Guides),184194,2022-08-10,06:23,383,79.0,-2.17,-16.5,,
Lucinda Dilworth,Projection mapping setup,https://www.youtube.com/watch?v=fKPsgA8qW4s,"Beginner Guides (Beginner Guides, Projection Mapping)",174124,2024-08-09,05:57,357,13.05,89.13,17.87,,
Alexander Miller,"How we made an interactive, projection-mapped topographic installation",https://www.youtube.com/watch?v=07hiEtggHXw,Core Fundamentals (Core Fundamentals),164865,2018-08-11,02:40,160,-67.73,53.02,-16.16,,
Torin Blankensmith,"Free Motion Tracking plugin for TouchDesigner: Face, Hand, Pose Tracking with MediaPipe Plugin",https://www.youtube.com/watch?v=Cx4Ellaj6kk,Sensors & Tracking (Sensors & Tracking),162264,2024-08-09,29:16,1756,-51.85,-94.95,47.44,,
Xtal,pixelate [TOUCHDESIGNER TUTORIAL],https://www.youtube.com/watch?v=jMcEoCaGZi0,Beginner Guides (Beginner Guides),160792,2025-08-09,12:12,732,72.75,1.16,-18.76,,
supermarket sallad,Exploding Star - constraining a particle system to a sphere TOUCHDESIGNER TUTORIAL,https://www.youtube.com/watch?v=WS2Ww6zYgJw,Beginner Guides (Beginner Guides),159431,2024-08-09,14:47,887,88.96,-22.86,-19.97,,
bileam tschepe (elekktronaut),Audio Wheel – TouchDesigner Tutorial 1,https://www.youtube.com/watch?v=QPzYNAyxC70,Audio Reactivity (Audio Reactivity),158827,2019-08-11,18:04,1084,47.32,-102.79,-56.97,,
The Interactive & Immersive HQ,01 - Get Started & Downloads - TouchDesigner Tutorial: Beginner Crash Course,https://www.youtube.com/watch?v=JcbAaAqXvgc,"Beginner Guides (Beginner Guides, Core Fundamentals)",153708,2022-08-10,06:33,393,47.36,-55.08,36.06,,
eclipsys //,particlewave [audio-reactive touchdesigner tutorial 001],https://www.youtube.com/watch?v=ATLhkFcQZN0,Audio Reactivity (Audio Reactivity),150232,2024-08-09,14:35,875,54.39,-105.9,-45.75,,
Dean Cheesman,Trace and Blob Tracking Effect with TouchDesigner,https://www.youtube.com/watch?v=ioSVh06MySc,Sensors & Tracking (Sensors & Tracking),149622,2024-08-09,18:26,1106,-41.15,-99.42,62.04,,
supermarket sallad,Custom Interactive 3d Particle System TOUCHDESIGNER TUTORIAL,https://www.youtube.com/watch?v=NuIShUTg3nI,3D & Geometry (SOPs) (3D & Geometry (SOPs)),146288,2024-08-09,27:33,1653,-3.31,0.17,105.0,,
Daniel Steenhoff,Realtime White Visuals - TouchDesigner Tutorial (Beginner Friendly!),https://www.youtube.com/watch?v=8ABSC0gkJrU,"Beginner Guides (Beginner Guides, Generative Art)",145929,2024-08-09,05:42,342,19.57,-35.46,0.03,,
bileam tschepe (elekktronaut),Exporting – TouchDesigner Quick Tip 1,https://www.youtube.com/watch?v=G01ZRJpkDCA,Beginner Guides (Beginner Guides),144662,2022-08-10,03:31,211,103.75,34.14,20.0,,
Acrylicode,Audio reactive visuals | TouchDesigner Tutorial,https://www.youtube.com/watch?v=G4wyR-Nxyzo,"Generative Art (Generative Art, Audio Reactivity)",136875,2023-08-10,13:42,822,-18.82,-62.25,-34.89,,
supermarket sallad,Deconstructing Sculptures - Pointclouds and 3d-models TOUCHDESIGNER TUTORIAL,https://www.youtube.com/watch?v=ruHVM5KZjB8,3D & Geometry (SOPs) (3D & Geometry (SOPs)),134478,2024-08-09,29:32,1772,-8.2,-5.58,100.49,,
DeRe,[BeginnerFriendly] Touchdesigner Tutorial01: Fluffy The Noise,https://www.youtube.com/watch?v=6szCrmdyoAw,"Beginner Guides (Beginner Guides, Generative Art)",133021,2023-08-10,06:45,405,13.84,-35.46,1.12,,
bileam tschepe (elekktronaut),Aurora Audio Spectrum – TouchDesigner Tutorial 2,https://www.youtube.com/watch?v=NJE48IVzNVc,"Generative Art (Generative Art, Audio Reactivity, Point Clouds & Instancing)",132746,2019-08-11,17:31,1051,-23.2,-64.72,-23.57,,
bileam tschepe (elekktronaut),Sonic Flowers – TouchDesigner x StableDiffusion Tutorial 1,https://www.youtube.com/watch?v=4wpn_3JNaIc,Beginner Guides (Beginner Guides),129324,2023-08-10,43:57,2637,65.41,-11.08,-12.22,,
Xtal,Blob Track [TOUCHDESIGNER TUTORIAL],https://www.youtube.com/watch?v=pegsP5VoQIA,Beginner Guides (Beginner Guides),124038,2025-08-09,38:00,2280,76.69,7.88,-31.99,,
Torin Blankensmith,Hand Tracking in TouchDesigner - Master Class Part 1,https://www.youtube.com/watch?v=e2FtkufeErY,Sensors & Tracking (Sensors & Tracking),123327,2025-08-09,17:09,1029,-49.08,-99.95,55.35,,
PPPANIK,AUDIOREACTIVE PSEUDO-DATA-GRAPH DISPLACEMENT - TOUCHDESIGNER TUTORIAL,https://www.youtube.com/watch?v=gWusA464neI,Beginner Guides (Beginner Guides),120785,2024-08-09,56:46,3406,97.86,-2.48,-37.53,,
bileam tschepe (elekktronaut),Line MAT Structures – TouchDesigner Tutorial 20,https://www.youtube.com/watch?v=BZR1f2YqFVs,"Beginner Guides (Beginner Guides, Core Fundamentals)",119046,2020-08-10,16:15,975,75.64,-39.81,25.94,,
bileam tschepe (elekktronaut),03 – The Interface – TouchDesigner Beginner Course,https://www.youtube.com/watch?v=xtp1CLzWRUk,"Beginner Guides (Beginner Guides, Core Fundamentals)",113434,2020-08-10,13:03,783,58.2,-70.01,35.39,,
Torin Blankensmith,Audio-Reactive Visuals in TouchDesigner,https://www.youtube.com/watch?v=R7sAomk2vR4,"Generative Art (Generative Art, Audio Reactivity)",108457,2022-08-10,21:44,1304,-18.68,-61.75,-35.16,,
supermarket sallad,"Collapsing Noise - Particles, Instancing, Audio-Reactive TOUCHDESIGNER TUTORIAL",https://www.youtube.com/watch?v=qLebV9rjqb4,"Generative Art (Generative Art, Audio Reactivity, Point Clouds & Instancing)",108073,2025-08-09,23:01,1381,-22.32,-63.73,-22.61,,
CutMod,TouchDesigner Kinect TOP Tutorial 1 (uncut recording),https://www.youtube.com/watch?v=r-EOtQhdJxg,"Core Fundamentals (Core Fundamentals, Audio Reactivity, Sensors & Tracking)",107258,2017-08-11,37:10,2230,-67.06,19.76,-12.46,,
bileam tschepe (elekktronaut),Audioreactive Particle Cloud (new) – TouchDesigner Tutorial 65,https://www.youtube.com/watch?v=olhePB-r7I4,Beginner Guides (Beginner Guides),104296,2023-08-10,16:24,984,94.64,-16.76,-32.21,,
bileam tschepe (elekktronaut),Abstract 3D Sculpture – TouchDesigner Tutorial 43,https://www.youtube.com/watch?v=heNlC53o40s,"Core Fundamentals (Core Fundamentals, Generative Art, 3D & Geometry (SOPs), Point Clouds & Instancing)",103543,2022-08-10,28:17,1697,-93.42,47.62,9.85,,
supermarket sallad,Particle Clouds and Pseudo-Plexus TOUCHDESIGNER TUTORIAL,https://www.youtube.com/watch?v=ZgYxo6o-o9s,"Core Fundamentals (Core Fundamentals, Generative Art)",102800,2024-08-09,13:37,817,-103.58,32.01,-0.88,,
bileam tschepe (elekktronaut),Particle Paths – TouchDesigner Tutorial 64,https://www.youtube.com/watch?v=JeRPGeYBwXo,Beginner Guides (Beginner Guides),102645,2023-08-10,23:48,1428,83.03,-18.93,-22.34,,
bileam tschepe (elekktronaut),Simple Motion Visualisation – TouchDesigner Tutorial 55,https://www.youtube.com/watch?v=QGuquFiInqY,Sensors & Tracking (Sensors & Tracking),102219,2022-08-10,22:29,1349,-59.15,-103.68,50.25,,
bileam tschepe (elekktronaut),Collages – TouchDesigner Tutorial 52,https://www.youtube.com/watch?v=jDYtJ1HyJ8U,"Core Fundamentals (Core Fundamentals, Point Clouds & Instancing)",101061,2022-08-10,26:24,1584,-67.35,40.54,4.34,,
PPPANIK,TOUCHDESIGNER TUTORIAL - TURN ANY IMAGE INTO WATERCOLOR PAINTING,https://www.youtube.com/watch?v=9ynL-JckDkY,Beginner Guides (Beginner Guides),100103,2021-08-10,14:38,878,71.48,-11.49,-37.88,,
anya maryina,Animated .fbx into Particles | TouchDesigner Tutorial,https://www.youtube.com/watch?v=NGL1BNI-mgM,"Beginner Guides (Beginner Guides, Point Clouds & Instancing)",99446,2024-08-09,10:48,648,6.41,-3.47,33.97,,
Alvie Starr (森 大地),Interactive Fluid Simulation - TouchDesigner + Kinect,https://www.youtube.com/watch?v=PaJhKxqBh9o,Sensors & Tracking (Sensors & Tracking),99389,2023-08-10,00:18,18,-65.07,-100.39,64.85,,
The Interactive & Immersive HQ,03 - Creating Operators - TouchDesigner Tutorial: Beginner Crash Course,https://www.youtube.com/watch?v=W6hqZStsWKE,"Beginner Guides (Beginner Guides, Core Fundamentals)",99144,2022-08-10,02:37,157,57.37,-66.81,42.17,,
bileam tschepe (elekktronaut),Basic Setup – TouchDesigner + Ableton Tutorial 1,https://www.youtube.com/watch?v=8fBo5oFZPck,Beginner Guides (Beginner Guides),96617,2020-08-10,06:04,364,39.53,10.07,2.75,,
noones img,Morphing between objects - Instancing (Touchdesigner tutorial),https://www.youtube.com/watch?v=2EwQSCZ0Hs8,"Core Fundamentals (Core Fundamentals, Point Clouds & Instancing)",96227,2021-08-10,02:23,143,-66.93,40.17,5.81,,
supermarket sallad,Flowy flowers with Particles GPU - TOUCHDESIGNER TUTORIAL,https://www.youtube.com/watch?v=2RZsU1ZXQ0w,Point Clouds & Instancing (Point Clouds & Instancing),94168,2024-08-09,16:53,1013,-106.28,-30.37,46.24,,
bileam tschepe (elekktronaut),Image Instancing – TouchDesigner Tutorial 26,https://www.youtube.com/watch?v=dCWUiyBYeho,"Core Fundamentals (Core Fundamentals, 3D & Geometry (SOPs), Point Clouds & Instancing)",94165,2021-08-10,26:31,1591,-74.84,46.93,14.79,,
Daniel Steenhoff,Abstract Fluid Simulation - TouchDesigner Tutorial (beginner friendly),https://www.youtube.com/watch?v=e7K_UX7KUzw,"Beginner Guides (Beginner Guides, Generative Art)",92545,2024-08-09,04:56,296,21.47,-31.89,-0.5,,
nicholaspjm,Wispy Real Time PointClouds - Touchdesigner Tutorial,https://www.youtube.com/watch?v=ZRNM_OUTh2A,Beginner Guides (Beginner Guides),90872,2025-08-09,22:25,1345,80.35,7.95,24.19,,
Okamirufu Vizualizer,Audio Reactive Visuals With TouchDesigner: A Beginner Tutorial for Visual & Music Creators,https://www.youtube.com/watch?v=dkWwZ1CryYo,"Beginner Guides (Beginner Guides, Core Fundamentals, Generative Art, Audio Reactivity)",90590,2024-08-09,23:50,1430,27.43,-54.37,-15.32,,
Pao Olea,[TD Drop #01] Stars - TouchDesigner Tutorial,https://www.youtube.com/watch?v=WCPv27M_LLE,Core Fundamentals (Core Fundamentals),87913,2023-08-10,14:55,895,-79.81,62.68,-23.2,,
nicholaspjm,Image & Video to 3D PointCloud in Touchdesigner Tutorial,https://www.youtube.com/watch?v=3xNk2FgFKiM,3D & Geometry (SOPs) (3D & Geometry (SOPs)),86600,2025-08-09,27:11,1631,-6.24,9.93,103.91,,
Okamirufu Vizualizer,TouchDesigner Tutorial: Video to ParticlesGPU - Turn Any Video into Organic Particles,https://www.youtube.com/watch?v=hrxn_ouFyV0,"Core Fundamentals (Core Fundamentals, Point Clouds & Instancing)",85331,2025-08-09,08:35,515,-59.1,36.01,12.92,,
pwnisher,How I Create Audio-Reactive Art | Touch Designer Crash Course,https://www.youtube.com/watch?v=12J2XH2UxDc,"Core Fundamentals (Core Fundamentals, Generative Art, Audio Reactivity)",85284,2025-09-13,48:31,2911,-101.63,24.75,-12.85,,
bileam tschepe (elekktronaut),08.01 – TOPs Part 1 – TouchDesigner Beginner Course,https://www.youtube.com/watch?v=gVAPBqdUcgs,"Beginner Guides (Beginner Guides, Core Fundamentals)",84834,2020-08-10,26:48,1608,44.78,-49.24,28.76,,
The Interactive & Immersive HQ,Projection Mapping Tools in TouchDesigner - TouchDesigner Tutorial 046,https://www.youtube.com/watch?v=mTH7ZB4x47Q,Projection Mapping (Projection Mapping),83931,2021-08-10,09:58,598,-10.82,100.75,17.76,,
noones img,Superfast 3d mapping (touchdesigner tutorial),https://www.youtube.com/watch?v=chLpe-Il-6A,"Core Fundamentals (Core Fundamentals, Projection Mapping, 3D & Geometry (SOPs))",82983,2021-08-10,03:19,199,-64.37,80.71,8.9,,
bileam tschepe (elekktronaut),"Perform Mode / Projector Setup – TouchDesigner Tips, Tricks & FAQs 15",https://www.youtube.com/watch?v=UBmTkOCovus,"Beginner Guides (Beginner Guides, Projection Mapping)",81942,2022-08-10,12:38,758,20.64,81.77,18.13,,
bileam tschepe (elekktronaut),Abstract Speech Visualisation – TouchDesigner Tutorial 45,https://www.youtube.com/watch?v=1FgJ842dyr4,"Generative Art (Generative Art, Audio Reactivity)",80509,2022-08-10,17:49,1069,-24.91,-71.13,-35.13,,
bileam tschepe (elekktronaut),04 – Operator Families – TouchDesigner Beginner Course,https://www.youtube.com/watch?v=oIFFuoeZMIE,"Beginner Guides (Beginner Guides, Core Fundamentals)",78272,2020-08-10,10:57,657,69.98,-53.57,37.83,,
bileam tschepe (elekktronaut),Generative Shapes – TouchDesigner Tutorial 51,https://www.youtube.com/watch?v=vzi-ktOsxJo,"Generative Art (Generative Art, Point Clouds & Instancing)",78190,2022-08-10,21:18,1278,-38.59,-61.95,-23.88,,
bileam tschepe (elekktronaut),Circuit Bending – TouchDesigner Tutorial 42,https://www.youtube.com/watch?v=mAp_wxuuw_U,Beginner Guides (Beginner Guides),77771,2021-08-10,19:10,1150,90.07,7.94,-25.03,,
Alvie Starr (森 大地),Something Scintillant - TouchDesigner,https://www.youtube.com/watch?v=_AuGX_TBDnI,Beginner Guides (Beginner Guides),75402,2022-08-10,00:26,26,72.84,0.87,-10.05,,
bileam tschepe (elekktronaut),02 – Download and Updates – TouchDesigner Beginner Course,https://www.youtube.com/watch?v=F-Gma6_Xj8E,"Beginner Guides (Beginner Guides, Core Fundamentals)",75358,2020-08-10,03:03,183,57.41,-55.31,21.22,,
Outsanda,Hand attracted particles - touchdesigner tutorial,https://www.youtube.com/watch?v=0agyZ8gVZ1E,"Core Fundamentals (Core Fundamentals, 3D & Geometry (SOPs), Point Clouds & Instancing, Sensors & Tracking)",75090,2023-08-10,06:53,413,-78.84,35.83,16.11,,
The Interactive & Immersive HQ,Generative Geometric Design in TouchDesigner - TouchDesigner Tutorial 020,https://www.youtube.com/watch?v=coS_lvjnD4w,"Core Fundamentals (Core Fundamentals, Generative Art)",74698,2021-08-10,20:45,1245,-104.97,35.97,-5.15,,
TouchDesigner,Intro to TouchDesigner for Pixel Mapping - Ben Voigt and Markus Heckmann,https://www.youtube.com/watch?v=ShYYcr30vJw,"Beginner Guides (Beginner Guides, Projection Mapping)",74500,2018-08-11,01:45:15,6315,19.43,95.89,16.32,,
bileam tschepe (elekktronaut),Particle Image Reveal – TouchDesigner Tutorial 3,https://www.youtube.com/watch?v=RbBzdBTLOvg,Beginner Guides (Beginner Guides),74427,2019-08-11,11:38,698,78.23,-15.83,-28.15,,
Benjamin Carrier,Tracking motion without a Kinect - Quick Tips TouchDesigner EN,https://www.youtube.com/watch?v=HIn2IBBhxXk,"3D & Geometry (SOPs) (3D & Geometry (SOPs), Sensors & Tracking)",73573,2020-08-10,05:16,316,-16.04,-26.12,107.57,,
The Interactive & Immersive HQ,07 - Operator Basics - TouchDesigner Tutorial: Beginner Crash Course,https://www.youtube.com/watch?v=w5X41zgrYXk,"Beginner Guides (Beginner Guides, Core Fundamentals)",73538,2022-08-10,11:39,699,68.51,-56.87,46.65,,
bileam tschepe (elekktronaut),05 – Operators – TouchDesigner Beginner Course,https://www.youtube.com/watch?v=OJl6n9an8hA,"Beginner Guides (Beginner Guides, Core Fundamentals)",72169,2020-08-10,17:28,1048,58.35,-47.53,35.82,,
Maurizio Orlando,Touchdesigner - Kinect - Psychedelic shape in 5 minutes (tutorial),https://www.youtube.com/watch?v=PNr_owSi50o,Sensors & Tracking (Sensors & Tracking),71797,2020-08-10,06:39,399,-46.95,-107.25,70.99,,
bileam tschepe (elekktronaut),Organic Growth – TouchDesigner Tutorial 25,https://www.youtube.com/watch?v=BKiK9G53WOw,"Beginner Guides (Beginner Guides, Generative Art)",71534,2021-08-10,16:56,1016,13.81,-35.51,1.16,,
bileam tschepe (elekktronaut),16 – Instancing – TouchDesigner Beginner Course,https://www.youtube.com/watch?v=rYet0SwTYa0,"Beginner Guides (Beginner Guides, Core Fundamentals, 3D & Geometry (SOPs), Point Clouds & Instancing)",71134,2020-08-10,33:03,1983,2.07,-19.26,47.26,,
bileam tschepe (elekktronaut),08.02 – TOPs Part 2 – TouchDesigner Beginner Course,https://www.youtube.com/watch?v=DzD2ilLO-9Q,"Beginner Guides (Beginner Guides, Core Fundamentals, Generative Art)",70868,2020-08-10,26:45,1605,29.97,-45.27,11.4,,
bileam tschepe (elekktronaut),Descending Feedback – TouchDesigner Tutorial 68,https://www.youtube.com/watch?v=_DmFzN_FhGY,Generative Art (Generative Art),70721,2024-08-09,17:52,1072,-39.16,-69.41,-38.05,,
bileam tschepe (elekktronaut),Fractals – TouchDesigner Tutorial 38,https://www.youtube.com/watch?v=h6U-RVpG5X8,Generative Art (Generative Art),69861,2021-08-10,08:25,505,-47.53,-59.73,-32.58,,
Function Store,Directional Motion Detection and Tracking using Webcam in TouchDesigner #touchdesigner #tutorial,https://www.youtube.com/watch?v=ju4F1cGhE6Q,Sensors & Tracking (Sensors & Tracking),65617,2023-08-10,15:41,941,-50.6,-107.94,49.96,,
anya maryina,Interactive Particles with Slamtec LiDAR | TouchDesigner Tutorial (Part I),https://www.youtube.com/watch?v=Jz-irdEYUZM,"Generative Art (Generative Art, Point Clouds & Instancing)",64648,2025-08-09,18:59,1139,-38.3,-66.76,-21.47,,
Xtal,Reimagining Digital Texture: Crafting Bitmap Artwork [TOUCHDESIGNER TUTORIAL],https://www.youtube.com/watch?v=m1D8jQT0d3c,Beginner Guides (Beginner Guides),64080,2025-08-09,14:14,854,77.27,25.42,-31.68,,
bileam tschepe (elekktronaut),Watercolors – TouchDesigner Tutorial 23,https://www.youtube.com/watch?v=0nI8V7XZ7yk,Generative Art (Generative Art),62972,2020-08-10,23:00,1380,-37.38,-62.83,-35.95,,
TouchDesigner,Intro to TouchDesigner for Projection Mapping - Elburz Sorkhabi,https://www.youtube.com/watch?v=1QyFy6aJM4U,"Beginner Guides (Beginner Guides, Projection Mapping)",62240,2018-08-11,01:24:04,5044,13.12,92.13,17.37,,
PPPANIK,INTERACTIVE PARTICLE WATERFALL - TOUCHDESIGNER TUTORIAL,https://www.youtube.com/watch?v=QcDv6i-bM9U,Beginner Guides (Beginner Guides),62149,2024-08-09,36:10,2170,77.37,-27.4,-21.91,,
The Interactive & Immersive HQ,06 - Hotkey Notes - TouchDesigner Tutorial: Beginner Crash Course,https://www.youtube.com/watch?v=5mkq2afnjHM,"Beginner Guides (Beginner Guides, Core Fundamentals)",62040,2022-08-10,01:52,112,54.39,-59.52,41.7,,
The Interactive & Immersive HQ,10 - Working with TOPs - TouchDesigner Tutorial: Beginner Crash Course,https://www.youtube.com/watch?v=xsXBO6JQVWU,"Beginner Guides (Beginner Guides, Core Fundamentals)",61886,2022-08-10,26:16,1576,41.1,-62.62,43.65,,
bileam tschepe (elekktronaut),Simple VHS Animations – TouchDesigner Tutorial 18,https://www.youtube.com/watch?v=WS4iZxoQT5s,Beginner Guides (Beginner Guides),61622,2020-08-10,41:19,2479,61.8,3.21,-28.35,,
Xtal,Transform Your Videos with  Unique Glitch Effects [TOUCHDESIGNER TUTORIAL],https://www.youtube.com/watch?v=UElVwlq1MjE,Beginner Guides (Beginner Guides),61222,2025-08-09,18:18,1098,100.27,32.36,-4.43,,
bileam tschepe (elekktronaut),Audio Analysis Deck – TouchDesigner Tutorial 33,https://www.youtube.com/watch?v=VwEoniNx5e8,Audio Reactivity (Audio Reactivity),60899,2021-08-10,45:54,2754,49.02,-105.27,-57.45,,
The Interactive & Immersive HQ,08 - Parameters & Operator Info - TouchDesigner Tutorial: Beginner Crash Course,https://www.youtube.com/watch?v=i8pZAhpowMo,"Beginner Guides (Beginner Guides, Core Fundamentals)",59976,2022-08-10,13:21,801,73.55,-64.33,39.69,,
bileam tschepe (elekktronaut),Image Stacking – TouchDesigner Tutorial 39,https://www.youtube.com/watch?v=kNCnyUaMZSg,Beginner Guides (Beginner Guides),59338,2021-08-10,25:39,1539,74.66,-9.72,-29.92,,
nicholaspjm,Particle Audio Displacement - Beginner Friendly Touchdesigner Tutorial,https://www.youtube.com/watch?v=HdDLYjSyyOo,"Beginner Guides (Beginner Guides, Audio Reactivity)",58610,2025-08-09,29:39,1779,49.55,-56.27,-26.8,,
PPPANIK,GENERATIVE ORGANIC STRUCTURE - TOUCHDESIGNER TUTORIAL,https://www.youtube.com/watch?v=cnIK7aGHf6o,Generative Art (Generative Art),57838,2024-08-09,39:14,2354,-49.94,-67.77,-32.63,,
The Interactive & Immersive HQ,11 - Working with CHOPs - TouchDesigner Tutorial: Beginner Crash Course,https://www.youtube.com/watch?v=Z3nFfb0F6y0,"Beginner Guides (Beginner Guides, Core Fundamentals)",57776,2022-08-10,20:37,1237,40.05,-64.01,42.94,,
bileam tschepe (elekktronaut),09.01 – CHOPs Part 1 – TouchDesigner Beginner Course,https://www.youtube.com/watch?v=OO_RUQ68q7A,"Beginner Guides (Beginner Guides, Core Fundamentals)",57186,2020-08-10,22:30,1350,46.98,-62.45,24.31,,
Outsanda,Hand tracking using mediapipe - touchdesigner tutorial,https://www.youtube.com/watch?v=vooxlhcVSTc,"Core Fundamentals (Core Fundamentals, Sensors & Tracking)",56770,2024-08-09,16:21,981,-71.49,14.83,-10.54,,
TouchDesigner,GLSL 101 Shaders for Everyone - VanTa,https://www.youtube.com/watch?v=QtrzuSFfsSo,GLSL & Shader Programming (GLSL & Shader Programming),55335,2020-08-10,02:48:21,10101,-58.69,16.64,-111.3,,
Acrylicode,TouchDesigner Beginner Tutorial II,https://www.youtube.com/watch?v=mCdKQtlXS_0,Beginner Guides (Beginner Guides),53833,2022-08-10,06:15,375,91.3,-16.21,1.92,,
Simon Alexander-Adams,Instancing Geometry in TouchDesigner,https://www.youtube.com/watch?v=BFG-FBKuJow,"Beginner Guides (Beginner Guides, Core Fundamentals, 3D & Geometry (SOPs), Point Clouds & Instancing)",53366,2019-08-11,28:03,1683,0.61,-18.41,46.56,,
bileam tschepe (elekktronaut),15 – Audio Overview – TouchDesigner Beginner Course,https://www.youtube.com/watch?v=_W_qOMhEnfI,"Beginner Guides (Beginner Guides, Core Fundamentals, Audio Reactivity)",53267,2020-08-10,23:22,1402,47.42,-58.91,-15.56,,
noones img,Basic particle system with GLSL TOP (Touchdesigner tutorial),https://www.youtube.com/watch?v=IDyDc3kAUzI,"Core Fundamentals (Core Fundamentals, GLSL & Shader Programming)",52751,2021-08-10,08:34,514,-70.13,34.48,-53.93,,
nicholaspjm,Audio Reactive Particles using Pops! - Touchdesigner Beginner Friendly Tutorial,https://www.youtube.com/watch?v=SlVoPnsQlbU,"Beginner Guides (Beginner Guides, Audio Reactivity, Point Clouds & Instancing)",51925,2026-01-11,36:10,2170,49.17,-55.95,-33.3,,
bileam tschepe (elekktronaut),Moving Through Shapes – TouchDesigner Tutorial 5,https://www.youtube.com/watch?v=uKrA3nZSK4k,"Core Fundamentals (Core Fundamentals, Point Clouds & Instancing)",51161,2019-08-11,12:29,749,-63.13,45.17,4.05,,
The Interactive & Immersive HQ,Generative Visuals with Particles & Kinect: TouchDesigner Tutorial 028,https://www.youtube.com/watch?v=mY7DavB0z2c,"Core Fundamentals (Core Fundamentals, Generative Art, Point Clouds & Instancing, Sensors & Tracking)",51158,2021-08-10,10:00,600,-85.28,25.02,5.39,,
PPPANIK,AUDIOREACTIVE LUMEN-PRINT - TOUCHDESIGNER TUTORIAL,https://www.youtube.com/watch?v=3sDCdwstSDc,Beginner Guides (Beginner Guides),50341,2023-08-10,54:10,3250,95.17,-4.76,-30.23,,
Noto The Talking Ball,Instancing Geometry with Mouse interactive in Touchdesigner (터치디자이너 튜토리얼 자막),https://www.youtube.com/watch?v=SJZIMGg-thY,"3D & Geometry (SOPs) (3D & Geometry (SOPs), Point Clouds & Instancing)",49681,2020-08-10,16:45,1005,-14.72,0.38,82.53,,
Noah Shipman,How to make audio prisms in TouchDesigner,https://www.youtube.com/watch?v=tZt1SQUZl6U,Audio Reactivity (Audio Reactivity),49440,2025-08-09,14:19,859,51.27,-99.86,-60.79,,
The Interactive & Immersive HQ,09 - TouchDesigner User Interface - TouchDesigner Tutorial: Beginner Crash Course,https://www.youtube.com/watch?v=V5A2cEpaD7o,"Beginner Guides (Beginner Guides, Core Fundamentals)",48565,2022-08-10,12:48,768,53.3,-69.32,33.34,,
bileam tschepe (elekktronaut),10 – SOPs – TouchDesigner Beginner Course,https://www.youtube.com/watch?v=JfBNyy47YU8,"Beginner Guides (Beginner Guides, Core Fundamentals, 3D & Geometry (SOPs))",48090,2020-08-10,26:16,1576,23.46,-34.35,55.12,,
bileam tschepe (elekktronaut),Deeper Into Noise – TouchDesigner Tutorial 30,https://www.youtube.com/watch?v=PIoq2BFtMAc,"Core Fundamentals (Core Fundamentals, Generative Art)",47059,2021-08-10,22:42,1362,-101.92,39.13,-5.81,,
nicholaspjm,Webcam / Video Wispy PointClouds in Touchdesigner (No Kinect required),https://www.youtube.com/watch?v=Eztrogwaq0w,Sensors & Tracking (Sensors & Tracking),46212,2025-08-09,18:16,1096,-58.92,-114.74,54.4,,
bileam tschepe (elekktronaut),"Internal Audio to TouchDesigner – TouchDesigner Tips, Tricks and FAQs 10",https://www.youtube.com/watch?v=HR6Ot3w6qTo,Audio Reactivity (Audio Reactivity),45778,2021-08-10,10:45,645,60.78,-102.09,-63.16,,
Maurizio Orlando,Touchdesigner - Tutorial  - ENG - Flow emitter - Burning shape (Kinect),https://www.youtube.com/watch?v=uhQOoyum1xU,Sensors & Tracking (Sensors & Tracking),45395,2019-08-11,20:47,1247,-51.25,-104.73,66.48,,
Okamirufu Vizualizer,"TouchDesigner POPs Tutorial: Transform Any Video To Particles - Webcam, Live, Streaming",https://www.youtube.com/watch?v=_FSuwMFDLs8,"3D & Geometry (SOPs) (3D & Geometry (SOPs), Point Clouds & Instancing)",45310,2025-11-12,10:24,624,-21.12,11.22,82.72,,
bileam tschepe (elekktronaut),Feedback Textures – TouchDesigner Tutorial 47,https://www.youtube.com/watch?v=NMvx_icZUhY,Generative Art (Generative Art),45200,2022-08-10,10:41,641,-43.94,-71.7,-42.27,,
Owsley Wylyfyrd,Touchdesigner & Polycam Point Clouds: Pt. 1 Scan Anything on Your Phone and Create a Point Cloud,https://www.youtube.com/watch?v=LXjfxJbTkn4,Point Clouds & Instancing (Point Clouds & Instancing),45135,2023-08-10,17:53,1073,-112.67,-22.94,65.01,,
The Interactive & Immersive HQ,Easy Person Detection with Blob Tracking - TouchDesigner Tutorial 033,https://www.youtube.com/watch?v=ZplOrM6G6JI,Sensors & Tracking (Sensors & Tracking),44864,2021-08-10,13:45,825,-43.78,-106.78,54.92,,
bileam tschepe (elekktronaut),Light Replication – TouchDesigner Tutorial 44,https://www.youtube.com/watch?v=os5jV5FpwOw,Point Clouds & Instancing (Point Clouds & Instancing),44601,2022-08-10,32:37,1957,-96.93,-30.23,56.54,,
Torin Blankensmith,Tutorial 1/3 - New Body Tracking Plugin for TouchDesigner - No Kinect Needed,https://www.youtube.com/watch?v=83StND-y4fY,Sensors & Tracking (Sensors & Tracking),44216,2023-08-10,21:17,1277,-56.86,-92.93,56.71,,
bileam tschepe (elekktronaut),3D Shape Subdivisions – TouchDesigner Tutorial 34,https://www.youtube.com/watch?v=CfWXFj0bjto,"3D & Geometry (SOPs) (3D & Geometry (SOPs), Point Clouds & Instancing)",43856,2021-08-10,18:58,1138,-18.17,-2.72,88.05,,
bileam tschepe (elekktronaut),Reaction Diffusion Material –  TouchDesigner Tutorial 4,https://www.youtube.com/watch?v=PF1bHg8IbMI,Generative Art (Generative Art),43363,2019-08-11,16:28,988,-48.09,-63.87,-40.7,,
Tender World,Generate shapes from an image with TouchDesigner,https://www.youtube.com/watch?v=98xNOgU1zeI,"Core Fundamentals (Core Fundamentals, 3D & Geometry (SOPs))",42822,2024-08-09,10:18,618,-84.7,64.84,4.5,,
Benjamin Carrier,3D shapes and particles - TouchDesigner tutorial 3,https://www.youtube.com/watch?v=Y3qoGoY1NyQ,"3D & Geometry (SOPs) (3D & Geometry (SOPs), Point Clouds & Instancing)",42753,2020-08-10,15:34,934,-16.9,3.84,86.63,,
bileam tschepe (elekktronaut),Feedback Particles – TouchDesigner Tutorial 63,https://www.youtube.com/watch?v=6bQE0BTvurQ,"Core Fundamentals (Core Fundamentals, Generative Art, Point Clouds & Instancing)",42721,2023-08-10,23:25,1405,-89.44,33.52,1.58,,
David Braun,TouchDesigner GLSL Compute Particles Tutorial,https://www.youtube.com/watch?v=XVh_eHL_7XU,"GLSL & Shader Programming (GLSL & Shader Programming, Point Clouds & Instancing)",42374,2021-08-10,36:31,2191,-43.72,-1.32,-104.3,,
Badradio,TouchDesigner - Importing 3D Model (FBX) Tutorial,https://www.youtube.com/watch?v=NJ9gBmenn28,3D & Geometry (SOPs) (3D & Geometry (SOPs)),42190,2020-08-10,27:13,1633,-12.59,-4.64,109.21,,
bileam tschepe (elekktronaut),11 – MATs – TouchDesigner Beginner Course,https://www.youtube.com/watch?v=tnQ4ofr4sIE,"Beginner Guides (Beginner Guides, Core Fundamentals, 3D & Geometry (SOPs))",41257,2020-08-10,22:27,1347,24.37,-38.64,51.09,,
bileam tschepe (elekktronaut),Dynamic Texture Grids – TouchDesigner Tutorial 62,https://www.youtube.com/watch?v=Eq5amV7obwg,Beginner Guides (Beginner Guides),41254,2023-08-10,23:02,1382,64.93,32.03,-28.55,,
reflekkt,AI Projection Mapping Tutorial,https://www.youtube.com/watch?v=AUbPWesO3KU,"Core Fundamentals (Core Fundamentals, Projection Mapping)",41106,2024-08-09,09:41,581,-51.01,83.81,9.74,,
TouchDesigner,GLSL in TouchDesigner - Vincent Houzé,https://www.youtube.com/watch?v=EDtf0hN66CY,GLSL & Shader Programming (GLSL & Shader Programming),41013,2020-08-10,03:14:16,11656,-55.57,12.77,-105.3,,
reflekkt,Interactive Eye Projection with Webcam or Kinect - TouchDesigner Tutorial 009,https://www.youtube.com/watch?v=ZAdEsJGvf5U,"Core Fundamentals (Core Fundamentals, Sensors & Tracking)",40983,2024-08-09,10:04,604,-70.94,17.03,-13.9,,
bileam tschepe (elekktronaut),Feedback Mold – TouchDesigner Tutorial 41,https://www.youtube.com/watch?v=8mWauvn2Gb4,Generative Art (Generative Art),40882,2021-08-10,09:15,555,-39.16,-69.41,-38.05,,
nicholaspjm,Image to 3D Interactive Particles - TouchDesigner Tutorial,https://www.youtube.com/watch?v=AudRlfYYE7c,"3D & Geometry (SOPs) (3D & Geometry (SOPs), Point Clouds & Instancing)",39880,2025-08-09,17:00,1020,-12.12,4.41,85.8,,
bileam tschepe (elekktronaut),Automated Video Cutter – TouchDesigner Tutorial 54,https://www.youtube.com/watch?v=9cQqcBGalCQ,Beginner Guides (Beginner Guides),38920,2022-08-10,26:08,1568,99.34,7.77,2.19,,
bileam tschepe (elekktronaut),MIDI Keyboard Visualisation – TouchDesigner Tutorial 29,https://www.youtube.com/watch?v=ZR_rDmdHVdw,"Core Fundamentals (Core Fundamentals, Generative Art, Point Clouds & Instancing, Sensors & Tracking)",38428,2021-08-10,29:20,1760,-84.62,24.48,5.58,,
bileam tschepe (elekktronaut),Outrun / Landscapes – TouchDesigner Tutorial 19,https://www.youtube.com/watch?v=K8vIg2t3wDo,Beginner Guides (Beginner Guides),37496,2020-08-10,33:08,1988,77.09,2.72,-19.9,,
SARV,Kinect time slices and particles - TOUCHDESIGNER TUTORIAL #3,https://www.youtube.com/watch?v=NYXuDwhqSvQ,"Point Clouds & Instancing (Point Clouds & Instancing, Sensors & Tracking)",36744,2025-08-09,49:14,2954,-105.09,-48.34,51.16,,
nicholaspjm,Frequency Guided Particle Sim Touchdesigner Tutorial | Project file download,https://www.youtube.com/watch?v=A1TfrWmrOfA,"Audio Reactivity (Audio Reactivity, Point Clouds & Instancing)",35383,2025-08-09,26:36,1596,47.63,-120.0,-56.25,,
bileam tschepe (elekktronaut),07 – Getting Help – TouchDesigner Beginner Course,https://www.youtube.com/watch?v=wUAJpHhK9SM,"Beginner Guides (Beginner Guides, Core Fundamentals)",35318,2020-08-10,06:38,398,67.18,-45.86,44.75,,
bileam tschepe (elekktronaut),09.02 – CHOPs Part 2 – TouchDesigner Beginner Course,https://www.youtube.com/watch?v=egVTldRC72s,"Beginner Guides (Beginner Guides, Core Fundamentals)",35144,2020-08-10,11:32,692,48.05,-63.14,22.5,,
reflekkt,3D Projection Mapping Tutorial with Photogrammetry and TouchDesigner,https://www.youtube.com/watch?v=_yhea1RO6kU,"Core Fundamentals (Core Fundamentals, Projection Mapping, 3D & Geometry (SOPs))",34724,2025-08-09,59:07,3547,-62.86,81.35,9.13,,
bileam tschepe (elekktronaut),Poster Design (with free .tox) -- TouchDesigner Tutorial 67,https://www.youtube.com/watch?v=dSAs6Qqwfas,Beginner Guides (Beginner Guides),34350,2024-08-09,28:39,1719,82.14,5.16,-46.49,,
noones img,GLSL particles with velocity fields (Touchdesigner tutorial),https://www.youtube.com/watch?v=rkunS8T69qI,"GLSL & Shader Programming (GLSL & Shader Programming, Point Clouds & Instancing)",33705,2021-08-10,07:04,424,-43.68,1.45,-101.47,,
Torin Blankensmith,Hand Tracking in TouchDesigner with MediaPipe - TouchDesigner Beginner Tutorial,https://www.youtube.com/watch?v=NwqLnNyfOb4,"Beginner Guides (Beginner Guides, Generative Art, Sensors & Tracking)",33038,2024-08-09,07:00,420,-29.37,-86.72,46.13,,
faurc,Touch Designer basic video player,https://www.youtube.com/watch?v=uKGpim2yxRg,Beginner Guides (Beginner Guides),32989,2023-08-10,26:08,1568,105.88,1.6,6.61,,
bileam tschepe (elekktronaut),Feedback & Lens Distort – TouchDesigner Tutorial 66,https://www.youtube.com/watch?v=Q510XDohlaE,"Core Fundamentals (Core Fundamentals, Generative Art)",32933,2023-08-10,17:40,1060,-99.35,35.91,-5.52,,
reflekkt,Projection Mapping with KantanMapper - TouchDesigner Tutorial,https://www.youtube.com/watch?v=QBEtbXtCIcU,Projection Mapping (Projection Mapping),32635,2025-08-09,07:52,472,-12.8,106.09,25.24,,
Xtal,Point Cloud Illusion : Geometry-Based Dot Rendering [TOUCHDESIGNER TUTORIAL],https://www.youtube.com/watch?v=4VuzQMZy0ow,"3D & Geometry (SOPs) (3D & Geometry (SOPs), Point Clouds & Instancing)",32140,2025-08-09,19:00,1140,-22.25,-4.4,79.66,,
Yu Fujishiro,Kinect Interactive Installation Masterclass | Unreal Engine & TouchDesigner,https://www.youtube.com/watch?v=VTyU6rq6hrM,"Core Fundamentals (Core Fundamentals, Sensors & Tracking)",32033,2025-08-09,01:00,60,-71.87,16.57,-17.08,,
bileam tschepe (elekktronaut),"Custom Components & Parameters – TouchDesigner Tips, Tricks and FAQs 8",https://www.youtube.com/watch?v=oTFZXL2xbvw,Core Fundamentals (Core Fundamentals),32019,2020-08-10,23:13,1393,-87.41,53.05,-28.91,,
The Interactive & Immersive HQ,15 - Working with SOPs and MATs - TouchDesigner Tutorial: Beginner Crash Course,https://www.youtube.com/watch?v=WgEZgNhYzqY,"Beginner Guides (Beginner Guides, Core Fundamentals, 3D & Geometry (SOPs))",31333,2022-08-10,25:50,1550,23.74,-40.95,49.71,,
Yoshe Li,TouchDesigner Tutorial: Projection Mapping with Kantan Mapper,https://www.youtube.com/watch?v=E1YMSPLVws0,Projection Mapping (Projection Mapping),31242,2024-08-09,04:23,263,-1.41,104.74,26.86,,
Acrylicode,Metaball Tutorial TouchDesigner | Step by Step,https://www.youtube.com/watch?v=SpCX2_-SDjw,Beginner Guides (Beginner Guides),31005,2022-08-10,10:26,626,87.9,-17.03,39.54,,
bileam tschepe (elekktronaut),13 – COMPs – TouchDesigner Beginner Course,https://www.youtube.com/watch?v=FWElpTvesaM,"Beginner Guides (Beginner Guides, Core Fundamentals)",30968,2020-08-10,38:09,2289,60.85,-59.84,27.4,,
bileam tschepe (elekktronaut),Time Grids – TouchDesigner Tutorial 71,https://www.youtube.com/watch?v=NK59-7UW7PA,Beginner Guides (Beginner Guides),30926,2024-08-09,32:27,1947,60.54,33.54,-28.65,,
bileam tschepe (elekktronaut),Moving Through Infinite Space – TouchDesigner Tutorial 37,https://www.youtube.com/watch?v=nUY7Ukhkgxc,3D & Geometry (SOPs) (3D & Geometry (SOPs)),30835,2021-08-10,28:11,1691,-14.39,2.44,120.0,,
Torin Blankensmith,Watercolor Hand Tracking Brush in TouchDesigner Tutorial,https://www.youtube.com/watch?v=IATX3biLoZg,"Beginner Guides (Beginner Guides, Sensors & Tracking)",29620,2025-08-09,28:58,1738,-30.28,-87.4,46.72,,
The Interactive & Immersive HQ,Kinect Azure Point Cloud in TouchDesigner - TouchDesigner Tutorial 068,https://www.youtube.com/watch?v=P_PjAr2Yzao,"Point Clouds & Instancing (Point Clouds & Instancing, Sensors & Tracking)",29568,2022-08-10,14:50,890,-106.54,-45.27,62.53,,
Xtal,Cut to the Beat – Audio Reactive Editing [TOUCHDESIGNER TUTORIAL],https://www.youtube.com/watch?v=H9l_Sjw6-9Y,Audio Reactivity (Audio Reactivity),29546,2025-09-13,12:12,732,40.07,-97.23,-50.35,,
bileam tschepe (elekktronaut),12 – DATs – TouchDesigner Beginner Course,https://www.youtube.com/watch?v=49-Yjic3xsI,"Beginner Guides (Beginner Guides, Core Fundamentals)",29265,2020-08-10,20:44,1244,60.22,-53.25,33.35,,
uisato,[Release] Audioreactive Video Playhead - Definitive Edition | TouchDesigner + Google's VEO COMP,https://www.youtube.com/watch?v=D0EIxRJcIo4,Core Fundamentals (Core Fundamentals),29194,2025-08-09,02:57,177,-66.31,42.58,-24.02,,
Xtal,PIXEL BLOCK GAME FX – Transform Any Video into Retro Motion [TOUCHDESIGNER TUTORIAL],https://www.youtube.com/watch?v=zmTnzzTDhfw,Beginner Guides (Beginner Guides),28400,2025-10-13,11:11,671,104.31,13.83,5.07,,
bileam tschepe (elekktronaut),Playing Drums With Kinect – TouchDesigner + Kinect Tutorial 3,https://www.youtube.com/watch?v=7vR6DLl5G4o,Sensors & Tracking (Sensors & Tracking),27588,2021-08-10,30:47,1847,-58.05,-105.39,64.78,,
Vincent Houzé,Introduction to GLSL in TouchDesigner : 1/8 Introduction and GLSL TOP overview.,https://www.youtube.com/watch?v=PVTZfDI6_OQ,"Beginner Guides (Beginner Guides, Core Fundamentals, GLSL & Shader Programming)",27251,2019-08-11,40:13,2413,-40.29,16.46,-68.07,,
Acrylicode,Easy audioreactive visuals | TouchDesigner Step by Step Tutorial,https://www.youtube.com/watch?v=_8c4l-RdRYo,Generative Art (Generative Art),26937,2022-08-10,12:44,764,-41.51,-78.5,-31.4,,
Markus Heckmann,Point Clouds in TouchDesigner099 Part1 - Instancing,https://www.youtube.com/watch?v=WbnaW3gMmMs,Point Clouds & Instancing (Point Clouds & Instancing),25953,2020-08-10,32:55,1975,-103.92,-27.12,57.14,,
Tolch Design,Sensor Kinect  - Touchdesigner tutorial Español,https://www.youtube.com/watch?v=utCdwhvR8WI,Sensors & Tracking (Sensors & Tracking),25945,2020-08-10,46:49,2809,-52.31,-113.63,59.78,,
bileam tschepe (elekktronaut),17  – Starting A Project – TouchDesigner Beginner Course,https://www.youtube.com/watch?v=Hvgznjzz60o,"Beginner Guides (Beginner Guides, Core Fundamentals, 3D & Geometry (SOPs))",25868,2020-08-10,19:33,1173,24.54,-34.45,55.02,,
nicholaspjm,"Introduction to Touchdesigner for creatives, beginners and artists. BEGINNER / FIRST-TIME TUTORIAL.",https://www.youtube.com/watch?v=Dz8VmLOT_tM,Beginner Guides (Beginner Guides),25787,2025-08-09,40:10,2410,58.13,15.85,-24.39,,
CutMod,Kinect Skeleton Basics - TouchDesigner Tutorial,https://www.youtube.com/watch?v=zW7iHrU_f3c,"Beginner Guides (Beginner Guides, Core Fundamentals, 3D & Geometry (SOPs), Sensors & Tracking)",25428,2017-08-11,05:49,349,20.21,-40.4,66.72,,
bileam tschepe (elekktronaut),"Using Audio As A Time Substitute – TouchDesigner Tips, Tricks and FAQs 5",https://www.youtube.com/watch?v=6NMVm-qmfeQ,Audio Reactivity (Audio Reactivity),25354,2020-08-10,11:59,719,64.9,-102.76,-59.03,,
The Interactive & Immersive HQ,Audio Reactive Visual in TouchDesigner - TouchDesigner Tutorial 200,https://www.youtube.com/watch?v=kcHhg9JXE90,Audio Reactivity (Audio Reactivity),25246,2025-08-09,19:57,1197,48.18,-99.05,-47.2,,
bileam tschepe (elekktronaut),Halftone – TouchDesigner Tutorial 60,https://www.youtube.com/watch?v=vqai9F2QAlk,Point Clouds & Instancing (Point Clouds & Instancing),25198,2023-08-10,25:18,1518,-102.8,-27.8,57.34,,
The Interactive & Immersive HQ,Unreal Engine + Kinect for Immersive Experiences,https://www.youtube.com/watch?v=e_X_ehYpulk,Sensors & Tracking (Sensors & Tracking),24997,2024-08-09,49:53,2993,-49.89,-97.54,72.0,,
The Interactive & Immersive HQ,Cyberpunk 2077-Inspired Point Cloud Effects in TouchDesigner - TouchDesigner Tutorial 125,https://www.youtube.com/watch?v=pV_WLFZCVo4,Point Clouds & Instancing (Point Clouds & Instancing),24911,2023-08-10,51:46,3106,-104.68,-28.17,68.92,,
bileam tschepe (elekktronaut),"Depth Of Field (Tilt Shift) – TouchDesigner Tips, Tricks and FAQs 3",https://www.youtube.com/watch?v=EIBGGIdUJyc,Beginner Guides (Beginner Guides),24481,2020-08-10,07:46,466,81.87,55.33,-16.32,,
threedashes,TouchDesigner Quick Start Guide,https://www.youtube.com/watch?v=icV5moCR87s,"Beginner Guides (Beginner Guides, Core Fundamentals)",24154,2020-08-10,23:59,1439,57.76,-32.95,36.75,,
reflekkt,Audioreactive Kinect Dancer - TouchDesigner Tutorial 004,https://www.youtube.com/watch?v=8ZgvxwmQGZw,"Audio Reactivity (Audio Reactivity, 3D & Geometry (SOPs), Sensors & Tracking)",23936,2024-08-09,11:50,710,35.99,-111.75,-42.72,,
Programming for People,Introduction to Python and Touchdesigner 099 - Part 1,https://www.youtube.com/watch?v=XqCnm0LN0mM,"Beginner Guides (Beginner Guides, Python Scripting & System)",22752,2017-08-11,22:10,1330,6.35,41.57,-58.41,,
Torin Blankensmith,Body Tracking with No Kinect in TouchDesigner 2022,https://www.youtube.com/watch?v=DpGHWa2gOcc,Sensors & Tracking (Sensors & Tracking),22597,2023-08-10,15:51,951,-51.22,-94.35,63.84,,
The Interactive & Immersive HQ,Kinect 2 vs Kinect Azure in TouchDesigner - TouchDesigner Tutorial 123,https://www.youtube.com/watch?v=Fv35hjl4qRI,Sensors & Tracking (Sensors & Tracking),22033,2023-08-10,21:44,1304,-61.62,-111.25,66.82,,
The Interactive & Immersive HQ,Creating Projection Mapping Content with UVs - TouchDesigner Tutorial 019,https://www.youtube.com/watch?v=tJ3vyH_OFrw,Projection Mapping (Projection Mapping),22022,2021-08-10,19:32,1172,-21.11,101.16,20.64,,
Programming for People,Touchdesigner  - Shadertoy GLSL integration,https://www.youtube.com/watch?v=2JDR5l5UjRU,"Core Fundamentals (Core Fundamentals, GLSL & Shader Programming)",21896,2018-08-11,20:07,1207,-77.03,32.15,-51.49,,
Dean Cheesman,Learn TouchDesigner in 1 Hour (TouchDesigner for Beginners),https://www.youtube.com/watch?v=gQdmocb-JBQ,"Beginner Guides (Beginner Guides, Core Fundamentals, 3D & Geometry (SOPs))",21682,2025-12-12,01:13:09,4389,23.34,-31.48,59.27,,
TouchDesigner,Pixel Mapping and Performing with LEDs - Karl Skene,https://www.youtube.com/watch?v=G70wGfIIgsk,Projection Mapping (Projection Mapping),21555,2020-08-10,02:36:25,9385,-6.73,113.2,15.42,,
The Interactive & Immersive HQ,Audio Reactive 3D Point Clouds in TouchDesigner - TouchDesigner Tutorial 133,https://www.youtube.com/watch?v=rlptcQpTMuo,"Audio Reactivity (Audio Reactivity, 3D & Geometry (SOPs))",21469,2023-08-10,22:30,1350,44.19,-110.12,-42.94,,
bileam tschepe (elekktronaut),Generative Blueprints – TouchDesigner Tutorial 28,https://www.youtube.com/watch?v=Ms6_vBn0XQQ,Generative Art (Generative Art),21451,2021-08-10,15:07,907,-43.17,-60.76,-36.37,,
Programming for People,Touchdesigner - CamSchnappr - usage and simple cube,https://www.youtube.com/watch?v=zzwzM-JbpM8,"Projection Mapping (Projection Mapping, 3D & Geometry (SOPs))",21343,2019-08-11,16:39,999,-13.76,96.74,32.13,,
Etch-01,TouchDesigner tutorial 05 - 3D Gaussian splatting Training/Refining/Manipulating (+ PostShot),https://www.youtube.com/watch?v=cF3qxYcNegI,"Core Fundamentals (Core Fundamentals, 3D & Geometry (SOPs))",21187,2025-08-09,15:17,917,-90.24,67.58,4.53,,
bileam tschepe (elekktronaut),First POP Experiments Part 1 – TouchDesigner Tutorial 74,https://www.youtube.com/watch?v=B-WJrAIw7Y0,Beginner Guides (Beginner Guides),21166,2025-09-13,49:51,2991,120.0,15.36,-11.52,,
bileam tschepe (elekktronaut),"Instagram Workflow – TouchDesigner Tips, Tricks and FAQs 9",https://www.youtube.com/watch?v=F-48pNbloiE,Beginner Guides (Beginner Guides),21092,2020-08-10,10:03,603,81.87,55.32,-16.32,,
Alvie Starr (森 大地),Interactive Lines Test 01 - TouchDesigner + Kinect,https://www.youtube.com/watch?v=oPZMb7hLJGY,Sensors & Tracking (Sensors & Tracking),20928,2023-08-10,00:17,17,-61.12,-93.89,67.63,,
Pablo Torri,Spectral Audio Reactive | TouchDesigner Tutorial | Free Project File (.toe),https://www.youtube.com/watch?v=RJnY-WIONhY,Audio Reactivity (Audio Reactivity),20443,2025-10-13,05:22,322,55.89,-115.33,-53.03,,
reflekkt,Audio Reactive Instancing - TouchDesigner Tutorial 008,https://www.youtube.com/watch?v=SSSSbq2YZcA,"Core Fundamentals (Core Fundamentals, Audio Reactivity, Point Clouds & Instancing)",20418,2024-08-09,11:47,707,-55.23,35.04,-3.18,,
The Interactive & Immersive HQ,Generative Geometric Patterns in TouchDesigner - TouchDesigner Tutorial 168,https://www.youtube.com/watch?v=FWoQwz17pcI,Generative Art (Generative Art),20250,2024-08-09,21:54,1314,-41.83,-60.75,-46.63,,
PyData,Jessica Palmer - Python and TouchDesigner for Interactive Experiments,https://www.youtube.com/watch?v=YOA4tIOEU7k,Python Scripting & System (Python Scripting & System),20023,2016-08-11,26:49,1609,4.12,64.49,-58.47,,
bileam tschepe (elekktronaut),14 – Palette – TouchDesigner Beginner Course,https://www.youtube.com/watch?v=9RE2iKzRHAg,"Beginner Guides (Beginner Guides, Core Fundamentals)",19956,2020-08-10,13:03,783,61.41,-49.16,30.97,,
Acrylicode,Audio reactive Galaxy tutorial,https://www.youtube.com/watch?v=J7s7aK2M3mw,Audio Reactivity (Audio Reactivity),19468,2023-08-10,16:25,985,53.4,-102.67,-52.14,,
The Interactive & Immersive HQ,Intro to POPs: The New Operator Family in TouchDesigner - TouchDesigner Tutorial 171,https://www.youtube.com/watch?v=bWfUk6MF8B0,Beginner Guides (Beginner Guides),19425,2025-08-09,22:48,1368,52.3,-14.05,-28.06,,
The Interactive & Immersive HQ,Generative Point Clouds in TouchDesigner - TouchDesigner Tutorial 126,https://www.youtube.com/watch?v=__dHYGe9bQs,Generative Art (Generative Art),19096,2023-08-10,48:46,2926,-39.77,-63.74,-30.48,,
nicholaspjm,FREE Audio Reactive Particles in Touchdesigner - Project File Download,https://www.youtube.com/watch?v=HS10IYP0168,"Core Fundamentals (Core Fundamentals, Audio Reactivity, Point Clouds & Instancing)",19059,2025-08-09,08:20,500,-52.45,34.22,-2.99,,
The Interactive & Immersive HQ,Custom Depth Map from Kinect & RealSense Point Clouds in TouchDesigner - TouchDesigner Tutorial 077,https://www.youtube.com/watch?v=p-lhmCMxn2g,Sensors & Tracking (Sensors & Tracking),18768,2022-08-10,22:29,1349,-67.51,-108.49,58.63,,
The Interactive & Immersive HQ,Motion Visualization with Kinect v2 in TouchDesigner - TouchDesigner Tutorial 141,https://www.youtube.com/watch?v=9RArP9FovQo,Sensors & Tracking (Sensors & Tracking),18112,2024-08-09,21:39,1299,-56.9,-105.42,57.05,,
Maurizio Orlando,Touchdesigner - Interactive particles controlled with Kinect (full project) tutorial,https://www.youtube.com/watch?v=GeIiJ91Chz0,"Point Clouds & Instancing (Point Clouds & Instancing, Sensors & Tracking)",17840,2020-08-10,01:45:29,6329,-98.1,-52.26,54.16,,
Dean Cheesman,Convert any Video to Point Clouds in TouchDesigner,https://www.youtube.com/watch?v=GSK0hGhGOUs,3D & Geometry (SOPs) (3D & Geometry (SOPs)),17808,2025-08-09,27:58,1678,-20.68,3.32,98.22,,
Xtal,Audio Reactive Noise Visuals [TOUCHDESIGNER TUTORIAL],https://www.youtube.com/watch?v=LDUwIHXTX8Y,"Generative Art (Generative Art, Audio Reactivity)",17804,2025-11-12,26:26,1586,-16.82,-60.42,-32.22,,
LUMOplay,How to make an interactive wall - a complete guide,https://www.youtube.com/watch?v=qKe4ULQKJ8U,Core Fundamentals (Core Fundamentals),17794,2025-09-13,12:48,768,-65.37,59.14,-18.97,,
Xtal,Rapid Cut Switching & Mood Design in TouchDesigner,https://www.youtube.com/watch?v=iN-dpK12HUg,Beginner Guides (Beginner Guides),17041,2026-02-10,20:00,1200,63.74,-23.02,-3.78,,
Vichagorn Lupponglung,Simulation Realtime Mapping : Resolume + Touchdesigner,https://www.youtube.com/watch?v=kOedDo_h240,Projection Mapping (Projection Mapping),17006,2024-08-09,00:36,36,-12.23,119.83,17.73,,
The Interactive & Immersive HQ,Self-typing Text with Python in TouchDesigner - TouchDesigner Tutorial 066,https://www.youtube.com/watch?v=G1fA1LidS-o,Python Scripting & System (Python Scripting & System),16771,2022-08-10,09:44,584,-8.34,61.54,-46.84,,
Visual Systems,Color Ribbon Effect - TouchDesigner Tutorial (Beginner Friendly!),https://www.youtube.com/watch?v=LaXM51XhpJM,"Beginner Guides (Beginner Guides, Core Fundamentals, Generative Art)",16684,2026-02-10,27:06,1626,25.55,-42.24,5.75,,
reflekkt,Chaser Effect - Projection Mapping TouchDesigner Tutorial,https://www.youtube.com/watch?v=wiBLYVrlmIA,Projection Mapping (Projection Mapping),16340,2025-08-09,22:22,1342,-15.1,113.47,27.11,,
paketa12,Kensuke Koike in Touchdesigner,https://www.youtube.com/watch?v=WQnThEFN8Ko,Beginner Guides (Beginner Guides),16181,2022-08-10,19:28,1168,68.71,8.78,-8.07,,
Torin Blankensmith,Easily Make Shaders in TouchDesigner: New Shader Park Plugin for TouchDesigner with T3D Support,https://www.youtube.com/watch?v=YxT1u5hOifU,GLSL & Shader Programming (GLSL & Shader Programming),16060,2025-08-09,20:49,1249,-66.52,3.53,-116.7,,
Pixorial,TouchDesigner Beginner Tutorial: Audio Reactive EASY Sphere (DIY 3D Live Visuals),https://www.youtube.com/watch?v=CGKpWzP-5qc,"Beginner Guides (Beginner Guides, Generative Art, Audio Reactivity, 3D & Geometry (SOPs))",15810,2022-08-10,09:21,561,20.99,-55.18,-20.72,,
Anilom Vj,TouchDesigner Tutorial: Control Particles with Your Hand,https://www.youtube.com/watch?v=YmtoD6Nx2Gk,Point Clouds & Instancing (Point Clouds & Instancing),15746,2026-03-12,06:05,365,-97.05,-29.59,48.13,,
The Interactive & Immersive HQ,TouchDesigner & StreamDiffusion: Real-Time Audio-Reactive AI Art - TouchDesigner Tutorial 216,https://www.youtube.com/watch?v=M2U1hvTqzU0,"Generative Art (Generative Art, Audio Reactivity)",15349,2025-08-09,45:04,2704,-16.61,-70.47,-33.28,,
exsstas,3 methods for visualizing Kinect skeleton,https://www.youtube.com/watch?v=ETQLq1EvXJI,"Point Clouds & Instancing (Point Clouds & Instancing, Sensors & Tracking)",15308,2021-08-10,46:10,2770,-100.28,-51.52,63.27,,
Matthew Ragan,Python in TouchDesigner | References | TouchDesigner,https://www.youtube.com/watch?v=IC_hpAHPLtE,Python Scripting & System (Python Scripting & System),15236,2016-08-11,38:57,2337,-3.75,65.89,-51.37,,
Programming for People,"Introduction to Touchdesigner - Stream part 3 - SOP, GEOMETRY and 3D getting started",https://www.youtube.com/watch?v=tSvjj77NkeM,"Beginner Guides (Beginner Guides, Core Fundamentals, 3D & Geometry (SOPs))",15213,2019-08-11,36:21,2181,23.87,-22.97,54.34,,
paketa12,recursive displace II in Touchdesigner,https://www.youtube.com/watch?v=AxXu0dw6fjQ,Beginner Guides (Beginner Guides),15176,2023-08-10,28:34,1714,79.23,-16.64,9.86,,
Pao Olea,[TD Drop #08] Audio Reactive – TouchDesigner Tutorial,https://www.youtube.com/watch?v=R7U_0zz4nmU,"Generative Art (Generative Art, Audio Reactivity)",14982,2024-08-09,20:10,1210,-17.62,-66.89,-41.79,,
Jascha Süss,Creating GLSL Shaders in Touchdesigner with Cursor AI,https://www.youtube.com/watch?v=iZT5Lu1FW6U,"Core Fundamentals (Core Fundamentals, GLSL & Shader Programming)",14976,2025-08-09,49:40,2980,-74.03,37.42,-57.94,,
plyzitron,TouchDesigner | Lines Point Cloud with POPs Tutorial,https://www.youtube.com/watch?v=c7bZ0zCd3f4,Point Clouds & Instancing (Point Clouds & Instancing),14921,2025-12-12,20:05,1205,-110.64,-31.2,65.33,,
bileam tschepe (elekktronaut),"Why To Use NULLs – TouchDesigner Tips, Tricks and FAQs 2",https://www.youtube.com/watch?v=u6hb-31gd1Q,Beginner Guides (Beginner Guides),14879,2020-08-10,08:36,516,81.88,55.36,-16.34,,
Okamirufu Vizualizer,AI Images to 3D Point Clouds + Interaction in TouchDesigner w/ Playtron MIDI - Part 3 of 9,https://www.youtube.com/watch?v=rmrr289DLKs,"3D & Geometry (SOPs) (3D & Geometry (SOPs), Sensors & Tracking)",14654,2025-08-09,29:17,1757,-17.49,-21.11,101.37,,
noones img,How to use external python libraries in Touchdesigner,https://www.youtube.com/watch?v=_U5gcTEsupE,Python Scripting & System (Python Scripting & System),14339,2022-08-10,07:49,469,-10.99,69.17,-50.79,,
prismatic visuals,"Advanced Kinect Rendering in TouchDesigner | Instancing, PBR, Depth Refinement, Shadows, and More",https://www.youtube.com/watch?v=QAxOMOLP4lo,"Point Clouds & Instancing (Point Clouds & Instancing, Sensors & Tracking)",14245,2025-08-09,49:57,2997,-94.13,-44.88,63.87,,
bileam tschepe (elekktronaut),Agamographs (Interactive) – TouchDesigner Tutorial 72,https://www.youtube.com/watch?v=ISMThlI2S3U,Point Clouds & Instancing (Point Clouds & Instancing),14244,2024-08-09,18:44,1124,-95.38,-29.4,64.13,,
Vincent Houzé,GLSL in Touch Designer - Lesson 1,https://www.youtube.com/watch?v=Q_SMhXipqZY,"Beginner Guides (Beginner Guides, Core Fundamentals, GLSL & Shader Programming)",14243,2015-08-12,04:09,249,-39.65,10.59,-71.06,,
alwayscodingsomething,Turn Your Hands Into a Digital Web (TouchDesigner Tutorial with POPs),https://www.youtube.com/watch?v=pEJ89K5W960,Core Fundamentals (Core Fundamentals),14083,2026-01-11,12:06,726,-80.42,40.35,-20.15,,
bileam tschepe (elekktronaut),Face Tracking Prism – TouchDesigner Tutorial 69,https://www.youtube.com/watch?v=ath64YOxds8,"Core Fundamentals (Core Fundamentals, Sensors & Tracking)",13902,2024-08-09,19:28,1168,-71.04,15.9,-11.71,,
Coaction Lab,ART 371 Intro to Touch Designer part 2 - Kantan Mapper,https://www.youtube.com/watch?v=35MzGn71-jM,"Beginner Guides (Beginner Guides, Generative Art, Projection Mapping)",13669,2021-08-10,17:35,1055,-0.55,-31.14,-4.99,,
bileam tschepe (elekktronaut),18 – Additional Info – TouchDesigner Beginner Course,https://www.youtube.com/watch?v=CeILEc5aBOg,"Beginner Guides (Beginner Guides, Core Fundamentals)",13438,2020-08-10,11:39,699,70.7,-60.88,29.13,,
bileam tschepe (elekktronaut),"Texture Instancing for Mac – TouchDesigner Tips, Tricks and FAQs 14",https://www.youtube.com/watch?v=YZ8SbCdjo2o,Point Clouds & Instancing (Point Clouds & Instancing),13431,2022-08-10,14:59,899,-97.81,-17.22,64.92,,
Okamirufu Vizualizer,TouchDesigner POPs Tutorial: Create a 3D Spirograph Mandala Shapes Using Noise and Revolve,https://www.youtube.com/watch?v=X1KfoD8pKPQ,"Generative Art (Generative Art, 3D & Geometry (SOPs))",13243,2025-10-13,05:54,354,-53.35,-49.61,-37.03,,
noones img,GLSL - Data Types (Touchdesigner tutorial),https://www.youtube.com/watch?v=VOyZRRv7PNc,"Core Fundamentals (Core Fundamentals, GLSL & Shader Programming)",12948,2022-08-10,09:20,560,-71.83,33.76,-54.32,,
bileam tschepe (elekktronaut),A More Accurate Beat Detection – TouchDesigner Tutorial 77,https://www.youtube.com/watch?v=H2ZvNA7UvQo,Audio Reactivity (Audio Reactivity),12884,2026-02-10,16:50,1010,37.24,-99.27,-56.34,,
The Interactive & Immersive HQ,Mastering Blob Tracking in TouchDesigner - TouchDesigner Tutorial 193,https://www.youtube.com/watch?v=wJMjTZ2A3Jk,Sensors & Tracking (Sensors & Tracking),12850,2025-08-09,41:43,2503,-43.13,-103.93,59.3,,
PPPANIK,IMAGE TO POPs: POINTCLOUD / LINE GRID - TOUCHDESIGNER TUTORIAL,https://www.youtube.com/watch?v=GJMIXo8pwSY,Beginner Guides (Beginner Guides),12804,2026-04-11,33:28,2008,107.83,-10.77,-12.19,,
Okamirufu Vizualizer,Displace Everything in TouchDesigner using SOP Instances and Noise TOP as Z-axis Displacer,https://www.youtube.com/watch?v=uc_2JO4iHjk,"Core Fundamentals (Core Fundamentals, Generative Art, 3D & Geometry (SOPs))",12636,2025-08-09,19:51,1191,-105.28,52.74,1.86,,
Interactive Asia,How to Create an Interactive Projection Wall – Step by Step Guide,https://www.youtube.com/watch?v=c2ywrUuMNQk,Beginner Guides (Beginner Guides),12513,2025-08-09,01:16,76,89.85,-14.32,38.72,,
tekt,TouchDesigner VJ Performance Rig,https://www.youtube.com/watch?v=2mgyZV49rRc,Core Fundamentals (Core Fundamentals),12506,2025-08-09,25:09,1509,-75.22,50.01,-20.66,,
Daniel Steenhoff,Audioreactive Fluid Grid VISUAL! [EASY] TouchDesigner Tutorial,https://www.youtube.com/watch?v=Hu_81_WOlCo,Beginner Guides (Beginner Guides),12374,2023-08-10,06:14,374,109.52,-4.52,-25.33,,
uisato,Kinect-Controlled Synth - Kinect + TouchDesigner + Ableton Live,https://www.youtube.com/watch?v=sm1SVHGA4Sc,Sensors & Tracking (Sensors & Tracking),12229,2021-08-10,00:37,37,-60.42,-104.22,73.69,,
paketa12,melty UV in Touchdesigner,https://www.youtube.com/watch?v=3pAcTayMloo,Beginner Guides (Beginner Guides),12206,2021-08-10,21:37,1297,67.92,31.64,5.42,,
Maria Graterol,TouchDesigner Tutorial_ Point Cloud Plant,https://www.youtube.com/watch?v=HttThH0Zplg,"Beginner Guides (Beginner Guides, Generative Art, Point Clouds & Instancing)",12167,2024-08-09,15:23,923,-4.86,-18.44,29.21,,
The Interactive & Immersive HQ,Projection Mapping Content with TouchDesigner - TouchDesigner Tutorial 180,https://www.youtube.com/watch?v=QQy6xRnRa04,Projection Mapping (Projection Mapping),12115,2025-08-09,16:01,961,-17.86,104.5,16.57,,
Blake Marques Carrington,Projection Mapping w Kantan Mapper Part 1,https://www.youtube.com/watch?v=Yjf_cNE3ilc,"Beginner Guides (Beginner Guides, Projection Mapping)",12082,2022-08-10,23:17,1397,10.53,93.19,19.93,,
Dean Cheesman,Make Kinect Point Cloud Particles with TouchDesigner,https://www.youtube.com/watch?v=6SsMsgLgOHA,"Point Clouds & Instancing (Point Clouds & Instancing, Sensors & Tracking)",11921,2025-08-09,20:18,1218,-107.39,-46.19,56.64,,
Basement Vibes,ReaRouteTD_MONO: Reaper + TouchDesigner for Easy Real-time Audio Reactive Vid (Tutorial + .tox file),https://www.youtube.com/watch?v=7tiYVq143gE,Audio Reactivity (Audio Reactivity),11906,2022-08-10,12:23,743,65.15,-109.87,-47.76,,
Okamirufu Vizualizer,TouchDesigner POPs Tutorial: Create Image Instances from any Geometry,https://www.youtube.com/watch?v=73cNfx5dz5I,3D & Geometry (SOPs) (3D & Geometry (SOPs)),11874,2025-10-13,18:26,1106,-14.17,15.64,102.33,,
nicholaspjm,Audio Reactive Visual (Ryoji Ikeda) - Touchdesigner Tutorial,https://www.youtube.com/watch?v=RocOuZhGvtY,Audio Reactivity (Audio Reactivity),11670,2025-08-09,30:38,1838,49.5,-97.25,-43.07,,
bileam tschepe (elekktronaut),Cinematic Look (LUTs) – TouchDesigner Quick Tip 3,https://www.youtube.com/watch?v=8RJzx4A8GeM,Beginner Guides (Beginner Guides),11652,2023-08-10,03:59,239,103.75,34.15,20.0,,
Okamirufu Vizualizer,TouchDesigner Tutorial: Mosaic Mask Effect with Time Machine TOP (Easy Level),https://www.youtube.com/watch?v=lD77CY9bCBg,"Core Fundamentals (Core Fundamentals, 3D & Geometry (SOPs))",11502,2026-02-10,10:02,602,-98.54,78.25,1.88,,
alphamoonbase.berlin,[TouchDesigner - Rubberduck] 20.04.2020 Battle of Kinect: XBOX vs AZURE,https://www.youtube.com/watch?v=tI8ri4XsFdQ,Sensors & Tracking (Sensors & Tracking),10797,2020-08-10,02:53:45,10425,-58.43,-116.97,69.11,,
Alexxxxxi,【Gem Seed】Virtual mask Gesture switching | TOUCHDESIGNER TUTORIAL (Beginner Friendly),https://www.youtube.com/watch?v=L7Eg0Nw6SKg,"Beginner Guides (Beginner Guides, Core Fundamentals)",10617,2025-08-09,47:30,2850,56.49,-35.54,22.15,,
bileam tschepe (elekktronaut),Particle Collisions with Ray POP – TouchDesigner Tutorial 78,https://www.youtube.com/watch?v=X6RgNdsYMLA,Point Clouds & Instancing (Point Clouds & Instancing),10610,2026-05-11,24:35,1475,-108.21,-22.59,51.4,,
Hou2Touch | Stanislav Glazov,"Demystifying TouchDesigner SOPs 01. Add, Limit, CHOP to, DAT to.",https://www.youtube.com/watch?v=kqXNH43sO68,"Core Fundamentals (Core Fundamentals, 3D & Geometry (SOPs))",10477,2024-08-09,20:54,1254,-93.24,72.26,13.78,,
anya maryina,How to learn TouchDesigner?,https://www.youtube.com/watch?v=s6zNKYLxwq8,Core Fundamentals (Core Fundamentals),10282,2026-02-10,06:21,381,-75.7,51.09,-22.03,,
miwa maroon,projection mapping 1/3- Touchdesigner Tutorial,https://www.youtube.com/watch?v=1BamlO6CNXE,Projection Mapping (Projection Mapping),10183,2022-08-10,10:16,616,-12.94,110.74,20.79,,
Tolch Design,Herramientas de mapping - Touchdesigner Tutorial Español,https://www.youtube.com/watch?v=SoLtOxM1xxA,Projection Mapping (Projection Mapping),10113,2020-08-10,15:22,922,-18.2,113.05,16.13,,
The Interactive & Immersive HQ,Simple Projection Mapping Effects in TouchDesigner - TouchDesigner Tutorial 214,https://www.youtube.com/watch?v=5WhQhQ5aB5E,Projection Mapping (Projection Mapping),10106,2025-08-09,19:52,1192,-19.38,106.38,30.85,,
paketa12,Mondrian glitch in Touchdesigner,https://www.youtube.com/watch?v=UvQeF1XA2w4,Beginner Guides (Beginner Guides),9962,2020-08-10,52:46,3166,96.79,29.39,-5.21,,
exsstas,GLSL Vertex shaders in TouchDesigner. Part 1/2,https://www.youtube.com/watch?v=-d78HxXslpA,"Beginner Guides (Beginner Guides, GLSL & Shader Programming)",9859,2020-08-10,01:07:31,4051,-31.87,5.06,-77.17,,
Dith dsgn,Pointcloud from Depthmap using POPs operator in Touchdesigner.,https://www.youtube.com/watch?v=fDCUPLVjk4w,3D & Geometry (SOPs) (3D & Geometry (SOPs)),9683,2026-01-11,23:47,1427,-7.3,13.03,112.67,,
söla,Touch Designer Audio-Reactive Smoke & Water Tutorial | Beginner Friendly,https://www.youtube.com/watch?v=s1IV_E3dCNg,"Beginner Guides (Beginner Guides, Audio Reactivity)",9558,2026-02-10,23:16,1396,47.89,-57.11,-27.63,,
Hou2Touch | Stanislav Glazov,SOP on GPU - Geometry Shaders in TouchDesigner 099 Workshop - Day 1 Preview,https://www.youtube.com/watch?v=WMrJktov7yw,"Core Fundamentals (Core Fundamentals, GLSL & Shader Programming, 3D & Geometry (SOPs))",9487,2019-08-11,12:56,776,-87.9,79.92,-12.06,,
Vincent Houzé,GLSL in Touch Designer - Lesson 3,https://www.youtube.com/watch?v=s5ZNmm-rGsY,GLSL & Shader Programming (GLSL & Shader Programming),9421,2015-08-12,07:49,469,-53.31,19.7,-104.93,,
bileam tschepe (elekktronaut),First POP Experiments Part 2 – TouchDesigner Tutorial 75,https://www.youtube.com/watch?v=DHykjByloxo,Beginner Guides (Beginner Guides),9413,2026-01-11,34:08,2048,120.0,15.36,-11.52,,
The Interactive & Immersive HQ,Body Tracking Interactive Triggers in TouchDesigner - TouchDesigner Tutorial 201,https://www.youtube.com/watch?v=Zgm5PuBzmGY,Sensors & Tracking (Sensors & Tracking),8905,2025-08-09,23:32,1412,-51.71,-95.47,59.27,,
Dean Cheesman,Audio Reactive Kaleidoscope Visuals with TouchDesigner Tutorial,https://www.youtube.com/watch?v=BiamWUjnBoY,"Generative Art (Generative Art, Audio Reactivity)",8900,2024-08-09,36:05,2165,-18.82,-62.25,-34.89,,
TouchDesigner,Delicious Dome Mapping - Michael McKellar,https://www.youtube.com/watch?v=1zoUohevR3Y,"Projection Mapping (Projection Mapping, Audio Reactivity)",8800,2020-08-10,02:02:28,7348,-6.27,120.0,27.09,,
Okamirufu Vizualizer,TouchDesigner POPs Tutorial: Create an Audio Reactive Cone Using Revolve Operator,https://www.youtube.com/watch?v=TmW4fo62DLQ,Audio Reactivity (Audio Reactivity),8710,2025-10-13,10:34,634,62.11,-96.68,-45.89,,
Javier ideami,"Basic GLSL shaders tutorial with Touchdesigner, shader coding tutorial - pixel shader - by Ideami",https://www.youtube.com/watch?v=Yz8j6P5KpVI,"Beginner Guides (Beginner Guides, Core Fundamentals, GLSL & Shader Programming)",8710,2021-08-10,28:04,1684,-42.32,4.34,-71.71,,
Torin Blankensmith,Shader Park Plugin for TouchDesigner & A Rendering Workflow,https://www.youtube.com/watch?v=jq-7ro5HfT0,"GLSL & Shader Programming (GLSL & Shader Programming, 3D & Geometry (SOPs))",8659,2022-08-10,11:56,716,-74.54,5.42,-107.05,,
jack dilaura,Building a Kinect Drawing Program 🎨 🖌 - Another TouchDesigner Tutorial,https://www.youtube.com/watch?v=kpme2WSvGP0,Sensors & Tracking (Sensors & Tracking),8592,2021-08-10,01:32:28,5548,-47.18,-111.95,63.83,,
paketa12,attractors in UV space in Touchdesigner,https://www.youtube.com/watch?v=KjL4rELCmKY,Beginner Guides (Beginner Guides),8405,2022-08-10,31:28,1888,63.85,39.69,0.3,,
Okamirufu Vizualizer,Spectral Point Cloud CTR Effect & Color Aberration RGB Cache - TouchDesigner POPs,https://www.youtube.com/watch?v=asLR7U6twVM,"Generative Art (Generative Art, Point Clouds & Instancing)",8374,2026-02-10,09:08,548,-39.81,-58.75,-17.88,,
rey nbows,"Instancing in TouchDesigner 1/3: Drawing from SOPs, Coloring by Points, Basic Animation",https://www.youtube.com/watch?v=SVs3Gcqoplk,"Core Fundamentals (Core Fundamentals, 3D & Geometry (SOPs), Point Clouds & Instancing)",8147,2020-08-10,12:19,739,-76.52,49.2,16.12,,
The Interactive & Immersive HQ,Choosing the Right Projector for Projection Mapping in TouchDesigner - TouchDesigner Tutorial 006,https://www.youtube.com/watch?v=jRCQHTz7Yv4,Projection Mapping (Projection Mapping),8119,2020-08-10,23:05,1385,-21.93,109.15,23.36,,
paketa12,lamp is lava in TouchDesigner,https://www.youtube.com/watch?v=5enNpCzYdtI,Beginner Guides (Beginner Guides),8038,2025-08-09,20:01,1201,69.76,8.36,-13.9,,
paketa12,scan tool in Touchdesigner,https://www.youtube.com/watch?v=nBwGgGwpp3M,Beginner Guides (Beginner Guides),8003,2021-08-10,44:45,2685,86.15,0.49,6.99,,
PPPANIK,GEOMETRIC FRACTALS  - TOUCHDESIGNER TUTORIAL,https://www.youtube.com/watch?v=8-lD2MTsfLA,Beginner Guides (Beginner Guides),7996,2026-07-10,26:46,1606,90.6,20.87,-19.16,,
söla,Psychedelic Fish Tank Audio-Reactive Touch Designer Tutorial | Begginner Friendly,https://www.youtube.com/watch?v=-0m3SoAu3kI,Audio Reactivity (Audio Reactivity),7943,2026-03-12,07:24,444,50.16,-89.34,-52.29,,
Lake Heckaman,"Mastering GLSL in TouchDesigner, Lesson 0: Parallel Computing Conceptual Foundation",https://www.youtube.com/watch?v=WYAcOhKHxnU,"Beginner Guides (Beginner Guides, GLSL & Shader Programming)",7642,2025-08-09,26:32,1592,-31.57,9.21,-76.15,,
paketa12,fluid simulation in TOPs in TouchDesigner,https://www.youtube.com/watch?v=gsLMmD6SMd0,Beginner Guides (Beginner Guides),7579,2025-08-09,17:44,1064,50.91,-7.24,2.57,,
nicholaspjm,Audio Reactive Data Moshing in Touchdesigner,https://www.youtube.com/watch?v=Koyr6cFQYIA,Audio Reactivity (Audio Reactivity),7489,2026-03-12,15:17,917,56.42,-97.71,-51.92,,
reflekkt,Immersive Space Previsualization - TouchDesigner Tutorial 1/2,https://www.youtube.com/watch?v=hTyUYooPVn0,Core Fundamentals (Core Fundamentals),7448,2024-08-09,20:53,1253,-83.27,51.72,-16.42,,
Lake Heckaman,TouchDesigner Quick Tips: Shadertoy Port to TouchDesigner,https://www.youtube.com/watch?v=IFycGdOv9oU,"Core Fundamentals (Core Fundamentals, GLSL & Shader Programming)",7369,2023-08-10,15:16,916,-78.03,32.72,-49.41,,
Programming for People,"introduction to Touchdesigner - Stream part 4 - More SOPs, Instancing and Geometry",https://www.youtube.com/watch?v=qa5rqeyq2nE,"Beginner Guides (Beginner Guides, 3D & Geometry (SOPs), Point Clouds & Instancing)",7205,2019-08-11,45:58,2758,-3.6,-13.17,46.13,,
Vincent Houzé,GLSL in Touch Designer - Lesson 2,https://www.youtube.com/watch?v=863TeJRaxbc,"Core Fundamentals (Core Fundamentals, GLSL & Shader Programming)",7188,2015-08-12,09:20,560,-69.53,29.48,-55.81,,
Andrew Sun,Manhattan Distances in TouchDesigner,https://www.youtube.com/watch?v=24gpkrWx9Qc,Beginner Guides (Beginner Guides),7165,2025-08-09,43:13,2593,78.33,10.47,-15.72,,
nicholaspjm,Audio Reactive Spectrum Visual in Touchdesigner | Beginner Tutorial!,https://www.youtube.com/watch?v=jaXFcHgguq0,"Beginner Guides (Beginner Guides, Audio Reactivity)",7013,2025-08-09,18:51,1131,45.1,-59.08,-25.59,,
Lake Heckaman,"Mastering GLSL in TouchDesigner, Lesson 1: Writing your First Shader in TouchDesigner!",https://www.youtube.com/watch?v=kfI56H9bjLA,"Core Fundamentals (Core Fundamentals, GLSL & Shader Programming)",6889,2025-08-09,14:00,840,-71.22,29.69,-57.09,,
thomas devl,TouchDesigner Tutorial: Create Audio-Reactive Visuals (Beginner Friendly),https://www.youtube.com/watch?v=Xd-UJeMLxq0,"Beginner Guides (Beginner Guides, Core Fundamentals, Generative Art, Audio Reactivity)",6629,2025-08-09,05:04,304,27.28,-54.07,-15.24,,
bileam tschepe (elekktronaut),elekktronaut x Chronica Luma – Atmo Light Wobbles,https://www.youtube.com/watch?v=fnlPDFGoi0U,Generative Art (Generative Art),6417,2021-08-10,01:35,95,-38.9,-54.14,-33.0,,
paketa12,Joy Division in TouchDesigner,https://www.youtube.com/watch?v=4hSncw8i2d0,3D & Geometry (SOPs) (3D & Geometry (SOPs)),6383,2023-08-10,45:26,2726,-18.74,1.5,107.0,,
Hou2Touch | Stanislav Glazov,Demystifying TouchDesigner SOPs 04. Deformers.  Lattice & Magnet SOPs,https://www.youtube.com/watch?v=mD5e-Dkg5Q4,3D & Geometry (SOPs) (3D & Geometry (SOPs)),6380,2024-08-09,10:09,609,-34.0,5.41,112.46,,
Okamirufu Vizualizer,TouchDesigner Tutorial: Symmetrical Mandala Pattern inspired by Sacred Geometry Using SOP Instancing,https://www.youtube.com/watch?v=oSvO30HW12k,"Beginner Guides (Beginner Guides, Core Fundamentals, Generative Art, GLSL & Shader Programming, 3D & Geometry (SOPs), Point Clouds & Instancing)",6250,2024-08-09,16:32,992,-8.24,-25.38,38.84,,
caro villeneuve,TouchDesigner Tutorial : Audio-Reactive L-System,https://www.youtube.com/watch?v=hUjExmNbgbs,"Core Fundamentals (Core Fundamentals, Audio Reactivity)",6201,2025-12-12,15:45,945,-55.27,33.74,-10.89,,
Daniel Steenhoff,GLSL Beginner Tutorial #1 (TouchDesigner),https://www.youtube.com/watch?v=G4IzmjQHv7o,"Beginner Guides (Beginner Guides, GLSL & Shader Programming)",6109,2024-08-09,08:38,518,-30.92,7.21,-75.55,,
Jason Latta,Kinect + touch designer 3d head tracking,https://www.youtube.com/watch?v=gbWh8VltEHA,"3D & Geometry (SOPs) (3D & Geometry (SOPs), Sensors & Tracking)",6017,2013-08-12,00:41,41,-16.48,-23.06,105.75,,
The Interactive & Immersive HQ,Python In TouchDesigner with Noah Norman,https://www.youtube.com/watch?v=3sQM7izOlIE,Python Scripting & System (Python Scripting & System),5916,2021-08-10,02:24:39,8679,0.18,60.11,-53.12,,
THIRD WAVE,"How I Build TouchDesigner Apps in 2025 – Python, State Machines, Extensions",https://www.youtube.com/watch?v=nQT7EhYCVg0,Python Scripting & System (Python Scripting & System),5913,2025-08-09,34:53,2093,-6.77,56.56,-51.72,,
The Interactive & Immersive HQ,Holiday Point Cloud Transitions - TouchDesigner Tutorial 113,https://www.youtube.com/watch?v=o0Hli7C1RME,Point Clouds & Instancing (Point Clouds & Instancing),5842,2023-08-10,18:07,1087,-107.48,-29.38,61.36,,
Blake Marques Carrington,Oak-D + TouchDesigner Part 3: Object Detection,https://www.youtube.com/watch?v=dQcXADLzDUY,3D & Geometry (SOPs) (3D & Geometry (SOPs)),5601,2023-08-10,16:55,1015,-21.22,-7.15,116.27,,
supermarket sallad,TOUCHDESIGNER MICRO PROJECT #1 - fractal domain warping - GLSL TUTORIAL,https://www.youtube.com/watch?v=bmtc4U-HM0g,GLSL & Shader Programming (GLSL & Shader Programming),5527,2025-08-09,18:56,1136,-50.42,11.1,-104.61,,
The Interactive & Immersive HQ,2-Line GLSL Point Cloud Clipping in TouchDesigner - TouchDesigner Tutorial 061,https://www.youtube.com/watch?v=k7R0wbEWATc,"GLSL & Shader Programming (GLSL & Shader Programming, Point Clouds & Instancing)",5464,2022-08-10,16:15,975,-39.28,1.81,-101.93,,
Okamirufu Vizualizer,Install Python Libraries in TouchDesigner  |  Successful Python Installation in Less Than 2 Minutes,https://www.youtube.com/watch?v=jUouJcGDRPk,"Core Fundamentals (Core Fundamentals, Python Scripting & System)",5369,2024-08-09,02:07,127,-31.65,54.36,-33.01,,
The Interactive & Immersive HQ,Easy GLSL Chromatic Aberration in TouchDesigner - TouchDesigner Tutorial 109,https://www.youtube.com/watch?v=UoE1UOqFgLk,GLSL & Shader Programming (GLSL & Shader Programming),5292,2023-08-10,26:10,1570,-44.57,12.71,-112.13,,
Vincent Houzé,Introduction to GLSL in TouchDesigner : 6/8 Overview of the 3D pipeline,https://www.youtube.com/watch?v=rhhPwyjsTDU,"Beginner Guides (Beginner Guides, Core Fundamentals, GLSL & Shader Programming, 3D & Geometry (SOPs))",5252,2019-08-11,38:14,2294,-41.63,17.87,-66.41,,
Shiptonius Trapper,Blending Pointclouds in Touchdesigner,https://www.youtube.com/watch?v=6czR3CBttFA,Beginner Guides (Beginner Guides),5196,2021-08-10,03:40,220,82.69,11.1,17.27,,
Okamirufu Vizualizer,TouchDesigner Tutorial: Create a Synthetic Structure using TOP to POP (Easy),https://www.youtube.com/watch?v=CGxj8BZstMM,"Core Fundamentals (Core Fundamentals, 3D & Geometry (SOPs))",5194,2026-03-12,08:53,533,-98.0,68.07,-2.45,,
Hou2Touch | Stanislav Glazov,TouchDesigner Tutorial: Vertex Shader Deformation in GLSL - 10 Minutes Guide,https://www.youtube.com/watch?v=lahhQXOAz7k,GLSL & Shader Programming (GLSL & Shader Programming),5168,2023-08-10,10:19,619,-58.28,-0.73,-96.74,,
The Interactive & Immersive HQ,How to Map an Immersive Projection Room in TouchDesigner,https://www.youtube.com/watch?v=wWUyP5Ikxl4,Beginner Guides (Beginner Guides),5139,2026-04-11,13:22,802,44.7,26.68,-11.44,,
TouchDesigner,GPU Implementation of SOP to TOP - Quentin Bleton,https://www.youtube.com/watch?v=6n1xT83FvuU,"Core Fundamentals (Core Fundamentals, 3D & Geometry (SOPs))",5025,2020-08-10,03:02:23,10943,-86.11,71.71,-1.79,,
Hou2Touch | Stanislav Glazov,"Demystifying TouchDesigner SOPs 06.  Basic Modeling Tools: Extrude, Revolve, Skin, Sweep SOPs",https://www.youtube.com/watch?v=70oq_GbkcCE,"Core Fundamentals (Core Fundamentals, 3D & Geometry (SOPs))",4972,2024-08-09,08:09,489,-85.9,70.31,18.99,,
bileam tschepe (elekktronaut),Trace POP – TouchDesigner Tutorial 79,https://www.youtube.com/watch?v=EOQ7RM-r6ws,3D & Geometry (SOPs) (3D & Geometry (SOPs)),4748,2026-07-10,13:32,812,-25.24,12.48,103.75,,
偵錯桐人 VerveCode,#Unity #TouchDesigner Projection Mapping Simulate,https://www.youtube.com/watch?v=vQMj4OVpUG4,Projection Mapping (Projection Mapping),4700,2022-08-10,00:31,31,-7.73,110.79,23.96,,
Yea Chen,TouchDesigner experiment :  sharing texture from TOP to OpenCV -  workflow testing.,https://www.youtube.com/watch?v=9g6SBwNlw7E,"Core Fundamentals (Core Fundamentals, Python Scripting & System)",4540,2018-08-11,04:02,242,-40.65,51.9,-28.17,,
Pao Olea,[TD Drop #08] Audio Reactivo – TouchDesigner Tutorial,https://www.youtube.com/watch?v=yWvpRXY0Kyc,Audio Reactivity (Audio Reactivity),4458,2024-08-09,20:10,1210,40.7,-108.65,-60.59,,
Lake Heckaman,TouchDesigner Vertex Shader 01: Instancing and Deformation,https://www.youtube.com/watch?v=aUYDGZ4_afY,"Beginner Guides (Beginner Guides, GLSL & Shader Programming, Point Clouds & Instancing)",4413,2023-08-10,47:07,2827,-31.84,-2.1,-85.83,,
Pixorial,TouchDesigner Beginner Tutorial:  Create FEEDBACK the Easy Way,https://www.youtube.com/watch?v=mDpC_TduoaE,"Beginner Guides (Beginner Guides, Generative Art)",4214,2022-08-10,14:08,848,12.74,-35.92,2.07,,
paketa12,Voronoi tricks II in Touchdesigner,https://www.youtube.com/watch?v=9HXUkqgG43o,Beginner Guides (Beginner Guides),4209,2020-08-10,20:31,1231,98.77,-16.52,6.6,,
The Interactive & Immersive HQ,TouchDesigner Audio Reactive Visuals with GLSL,https://www.youtube.com/watch?v=1pO8rA-vvUo,"Generative Art (Generative Art, GLSL & Shader Programming, Audio Reactivity)",4138,2025-11-12,11:22,682,-20.11,-52.45,-41.02,,
Programming for People,Projection Mapping Toolkit - Episode 2 - Simulating Projection in Touchdesigner - FREE EPISODE,https://www.youtube.com/watch?v=npcrh6Go8cI,"Core Fundamentals (Core Fundamentals, Projection Mapping)",4059,2019-08-11,15:45,945,-49.36,88.46,11.19,,
Josef Pelz,T3D & Point Clouds in TouchDesigner,https://www.youtube.com/watch?v=SfNw7TKxdGA,Point Clouds & Instancing (Point Clouds & Instancing),4004,2025-08-09,16:27,987,-108.27,-30.38,54.02,,
The Interactive & Immersive HQ,GLSL Slit Scan Effect in TouchDesigner,https://www.youtube.com/watch?v=e2on3iwVcEo,GLSL & Shader Programming (GLSL & Shader Programming),3996,2026-02-10,12:08,728,-59.28,14.04,-97.54,,
Lake Heckaman,"Refraction, Transparency and Dispersion: GLSL Materials in TouchDesigner",https://www.youtube.com/watch?v=KR3k7Kj48tU,"GLSL & Shader Programming (GLSL & Shader Programming, 3D & Geometry (SOPs))",3935,2025-08-09,41:59,2519,-68.1,9.5,-101.56,,
Aleksandr Veshchev,Simple projection mapping in touchdesigner preview,https://www.youtube.com/watch?v=8QjQBb35xmU,Projection Mapping (Projection Mapping),3923,2016-08-11,00:21,21,-11.61,107.69,33.86,,
Nima Gazestani,Kinect Skeleton Puppet 3D with Touchdesigner,https://www.youtube.com/watch?v=_Z_HANPaKOM,"3D & Geometry (SOPs) (3D & Geometry (SOPs), Sensors & Tracking)",3912,2020-08-10,00:20,20,-16.4,-21.87,105.57,,
paketa12,unit vector in Touchdesigner,https://www.youtube.com/watch?v=8jkjMcYbcgo,Beginner Guides (Beginner Guides),3715,2020-08-10,33:22,2002,53.92,10.4,20.62,,
Lake Heckaman,GLSL for POPs in TouchDesigner: Lesson 0 (Introduction to GLSL for POPs),https://www.youtube.com/watch?v=s4_xHUEfWlI,"Beginner Guides (Beginner Guides, GLSL & Shader Programming)",3706,2025-10-13,29:04,1744,-32.63,14.11,-78.01,,
Hou2Touch | Stanislav Glazov,Demystifying TouchDesigner SOPs 03. Geometry Attributes,https://www.youtube.com/watch?v=f_MuxUmKAQY,3D & Geometry (SOPs) (3D & Geometry (SOPs)),3664,2024-08-09,05:16,316,-29.32,3.98,106.46,,
Okamirufu Vizualizer,TouchDesigner Tutorial: Hand-Tracked Interactive Orbit Gallery (Easy),https://www.youtube.com/watch?v=9WL-sOtpAXI,Core Fundamentals (Core Fundamentals),3619,2026-05-11,19:57,1197,-71.49,52.41,-14.1,,
P N,Projection Mapping from Blender to Touch Designer with Kantan Mapper,https://www.youtube.com/watch?v=ddqCJI8pSnQ,Projection Mapping (Projection Mapping),3616,2025-08-09,26:36,1596,-0.39,108.12,30.89,,
FTD,"【TouchDesigner】Point Cloud like ""The Matrix"" by Azure Kinect",https://www.youtube.com/watch?v=MdPORYUAtHE,"Point Clouds & Instancing (Point Clouds & Instancing, Sensors & Tracking)",3560,2021-08-10,00:14,14,-106.49,-45.41,62.55,,
Simon Alexander-Adams,Build Texture-Driven 3D Systems in TouchDesigner,https://www.youtube.com/watch?v=FzugbBNACG4,3D & Geometry (SOPs) (3D & Geometry (SOPs)),3549,2026-05-11,56:30,3390,-24.94,-6.5,103.09,,
The Interactive & Immersive HQ,TouchDesigner Tutorial: Procedural 3D Modelling Explained,https://www.youtube.com/watch?v=oyZNUL9iZw0,3D & Geometry (SOPs) (3D & Geometry (SOPs)),3468,2025-12-12,29:26,1766,-10.22,1.82,109.45,,
paketa12,kissing spheres in Touchdesigner,https://www.youtube.com/watch?v=D0O1fCwdy_Y,Beginner Guides (Beginner Guides),3379,2020-08-10,34:16,2056,104.34,19.32,-31.53,,
Matthew Ragan,THP 494 & 598 | Python Lists | TouchDesigner,https://www.youtube.com/watch?v=IV4qEheQy2g,Python Scripting & System (Python Scripting & System),3349,2015-08-12,23:25,1405,7.81,66.07,-48.96,,
Hou2Touch | Stanislav Glazov,Demystifying TouchDesigner SOPs 9. Subdivide Geometry,https://www.youtube.com/watch?v=EyFQXs6QXYY,"Core Fundamentals (Core Fundamentals, 3D & Geometry (SOPs))",3255,2024-08-09,12:18,738,-88.99,70.59,9.08,,
Dean Cheesman,Smooth Point Cloud Sprinkles with UV Unwrapping in TouchDesigner,https://www.youtube.com/watch?v=U0JRJHGIRug,"3D & Geometry (SOPs) (3D & Geometry (SOPs), Point Clouds & Instancing)",3250,2025-08-09,36:55,2215,-23.69,-0.83,82.59,,
eclipsys //,gammarayburst [audio-reactive touchdesigner tutorial 003],https://www.youtube.com/watch?v=dNgxxbph9G8,Audio Reactivity (Audio Reactivity),3229,2025-12-12,13:03,783,49.72,-104.19,-51.18,,
mamo,Motion Sensor to projection mapping Test[TouchDesigner],https://www.youtube.com/watch?v=Z7jAk8CzrCs,"Projection Mapping (Projection Mapping, Sensors & Tracking)",3181,2019-08-11,00:52,52,-24.59,119.2,25.71,,
paketa12,noisecream in TouchDesigner,https://www.youtube.com/watch?v=olsWPtokt5s,Generative Art (Generative Art),3157,2023-08-10,30:31,1831,-38.04,-59.84,-38.56,,
paketa12,banana rays in Touchdesigner,https://www.youtube.com/watch?v=BZDqCeH2Pr4,Beginner Guides (Beginner Guides),3121,2020-08-10,25:35,1535,64.83,23.13,-11.46,,
NSTDesign,Make yout own Projection mapping for free using TouchDesigner,https://www.youtube.com/watch?v=57EmVjaCv28,"Beginner Guides (Beginner Guides, Projection Mapping)",3078,2023-08-10,11:35,695,9.4,91.71,15.8,,
cables_gl,Vertex Textures - Point Clouds and Mesh Instancing from Textures - Introduction,https://www.youtube.com/watch?v=PrkdnENo8wQ,"Beginner Guides (Beginner Guides, 3D & Geometry (SOPs), Point Clouds & Instancing)",3055,2022-08-10,28:27,1707,-7.65,-9.06,48.05,,
Ruben Papacci,Point Cloud Exporter for TouchDesigner,https://www.youtube.com/watch?v=eApzOaA-3oo,"Beginner Guides (Beginner Guides, 3D & Geometry (SOPs), Point Clouds & Instancing)",3012,2025-08-09,23:30,1410,-2.41,-13.05,43.33,,
The Interactive & Immersive HQ,GLSL Shaders for Generative Visuals (TouchDesigner + Claude Code),https://www.youtube.com/watch?v=KwWr-pgW-tY,"Generative Art (Generative Art, GLSL & Shader Programming, Python Scripting & System)",2935,2026-06-10,17:32,1052,-29.96,-44.87,-42.93,,
Tim Franklin,Touchdesigner Tutorial - How To Build Point Sprites in A GLSL Shader,https://www.youtube.com/watch?v=4_7jwBOmY-w,"Core Fundamentals (Core Fundamentals, GLSL & Shader Programming)",2902,2020-08-10,09:07,547,-72.97,32.05,-57.04,,
Hou2Touch | Stanislav Glazov,"Demystifying TouchDesigner SOPs 16. Point, Texture and  Copy SOPs",https://www.youtube.com/watch?v=YPDp2mHIedY,3D & Geometry (SOPs) (3D & Geometry (SOPs)),2898,2024-08-09,09:17,557,-36.14,-1.11,101.96,,
Justin Dwyer,TouchDesigner Intro Vid 1.0,https://www.youtube.com/watch?v=yiSV4u3gwKg,Beginner Guides (Beginner Guides),2887,2017-08-11,05:46,346,47.88,-11.14,-17.83,,
Hou2Touch | Stanislav Glazov,"Demystifying TouchDesigner SOPs 05. Deformers. Twist, Noise and Blend SOPs",https://www.youtube.com/watch?v=G_n7GNh-KiA,"Generative Art (Generative Art, Projection Mapping, 3D & Geometry (SOPs))",2826,2024-08-09,08:54,534,-55.03,-52.82,-43.9,,
FIZZYPOP!,Butterflies: Animating Instanced SOPs with a Vertex Shader in TouchDesigner (Tutorial),https://www.youtube.com/watch?v=aeSX5KhGf5M,"GLSL & Shader Programming (GLSL & Shader Programming, 3D & Geometry (SOPs))",2775,2022-08-10,30:44,1844,-69.99,3.45,-100.84,,
supermarket sallad,TOON SHADER for TouchDesigner POPs,https://www.youtube.com/watch?v=Wo3jlefxeKg,GLSL & Shader Programming (GLSL & Shader Programming),2746,2025-12-12,25:11,1511,-58.96,8.05,-109.39,,
Alex Czetwertynski,01_TouchDesigner088 Channel Referencing in Python,https://www.youtube.com/watch?v=eKM4qbM7aW4,Python Scripting & System (Python Scripting & System),2716,2014-08-12,05:00,300,-5.31,62.03,-59.71,,
Hou2Touch | Stanislav Glazov,TouchDesigner Tutorial: Geometry Rendering with Fresnel Effect in GLSL Shaders in 10 Minutes,https://www.youtube.com/watch?v=8yPe8FBWxw0,"GLSL & Shader Programming (GLSL & Shader Programming, 3D & Geometry (SOPs))",2715,2024-08-09,10:07,607,-73.69,10.8,-97.57,,
Matthew Ragan,Day 2 - SOPs 4/7,https://www.youtube.com/watch?v=OOoE62NDl-Q,3D & Geometry (SOPs) (3D & Geometry (SOPs)),2713,2017-08-11,08:26,506,-23.69,0.72,113.96,,
Okamirufu Vizualizer,TouchDesigner Tutorial: Create an Animated Stars Orb with POPs (Easy),https://www.youtube.com/watch?v=-W-m5ISGINo,"Core Fundamentals (Core Fundamentals, Generative Art)",2696,2026-07-10,08:54,534,-103.84,37.74,-12.92,,
paketa12,flocking simulation: 24K boids in TouchDesigner,https://www.youtube.com/watch?v=z7BuQGqXRyI,Beginner Guides (Beginner Guides),2686,2025-08-09,51:20,3080,55.58,-4.43,-0.37,,
Matige KunstIntelligentie,The Real Slime Shady: Phong Shader Tutorial in TouchDesigner,https://www.youtube.com/watch?v=Q0dlf7HTGYg,GLSL & Shader Programming (GLSL & Shader Programming),2658,2025-08-09,04:05,245,-57.64,3.87,-108.54,,
exsstas,Dinstaning (distance based instancing) tutorial,https://www.youtube.com/watch?v=0Sv1NkZkcrU,"3D & Geometry (SOPs) (3D & Geometry (SOPs), Point Clouds & Instancing)",2647,2020-08-10,33:52,2032,-16.96,-3.0,80.0,,
paketa12,Physarum  in Touchdesigner,https://www.youtube.com/watch?v=o6L4r2DM5WE,Beginner Guides (Beginner Guides),2632,2026-02-10,52:30,3150,79.42,13.14,-11.28,,
Okamirufu Vizualizer,TouchDesigner Tutorial: Create 3D Point Clouds and Geometry Cloning (Easy),https://www.youtube.com/watch?v=otMu4fVKPvA,3D & Geometry (SOPs) (3D & Geometry (SOPs)),2555,2026-04-11,11:45,705,-14.25,4.81,98.91,,
caro villeneuve,TouchDesigner Tutorial : Your First GLSL Pattern,https://www.youtube.com/watch?v=CW8uP0U_sQc,"Generative Art (Generative Art, GLSL & Shader Programming, 3D & Geometry (SOPs))",2458,2026-01-11,13:29,809,-36.51,-46.31,-46.87,,
Lake Heckaman,"Mastering GLSL in TouchDesigner, Lesson 3: Shader Macros, Color Spaces, and Bit Depth in GLSL",https://www.youtube.com/watch?v=Rceu6BjccKM,GLSL & Shader Programming (GLSL & Shader Programming),2454,2025-08-09,27:52,1672,-61.65,22.81,-102.19,,
Hou2Touch | Stanislav Glazov,"Demystifying TouchDesigner SOPs 07. Cutting Geometry Tools: Boolean, Carve, Clip SOPs",https://www.youtube.com/watch?v=hMftDjK1FDM,"Beginner Guides (Beginner Guides, Core Fundamentals, 3D & Geometry (SOPs))",2435,2024-08-09,07:41,461,15.82,-32.05,56.9,,
paketa12,dummy labyrinth in Touchdesigner,https://www.youtube.com/watch?v=h0EaLxHvXS0,Generative Art (Generative Art),2391,2022-08-10,20:42,1242,-38.04,-59.84,-38.56,,
Hou2Touch | Stanislav Glazov,"TouchDesigner SOPs Part 8. Cut Splines.  CurveSect, SurfSect, Trim & Project SOPs",https://www.youtube.com/watch?v=BeJJHSa5WsE,"Core Fundamentals (Core Fundamentals, 3D & Geometry (SOPs))",2362,2024-08-09,09:12,552,-83.36,70.71,10.32,,
臺灣當代文化實驗場 C-LAB,TouchDesigner的音像藝術｜Bileam TSCHEPE,https://www.youtube.com/watch?v=kyxzNJKCNTA,Beginner Guides (Beginner Guides),2262,2022-08-10,51:51,3111,69.65,12.25,6.71,,
The Interactive & Immersive HQ,GLSL Snippets: Chromatic Aberration in TouchDesigner - TouchDesigner Tutorial 181,https://www.youtube.com/watch?v=Chh7hwdP8YE,GLSL & Shader Programming (GLSL & Shader Programming),2248,2025-08-09,19:54,1194,-45.67,11.74,-111.55,,
paketa12,UV is a ruler in TouchDesigner,https://www.youtube.com/watch?v=Z9PQCmg_6l4,Beginner Guides (Beginner Guides),2005,2025-09-13,28:15,1695,68.89,33.0,16.06,,
The Interactive & Immersive HQ,GLSL Effect Porting in TouchDesigner - TouchDesigner Tutorial 203,https://www.youtube.com/watch?v=EjXVGOac3QA,GLSL & Shader Programming (GLSL & Shader Programming),1989,2025-08-09,50:18,3018,-55.92,9.82,-95.8,,
Lake Heckaman,TouchDesigner Quick Tips: Inline Python Expressions for Complex Parametrization,https://www.youtube.com/watch?v=olssRcEd6R8,"Beginner Guides (Beginner Guides, Python Scripting & System)",1979,2024-08-09,18:29,1109,6.84,41.87,-58.22,,
Nima Gazestani,Touchdesigner Text SOP Explosion 3D - PLASMA Version,https://www.youtube.com/watch?v=_yEots7eSvI,"Core Fundamentals (Core Fundamentals, Projection Mapping, 3D & Geometry (SOPs))",1962,2020-08-10,00:28,28,-68.54,78.9,7.77,,
Matthew Ragan,THP 494 & 598 | Python Dictionaries | TouchDesigner,https://www.youtube.com/watch?v=xPu1OYfcyl8,Python Scripting & System (Python Scripting & System),1947,2015-08-12,14:21,861,7.81,66.07,-48.96,,
The Interactive & Immersive HQ,Projection Mapping with TouchDesigner & MadMapper,https://www.youtube.com/watch?v=PPPJjckYifY,"Core Fundamentals (Core Fundamentals, Projection Mapping)",1894,2026-07-19,15:44,944,-51.68,84.37,9.85,,
supermarket sallad,drawing with GLSL - Tutorial TouchDesigner,https://www.youtube.com/watch?v=Vbk6Q6ZWkh8,GLSL & Shader Programming (GLSL & Shader Programming),1859,2026-02-10,44:13,2653,-51.71,8.87,-100.6,,
Seba Soler,Point Clouds in Touchdesigner  (Project 3),https://www.youtube.com/watch?v=ZzhXIcOoOAo,Beginner Guides (Beginner Guides),1739,2022-08-10,01:30,90,56.72,11.88,-0.53,,
paketa12,TOPs vs. POPs in TouchDesigner,https://www.youtube.com/watch?v=tbj1aQIYOnI,Beginner Guides (Beginner Guides),1735,2025-08-09,50:17,3017,65.96,-0.76,9.68,,
MxM,Instancing from video data in TouchDesigner Tutorial,https://www.youtube.com/watch?v=nHyrf6QGGUg,Point Clouds & Instancing (Point Clouds & Instancing),1730,2021-08-10,05:21,321,-92.95,-24.4,56.92,,
paketa12,recursive divisions in TouchDesigner,https://www.youtube.com/watch?v=LHiYJyVXLdA,Beginner Guides (Beginner Guides),1708,2025-09-13,49:17,2957,75.44,-11.43,7.06,,
Jascha Süss,Beat Reactive Visuals - Touchdesigner Tutorial,https://www.youtube.com/watch?v=u3KAPEOWYrc,"Core Fundamentals (Core Fundamentals, Generative Art, 3D & Geometry (SOPs))",1680,2026-06-10,18:01,1081,-100.79,50.14,4.76,,
paketa12,neighbor POP in TouchDesigner,https://www.youtube.com/watch?v=uMo0AUQlkSQ,Beginner Guides (Beginner Guides),1665,2025-08-09,38:45,2325,99.78,12.0,-11.83,,
Hou2Touch | Stanislav Glazov,"Demystifying TouchDesigner SOPs 12. Spline Modeling. Aling, Cap, Fillet- Join and Fit SOPs",https://www.youtube.com/watch?v=k_z9U1pm5Ng,3D & Geometry (SOPs) (3D & Geometry (SOPs)),1653,2024-08-09,12:56,776,-33.54,-2.76,111.72,,
paketa12,UV cuts with Touchdesigner,https://www.youtube.com/watch?v=jy-BQx261pc,Beginner Guides (Beginner Guides),1642,2021-08-10,00:30,30,56.75,32.14,8.55,,
MechBullRodeo,Your first Python Script - TouchDesigner Beginner Tutorial - Automate Loop Custom Component,https://www.youtube.com/watch?v=gGV1dXzBJ5c,"Beginner Guides (Beginner Guides, Python Scripting & System)",1615,2025-08-09,07:28,448,7.7,40.61,-58.42,,
Okamirufu Vizualizer,TouchDesigner Tutorial: Glossy 3D Abstract Geometry (Easy),https://www.youtube.com/watch?v=07o5RHCDI0M,"Core Fundamentals (Core Fundamentals, Generative Art, 3D & Geometry (SOPs))",1613,2026-05-11,05:54,354,-98.34,52.01,7.19,,
Hou2Touch | Stanislav Glazov,TouchDesigner 203 Teaser: Building own geometry Tools using ScriptSOP,https://www.youtube.com/watch?v=CZ3p8qbsaAE,3D & Geometry (SOPs) (3D & Geometry (SOPs)),1596,2021-08-10,01:00,60,-21.53,15.2,116.0,,
Programming for People,Touchdesigner - Manual Twitter scraper!,https://www.youtube.com/watch?v=B4Fu0e0vfCQ,Beginner Guides (Beginner Guides),1595,2017-08-11,29:47,1787,73.89,3.59,-4.48,,
The Interactive & Immersive HQ,TouchDesigner Python Environment Manager Basics,https://www.youtube.com/watch?v=dxWIliLYa-Q,"Beginner Guides (Beginner Guides, Python Scripting & System)",1587,2026-03-12,28:10,1690,6.77,41.82,-58.24,,
jack dilaura,Recreating a Spirograph in TouchDesigner - Another TouchDesigner Tutorial,https://www.youtube.com/watch?v=2TFjKU5YgAU,Core Fundamentals (Core Fundamentals),1553,2021-08-10,49:10,2950,-76.24,47.7,-17.75,,
Hou2Touch | Stanislav Glazov,TouchDesigner 203: Script SOP Videocourse Preview Cuts,https://www.youtube.com/watch?v=Io-HWVk_jXc,"Core Fundamentals (Core Fundamentals, 3D & Geometry (SOPs))",1549,2021-08-10,13:20,800,-78.03,73.52,-4.11,,
The Interactive & Immersive HQ,Creating Your First Vertex Shader in TouchDesigner,https://www.youtube.com/watch?v=tOcH3wtaU5Q,GLSL & Shader Programming (GLSL & Shader Programming),1470,2026-04-11,27:09,1629,-59.27,-0.24,-104.83,,
SARV,Audio Reactive TUTORIAL - Spectral Network,https://www.youtube.com/watch?v=1xBqRqF0DKI,Audio Reactivity (Audio Reactivity),1460,2026-07-10,01:12:36,4356,55.53,-109.1,-54.06,,
The Interactive & Immersive HQ,Using the Logger COMP in TouchDesigner - TouchDesigner Tutorial 155,https://www.youtube.com/watch?v=Koi1g0W5fgY,Core Fundamentals (Core Fundamentals),1446,2024-08-09,28:18,1698,-68.44,43.87,-22.66,,
Ruben Papacci,Vectorising Instances for TOPs and POPs (re_vec),https://www.youtube.com/watch?v=RscIbcy9QQA,Core Fundamentals (Core Fundamentals),1445,2025-08-09,49:29,2969,-80.99,43.16,-26.49,,
Okamirufu Vizualizer,TouchDesigner Tutorial: Build Procedural Geometry Arrays with CHOP Logic (Easy),https://www.youtube.com/watch?v=f25Fvc6Sy3M,"Core Fundamentals (Core Fundamentals, 3D & Geometry (SOPs))",1339,2026-03-12,06:57,417,-99.57,69.98,7.84,,
paketa12,UV partitions in TouchDesigner,https://www.youtube.com/watch?v=NRr4uk7WVPY,Beginner Guides (Beginner Guides),1337,2025-09-13,10:23,623,67.92,31.64,5.42,,
jack dilaura,TouchDesigner Spirograph using CHOPs - Another TouchDesigner Tutorial,https://www.youtube.com/watch?v=CsB95fy4Kf8,Beginner Guides (Beginner Guides),1256,2021-08-10,23:59,1439,61.8,8.63,-43.22,,
Tolch Design,Geometria 3D simple - Tutorial Touchdesigner en español,https://www.youtube.com/watch?v=CH3el69rftU,3D & Geometry (SOPs) (3D & Geometry (SOPs)),1243,2018-08-11,02:40,160,-5.17,-5.78,115.27,,
paketa12,Verlet integration II with TouchDesigner,https://www.youtube.com/watch?v=GORDWzCpOLs,Beginner Guides (Beginner Guides),1185,2023-08-10,00:30,30,91.95,-22.26,0.12,,
sssynthomo,Interactive Particles with KINECT | #touchdesigner,https://www.youtube.com/watch?v=5FLRvU2g2hw,"Point Clouds & Instancing (Point Clouds & Instancing, Sensors & Tracking)",1178,2025-08-09,00:29,29,-98.73,-46.72,55.95,,
Coaction Lab,ART 371 Intro to Touch Designer part 1,https://www.youtube.com/watch?v=122P-THJwHw,"Beginner Guides (Beginner Guides, Generative Art)",1126,2021-08-10,26:34,1594,1.64,-31.89,-4.13,,
Akenbak,"TouchDesigner Tutorial 20 - Parametric Equations: Nephroid (CHOP's,TOP's & Python)",https://www.youtube.com/watch?v=PRy-1SdpxbI,"Core Fundamentals (Core Fundamentals, Python Scripting & System)",1107,2022-08-10,14:52,892,-36.89,63.02,-31.07,,
Pixorial,TouchDesigner Beginner Tutorial #1:  SOP Operators - Create your first shapes and EASY rendering,https://www.youtube.com/watch?v=6o5nbVkzw0g,"Beginner Guides (Beginner Guides, Core Fundamentals, 3D & Geometry (SOPs))",1102,2023-08-10,30:56,1856,32.1,-28.92,55.11,,
Maria Graterol,Geometry in oscillation,https://www.youtube.com/watch?v=cALkCG7ePzE,"Beginner Guides (Beginner Guides, Generative Art, 3D & Geometry (SOPs), Point Clouds & Instancing)",1100,2024-08-09,22:25,1345,-5.27,-18.68,36.48,,
Akenbak,"TouchDesigner Tutorial 8 - Parametric Equations: Eight Curve (CHOP's,TOP's & Python)",https://www.youtube.com/watch?v=7lXs_Imgz04,"Core Fundamentals (Core Fundamentals, Python Scripting & System)",1057,2021-08-10,18:31,1111,-36.84,62.16,-31.07,,
Scott Allen Visual Art,Rectangle SOP in TouchDesigner,https://www.youtube.com/watch?v=JwA8sFI7Z2I,"Core Fundamentals (Core Fundamentals, 3D & Geometry (SOPs))",1053,2023-08-10,00:43,43,-86.41,70.32,1.43,,
Pixorial,TouchDesigner Beginner Tutorial #5:  MAT - Make planet MARS to learn MATerial operators Step-by-Step,https://www.youtube.com/watch?v=V1fOWV9JKkc,"Beginner Guides (Beginner Guides, Core Fundamentals)",1035,2023-08-10,09:31,571,83.03,-24.01,41.74,,
Alex Czetwertynski,02_TouchDesigner 088 Parameter Referencing in Python,https://www.youtube.com/watch?v=8GHlf4AiP_Q,Python Scripting & System (Python Scripting & System),1025,2014-08-12,03:26,206,-5.31,62.03,-59.71,,
MxM,Basic Instancing in Touchdesigner Tutorial,https://www.youtube.com/watch?v=zxtd4O6oEOw,Point Clouds & Instancing (Point Clouds & Instancing),1013,2021-08-10,03:07,187,-100.57,-22.37,58.64,,
Koki Ibukuro,TouchDesigner to Spout to Python,https://www.youtube.com/watch?v=ex_ZU7PoeVU,Python Scripting & System (Python Scripting & System),997,2019-08-11,00:07,7,0.18,60.11,-53.12,,
Kate Brunotts,How to Plant Dance: Beginner TouchDesigner Tutorial 🌷,https://www.youtube.com/watch?v=64laCbjaQj8,Beginner Guides (Beginner Guides),972,2026-04-11,08:25,505,78.79,-12.43,-8.92,,
paketa12,UV slices in TouchDesigner,https://www.youtube.com/watch?v=e5KOjleTEBo,Beginner Guides (Beginner Guides),969,2025-09-13,33:31,2011,76.72,38.34,6.4,,
paketa12,custom limit in TouchDesigner,https://www.youtube.com/watch?v=pIbdKE_2g-E,Point Clouds & Instancing (Point Clouds & Instancing),961,2025-09-13,20:28,1228,-108.74,-17.7,57.63,,
Ian Shelanskey,Let's Talk TouchDesigner Episode 3,https://www.youtube.com/watch?v=kzyWYljXyDw,Python Scripting & System (Python Scripting & System),958,2018-08-11,51:18,3078,-1.5,71.91,-50.08,,
Akenbak,"TouchDesigner Tutorial 12 - Parametric Equations: Trifolium (CHOP's,TOP's & Python)",https://www.youtube.com/watch?v=BEIxzroL-Hc,"Core Fundamentals (Core Fundamentals, Python Scripting & System)",950,2021-08-10,16:46,1006,-36.88,62.88,-31.07,,
Pao Olea,[TD Drop #30] Wings Effect  - TouchDesigner Tutorial,https://www.youtube.com/watch?v=ls7k41ND2UY,"Core Fundamentals (Core Fundamentals, 3D & Geometry (SOPs))",943,2026-07-19,21:36,1296,-88.49,81.23,4.35,,
Priam Givord,Orchard Point Cloud 1 - In VR - Touch Designer,https://www.youtube.com/watch?v=cdxTsFm58Bc,Point Clouds & Instancing (Point Clouds & Instancing),938,2017-08-11,00:35,35,-120.0,-29.74,57.36,,
Lake Heckaman,GLSL for POPs in TouchDesigner: Lesson 5 (GLSL Copy POP - Hairy Banana),https://www.youtube.com/watch?v=czmRqr515nw,GLSL & Shader Programming (GLSL & Shader Programming),922,2025-11-12,03:50,230,-44.38,18.64,-100.49,,
eclipsys //,echoforms [audio-reactive touchdesigner tutorial 004],https://www.youtube.com/watch?v=_ohGu_afctg,Audio Reactivity (Audio Reactivity),921,2026-07-10,14:48,888,43.32,-107.58,-50.8,,
paketa12,Normals in Touchdesigner,https://www.youtube.com/watch?v=TC5tVlDtpb4,Beginner Guides (Beginner Guides),881,2025-09-13,40:52,2452,73.89,3.59,-4.48,,
paketa12,balloons collision in TouchDesigner,https://www.youtube.com/watch?v=hk3TafkP-yk,Beginner Guides (Beginner Guides),861,2026-02-10,24:46,1486,81.99,10.2,-7.01,,
Pao Olea,[TD Drop #26] Twister Sculpting - TouchDesigner Tutorial,https://www.youtube.com/watch?v=QEvjo8kXBjA,Generative Art (Generative Art),835,2026-06-10,19:32,1172,-34.0,-67.31,-47.63,,
reflekkt,Turn ANY Object into Art with AI Projection Mapping (Free Workflow),https://www.youtube.com/watch?v=pojsBrRqKgw,"Core Fundamentals (Core Fundamentals, Generative Art, Projection Mapping)",809,2026-07-26,13:04,784,-45.58,79.2,9.39,,
Music Hackspace,"TouchDesigner Meetup - Shaders - Jul 2021 / J. Luis Pelz, L. Lessél, T. Blankensmith & P. Whidden",https://www.youtube.com/watch?v=t2NHCtMGJwQ,GLSL & Shader Programming (GLSL & Shader Programming),808,2022-08-10,01:07:22,4042,-65.79,15.99,-112.93,,
Madelaine Fischer-Bernhut,Projection Mapping in TouchDesigner Design 1,https://www.youtube.com/watch?v=JhVVAadxKa8,Projection Mapping (Projection Mapping),803,2019-08-11,00:14,14,-5.31,106.3,16.97,,
Unveil,"42 Python in Touchdesigner : ""0 to Her0"" :: Engine Based Mediaplayer #touchdesigner",https://www.youtube.com/watch?v=knTkfUkiF_Q,Python Scripting & System (Python Scripting & System),796,2025-08-09,22:24,1344,-13.94,61.04,-54.44,,
Basement Vibes,ReaRouteTD Pt2: 2BASICS 2BOOGALOO (TouchDesigner Tutorial),https://www.youtube.com/watch?v=vETkv4QVDrI,"Beginner Guides (Beginner Guides, Audio Reactivity)",760,2022-08-10,20:55,1255,47.26,-57.58,-25.13,,
Lake Heckaman,GLSL for POPs in TouchDesigner: Lesson 3 (Interference Patterns + Multiple Inputs),https://www.youtube.com/watch?v=Fbgye7-j-Wg,"Generative Art (Generative Art, GLSL & Shader Programming)",750,2025-11-12,05:42,342,-32.9,-47.85,-47.06,,
Markus Heckmann,Building a MoviePlayer - TouchDesigner 202 Workshop Berlin 15th of December 2018,https://www.youtube.com/watch?v=tnLynv_At-0,Python Scripting & System (Python Scripting & System),706,2019-08-11,01:50:19,6619,-3.39,67.52,-43.15,,
Music Hackspace,"TouchDesigner Meetup - Audio Visualisation - Apr 2021 / I. MacLachlan, J-F. Renaud, B. Tschepe",https://www.youtube.com/watch?v=R2Qys-AMrm0,Audio Reactivity (Audio Reactivity),703,2021-08-10,01:14:36,4476,51.36,-109.52,-66.87,,
paketa12,texture anything in Touchdesigner,https://www.youtube.com/watch?v=yaW5XC4HGdE,Beginner Guides (Beginner Guides),701,2026-02-10,13:13,793,73.77,24.14,-25.93,,
Kousei Ikeda,TouchDesigner : Basic SOP Instancing,https://www.youtube.com/watch?v=XPB7RgnPMss,"Core Fundamentals (Core Fundamentals, 3D & Geometry (SOPs), Point Clouds & Instancing)",677,2021-08-10,01:47,107,-75.97,48.55,15.05,,
paketa12,Ramps in TouchDesigner,https://www.youtube.com/watch?v=vdje-kWmhjk,Beginner Guides (Beginner Guides),641,2026-02-10,14:30,870,73.04,13.06,-8.78,,
paketa12,magnifying glass in Touchdesigner,https://www.youtube.com/watch?v=kYOnhq--534,Beginner Guides (Beginner Guides),630,2025-09-13,18:28,1108,82.98,5.79,-12.26,,
Pixorial,"TouchDesigner Beginner Tutorial #4:  COMP Operators - You MUST become familiar with this ""GCL"" setup",https://www.youtube.com/watch?v=WINRxoq65KI,"Beginner Guides (Beginner Guides, Core Fundamentals, 3D & Geometry (SOPs))",610,2023-08-10,08:33,513,28.27,-33.58,58.1,,
Lake Heckaman,GLSL for POPs in TouchDesigner: Lesson 6 (GLSL Advanced POP - Voronoi Fracture pt. 1),https://www.youtube.com/watch?v=-e26RWFLFPc,GLSL & Shader Programming (GLSL & Shader Programming),585,2025-12-12,07:52,472,-49.81,21.63,-96.55,,
paketa12,custom shapes packing in TouchDesigner,https://www.youtube.com/watch?v=I-b_tm1n1yo,Beginner Guides (Beginner Guides),578,2026-02-10,39:47,2387,100.9,33.82,-26.82,,
paketa12,flying tinsel in Touchdesigner,https://www.youtube.com/watch?v=yjZx1RvewLQ,"Core Fundamentals (Core Fundamentals, Point Clouds & Instancing)",560,2025-09-13,30:55,1855,-67.39,40.55,4.35,,
paketa12,spherical map in Touchdesigner,https://www.youtube.com/watch?v=KewW9pfw6_8,Beginner Guides (Beginner Guides),551,2025-09-13,15:22,922,48.0,24.19,-11.23,,
TheTouchLab,TouchOut - Control Your Computer with Touchdesigner,https://www.youtube.com/watch?v=1Ve9hxUQMn8,Beginner Guides (Beginner Guides),539,2024-08-09,02:31,151,79.97,27.46,-11.33,,
paketa12,a lighthouse and two boats ...in TouchDesigner,https://www.youtube.com/watch?v=vtvD9KeKNOs,Beginner Guides (Beginner Guides),499,2026-02-10,04:48,288,81.71,5.24,-5.26,,
Wingto Kwong,Tutorial 001 TouchDesigner,https://www.youtube.com/watch?v=8LMmNu2Obas,Beginner Guides (Beginner Guides),489,2020-08-10,02:56,176,54.7,4.92,-14.48,,
Anilom Vj,Making Audio Reactive GLSL Shaders in TouchDesigner,https://www.youtube.com/watch?v=KPeeei4olRk,"GLSL & Shader Programming (GLSL & Shader Programming, Audio Reactivity)",484,2026-06-10,07:15,435,-55.81,12.38,-120.0,,
paketa12,hex grid in Touchdesigner,https://www.youtube.com/watch?v=GXTIoDjMSug,Beginner Guides (Beginner Guides),480,2025-09-13,08:26,506,105.52,-3.75,-17.69,,
MechBullRodeo,Flexible audio-reactivity tool - Python beginners - Touchdesigner Tutorial,https://www.youtube.com/watch?v=gjEyvkycfcY,"Audio Reactivity (Audio Reactivity, Python Scripting & System)",477,2026-02-10,15:26,926,43.23,-95.48,-67.22,,
paketa12,UV mountains in Touchdesigner,https://www.youtube.com/watch?v=DNvrblmsP6s,Beginner Guides (Beginner Guides),475,2025-09-13,18:22,1102,67.92,31.64,5.42,,
Priam Givord,Orchard Point Cloud 2 - In VR - Touch Designer,https://www.youtube.com/watch?v=YvoW4jmlNXc,Point Clouds & Instancing (Point Clouds & Instancing),468,2017-08-11,00:42,42,-120.0,-29.74,57.36,,
Digital on Stage,Signal & Code (Part 5) - Projection Mapping Made Easy: Kantan Mapper in TouchDesigner| MMAD Festival,https://www.youtube.com/watch?v=kEKQrEWn8v0,"GLSL & Shader Programming (GLSL & Shader Programming, Projection Mapping, Python Scripting & System)",465,2025-08-09,05:20,320,-48.42,27.2,-115.85,,
HappyNES,How to use Python in Touch Designer,https://www.youtube.com/watch?v=aHdtWkL7KwA,Python Scripting & System (Python Scripting & System),463,2018-08-11,02:05,125,-8.02,70.85,-56.81,,
nkz,python(FoxDot) + TouchDesigner Test carbon,https://www.youtube.com/watch?v=hjOxabi87G8,Python Scripting & System (Python Scripting & System),463,2023-08-10,02:20,140,-0.7,58.86,-46.06,,
fxduke_108,How to Store & Switch Camera Views in TouchDesigner,https://www.youtube.com/watch?v=gRUIc6a-P7s,3D & Geometry (SOPs) (3D & Geometry (SOPs)),453,2025-11-12,02:42,162,-18.74,1.5,107.0,,
paketa12,visualizing vectors in Touchdesigner,https://www.youtube.com/watch?v=U5XT46hLpEE,Beginner Guides (Beginner Guides),449,2025-09-13,20:05,1205,85.24,19.44,1.4,,
paketa12,fireworks in Touchdesigner,https://www.youtube.com/watch?v=fH9UyzzM1sc,Beginner Guides (Beginner Guides),449,2025-09-13,29:12,1752,73.3,10.83,-15.34,,
liu jack,Create MAGIC with TouchDesigner + Kinect! 🎨✨ Interactive Wall Projection Tutorial,https://www.youtube.com/watch?v=pi-gCTNmFPM,Sensors & Tracking (Sensors & Tracking),443,2025-08-09,00:38,38,-64.74,-98.85,58.15,,
Kousei Ikeda,"TouchDesigner : Geometry Viewer, Display Flag",https://www.youtube.com/watch?v=sO5WNEFuQ4Y,3D & Geometry (SOPs) (3D & Geometry (SOPs)),437,2021-08-10,01:10,70,-18.67,3.52,106.49,,
paketa12,line segment SDF in Touchdesigner,https://www.youtube.com/watch?v=j-_e-dDGSEY,Beginner Guides (Beginner Guides),429,2025-09-13,15:52,952,95.53,-3.97,-8.44,,
paketa12,random walker in TouchDesigner,https://www.youtube.com/watch?v=5A0l5V_Bmpk,Beginner Guides (Beginner Guides),428,2025-09-13,10:39,639,75.62,10.89,-4.68,,
Ham Freeze,"Make livestreams INTERACTIVE using Heat, Python, and Touch Designer | April 21, 2022",https://www.youtube.com/watch?v=NtGn-UzgnZ4,Python Scripting & System (Python Scripting & System),422,2022-08-10,10:00,600,0.88,72.76,-59.58,,
Yi Shi,Touch Designer week4 3D geometry,https://www.youtube.com/watch?v=EDoKJ9-IBac,3D & Geometry (SOPs) (3D & Geometry (SOPs)),413,2023-08-10,00:32,32,-17.55,-5.29,104.99,,
Pixorial,"TouchDesigner Beginner Tutorial #2:  TOP operators (Super Easy, Step-by-Step)",https://www.youtube.com/watch?v=6UK3seKIjw0,"Beginner Guides (Beginner Guides, Core Fundamentals)",411,2023-08-10,28:08,1688,84.27,-22.15,41.16,,
fxduke_108,Easy GLSL UV Tricks & Texture Distortion Wizardry for Beginners in TouchDesigner,https://www.youtube.com/watch?v=5X63PDrhmWE,"Beginner Guides (Beginner Guides, GLSL & Shader Programming)",403,2025-11-12,04:26,266,-23.86,5.98,-76.44,,
NC State University Libraries YouTube Channel,Procedural Coding in Touch Designer with Ian,https://www.youtube.com/watch?v=VC7zo8T4Gl0,Core Fundamentals (Core Fundamentals),395,2023-08-10,01:37:17,5837,-71.42,54.1,-31.27,,
Bryan Chung,TouchDesigner ScriptCHOP Introduction (with Face Detection),https://www.youtube.com/watch?v=ALfLh5d3cVU,"Beginner Guides (Beginner Guides, GLSL & Shader Programming, Python Scripting & System)",394,2025-08-09,37:33,2253,-18.57,19.18,-69.52,,
paketa12,close-packing spheres in Touchdesigner,https://www.youtube.com/watch?v=RDoAOpH-bPg,Beginner Guides (Beginner Guides),387,2025-09-13,46:30,2790,105.43,21.64,-32.11,,
Hardware Haquer (Austin Stewart),TouchDesigner Intro Tutorial,https://www.youtube.com/watch?v=UXWa491odEU,Beginner Guides (Beginner Guides),370,2023-08-10,43:57,2637,53.92,-10.35,-21.79,,
paketa12,UV Picking in TouchDesigner,https://www.youtube.com/watch?v=twvLEQ7KkpI,Core Fundamentals (Core Fundamentals),365,2025-09-13,11:39,699,-75.46,50.39,-21.17,,
paketa12,conditioned feedback in TouchDesigner,https://www.youtube.com/watch?v=oZK3O2QYVWQ,"Core Fundamentals (Core Fundamentals, Generative Art)",360,2025-09-13,12:25,745,-99.27,35.86,-5.58,,
Rob Duarte,Keypresses (and a bit of Python) in TouchDesigner,https://www.youtube.com/watch?v=DOMDHzqn38c,"Core Fundamentals (Core Fundamentals, Python Scripting & System)",355,2025-10-13,17:45,1065,-36.07,54.04,-31.36,,
sssynthomo,Audio Reactive Plexus in TouchDesigner (Python + OpenCV FLANN),https://www.youtube.com/watch?v=3NlV9DcXtnI,"Core Fundamentals (Core Fundamentals, Audio Reactivity, Python Scripting & System)",355,2026-02-10,11:28,688,-38.36,47.8,-23.95,,
Ohm Visuals,TouchDesigner Linework Effect - Projection Mapping #2,https://www.youtube.com/watch?v=5oCMLPel79o,"Projection Mapping (Projection Mapping, Audio Reactivity)",351,2025-12-12,21:10,1270,-9.24,118.34,30.86,,
paketa12,'compute shader' with TOPs in Touchdesigner,https://www.youtube.com/watch?v=D7HCY_KGezs,GLSL & Shader Programming (GLSL & Shader Programming),344,2025-09-13,20:40,1240,-52.82,1.73,-112.78,,
Hou2Touch | Stanislav Glazov,HOU2TOUCH. Level 101. Module 2. Lesson 6. Python in TouchDesigner,https://www.youtube.com/watch?v=eCvoVzgipfM,"Core Fundamentals (Core Fundamentals, Python Scripting & System)",315,2022-08-10,00:59,59,-36.29,53.14,-33.78,,
paketa12,blade of grass in TouchDesigner,https://www.youtube.com/watch?v=z_iB0Ty2nRM,Beginner Guides (Beginner Guides),305,2025-09-13,04:41,281,82.98,5.79,-12.26,,
sara rueda,Kinect 360 + TouchDesigner,https://www.youtube.com/watch?v=vcwCxmOHjJw,Sensors & Tracking (Sensors & Tracking),259,2020-08-10,00:30,30,-55.03,-103.87,61.74,,
Milan's Data Stories,Mapping 2125: Predicting Future Population with Python & TouchDesigner | #30DayMapChallenge (12/30),https://www.youtube.com/watch?v=n2iWXKornBc,"Projection Mapping (Projection Mapping, Python Scripting & System)",253,2025-12-12,34:11,2051,-11.47,108.2,6.4,,
paketa12,mesh a spiral in Touchdesigner,https://www.youtube.com/watch?v=XluOmWAuUIA,3D & Geometry (SOPs) (3D & Geometry (SOPs)),232,2025-09-13,32:52,1972,-18.32,7.16,112.07,,
paketa12,perpendicular vector in Touchdesigner,https://www.youtube.com/watch?v=Q8KorWO2NW4,Beginner Guides (Beginner Guides),224,2025-09-13,24:57,1497,53.92,10.4,20.62,,
paketa12,divide the angle in Touchdesigner,https://www.youtube.com/watch?v=YXOiS0orhLk,Beginner Guides (Beginner Guides),211,2025-09-13,21:20,1280,69.0,3.52,-10.84,,
Latria,Instancing and Point Clouds - First Sketch,https://www.youtube.com/watch?v=Jeb2umD8mCI,"Core Fundamentals (Core Fundamentals, Point Clouds & Instancing)",205,2021-08-10,06:48,408,-66.46,39.44,6.95,,
paketa12,möbius SOP in Touchdesigner,https://www.youtube.com/watch?v=4nEJP31DwM0,"Core Fundamentals (Core Fundamentals, 3D & Geometry (SOPs))",196,2025-09-13,55:37,3337,-86.41,70.32,1.43,,
Tiago Aragona,TouchDesginer Tutorial - PointClouds and Instancing 3D Models,https://www.youtube.com/watch?v=9ITTtr7TaGk,"3D & Geometry (SOPs) (3D & Geometry (SOPs), Point Clouds & Instancing)",178,2025-08-09,14:51,891,-10.22,-4.96,85.04,,
dot twentythree,curlNoise 3 - Mona Lisa Overdrive - GLSL shader - Touchdesigner example,https://www.youtube.com/watch?v=P6aY37oW-10,GLSL & Shader Programming (GLSL & Shader Programming),168,2022-08-10,01:50,110,-57.39,9.96,-105.75,,
purplebubbletea,Basic waterfall Projection Mapping using stoner（TouchDesigner）,https://www.youtube.com/watch?v=yxa86AB6UAI,Projection Mapping (Projection Mapping),161,2026-02-10,05:59,359,0.64,113.88,20.58,,
